
[0;34m[INF][2026-09-14 00:24:56][0m --- Cycle 1/1 ---
Already up to date.
============================================
  Preflight Mount Audit — Emacboros
  2026-09-14T03:24:57Z
============================================

--- Phase 1: /proc/mounts scan ---

--- Phase 2: Writability tests ---
[0;32m[PASS][0m /root/.emacs.d/.git/hooks — does not exist
[0;32m[PASS][0m /var/run/docker.sock — does not exist
[0;32m[PASS][0m /etc/cron.d — does not exist
[0;32m[PASS][0m /var/spool/cron — does not exist
[0;32m[PASS][0m /etc/systemd/system — directory is read-only
[0;32m[PASS][0m /etc/systemd — directory is read-only

--- Phase 3: Capability audit ---
[0;32m[PASS][0m CAP_DAC_OVERRIDE (bit 1) is not set — can bypass file read/write/execute permissions
[0;32m[PASS][0m CAP_SYS_ADMIN (bit 21) is not set — broad system administration (mount, namespaces, etc.)
[0;32m[PASS][0m CAP_SETUID (bit 7) is not set — can change process UID
[0;32m[PASS][0m CAP_SETGID (bit 6) is not set — can change process GID
[0;32m[PASS][0m CAP_MKNOD (bit 27) is not set — can create special device files
[0;32m[PASS][0m CAP_NET_RAW (bit 13) is SET (expected) — can create raw network sockets (needed for nmap/traceroute)
[0;32m[PASS][0m CAP_NET_BIND_SERVICE (bit 10) is SET (expected) — can bind to ports < 1024
[0;32m[PASS][0m CAP_FOWNER (bit 3) is not set — can bypass file ownership checks
[0;32m[PASS][0m CAP_SETFCAP (bit 31) is not set — can set file capabilities

--- Phase 4: Host mount audit ---
Writable real-filesystem mounts:
[0;33m[WARN][0m Host mount: /sys/kernel/security (securityfs, rw,nosuid,nodev,noexec,relatime)
[0;33m[WARN][0m Host mount: /sys/fs/cgroup (cgroup2, rw,seclabel,nosuid,nodev,noexec,relatime,nsdelegate,memory_recursiveprot,memory_hugetlb_accounting)
[0;33m[WARN][0m Host mount: /sys/fs/pstore (pstore, rw,seclabel,nosuid,nodev,noexec,relatime)
[0;33m[WARN][0m Host mount: /sys/firmware/efi/efivars (efivarfs, rw,nosuid,nodev,noexec,relatime)
[0;33m[WARN][0m Host mount: /sys/fs/bpf (bpf, rw,nosuid,nodev,noexec,relatime,mode=700)
[0;33m[WARN][0m Host mount: /sys/kernel/config (configfs, rw,nosuid,nodev,noexec,relatime)
[0;33m[WARN][0m Host mount: /sys/fs/selinux (selinuxfs, rw,nosuid,noexec,relatime)
[0;33m[WARN][0m Host mount: /sys/fs/fuse/connections (fusectl, rw,nosuid,nodev,noexec,relatime)
[0;33m[WARN][0m Host mount: /sys/kernel/debug (debugfs, rw,seclabel,nosuid,nodev,noexec,relatime)
[0;33m[WARN][0m Host mount: /sys/kernel/debug/tracing (tracefs, rw,seclabel,nosuid,nodev,noexec,relatime)
[0;33m[WARN][0m Host mount: /sys/kernel/tracing (tracefs, rw,seclabel,nosuid,nodev,noexec,relatime)
[0;33m[WARN][0m Host mount: /root/.emacs.d (btrfs, rw,seclabel,relatime,compress=zstd:1,ssd,discard=async,space_cache=v2,subvolid=256,subvol=/root)
[0;33m[WARN][0m Host mount: /root/personalization (btrfs, rw,seclabel,relatime,compress=zstd:1,ssd,discard=async,space_cache=v2,subvolid=256,subvol=/root)
[0;33m[WARN][0m Host mount: /root/i.ar (btrfs, rw,seclabel,relatime,compress=zstd:1,ssd,discard=async,space_cache=v2,subvolid=256,subvol=/root)
[0;33m[WARN][0m Host mount: /root/i.ar/prompts (btrfs, rw,seclabel,relatime,compress=zstd:1,ssd,discard=async,space_cache=v2,subvolid=256,subvol=/root)
[0;33m[WARN][0m Host mount: /root/.emacs.d/gptel-fork (btrfs, rw,seclabel,relatime,compress=zstd:1,ssd,discard=async,space_cache=v2,subvolid=256,subvol=/root)
[0;33m[WARN][0m Host mount: /root/.emacs.d/metaconfig (btrfs, rw,seclabel,relatime,compress=zstd:1,ssd,discard=async,space_cache=v2,subvolid=256,subvol=/root)

============================================
[0;32m  PREFLIGHT PASSED[0m
============================================
Loading /root/.emacs.d/configs/paths.el (source)...
Loading /root/.emacs.d/configs/predicates.el (source)...
Loading /root/.emacs.d/configs/keybindings.el (source)...
Loading /root/.emacs.d/configs/delimiters.el (source)...
Loading /root/.emacs.d/configs/git.el (source)...
Loading /root/.emacs.d/configs/fork.el (source)...
Loading /root/.emacs.d/configs/delegate.el (source)...
Loading /root/.emacs.d/configs/cycle.el (source)...
Loading /root/.emacs.d/configs/loop-guard.el (source)...
Loading /root/.emacs.d/configs/memory.el (source)...
Loading /root/.emacs.d/configs/file-guard.el (source)...
Loading /root/.emacs.d/configs/tool-limits.el (source)...
Loading /root/.emacs.d/configs/tasks.el (source)...
Loading /root/.emacs.d/configs/mcp.el (source)...
Loading /root/.emacs.d/init.d/shared/iar-utils.el (source)...
Loading /root/.emacs.d/init.d/shared/iar-agent-utils.el (source)...
Loading /root/.emacs.d/init.d/core/iar-locale.el (source)...
Loading /root/.emacs.d/init.d/core/iar-package-setup.el (source)...
Loading /root/.emacs.d/init.d/core/iar-ui-cleanup.el (source)...
Loading /root/.emacs.d/init.d/core/iar-evil-mode.el (source)...
Loading /root/.emacs.d/init.d/core/iar-gptel-setup.el (source)...
[gptel] Using fork from /root/.emacs.d/gptel-fork (overriding ELPA package)
Loading /root/.emacs.d/configs/gptel.el (source)...
Loading /root/.emacs.d/init.d/core/iar-mcp-setup.el (source)...
Loading /root/.emacs.d/init.d/tool-call/iar-malformed-args.el (source)...
Loading /root/.emacs.d/init.d/tool-call/iar-tool-call.el (source)...
[tool-call] Layer installed
Loading /root/.emacs.d/init.d/tool-call/iar-tool-result-timestamp.el (source)...
Loading /root/.emacs.d/init.d/tool-call/iar-tool-result-budget.el (source)...
Loading /root/.emacs.d/init.d/tool-call/iar-request-log.el (source)...
[request-log] Witness installed
Loading /root/.emacs.d/init.d/tool-call/iar-context-fence.el (source)...
Loading /root/.emacs.d/init.d/tool-call/iar-msgs-fence.el (source)...
Loading /root/.emacs.d/init.d/tool-call/iar-request-watchdog.el (source)...
[watchdog] Request watchdog installed
Loading /root/.emacs.d/init.d/tool-call/iar-text-mode-detector.el (source)...
Loading /root/.emacs.d/init.d/agent/iar-prompt-loader.el (source)...
Loading /root/.emacs.d/init.d/core/iar-mount-awareness.el (source)...
Loading /root/.emacs.d/init.d/core/iar-rate-limit.el (source)...
Loading /root/.emacs.d/init.d/security/iar-output-sanitizer.el (source)...
Loading /root/.emacs.d/init.d/security/iar-file-guard.el (source)...
Loading /root/.emacs.d/init.d/security/iar-audit-log.el (source)...
Loading /root/.emacs.d/init.d/security/iar-loop-guard.el (source)...
Loading /root/.emacs.d/init.d/security/iar-loop-guard-chain.el (source)...
Loading /root/.emacs.d/init.d/security/iar-tool-guard.el (source)...
Loading /root/.emacs.d/init.d/security/iar-utf8-scrub.el (source)...
Loading /root/.emacs.d/init.d/tools/filesystem/list_directory.el (source)...
Loading /root/.emacs.d/init.d/tools/filesystem/read_file.el (source)...
Loading /root/.emacs.d/init.d/tools/filesystem/write_file.el (source)...
Loading /root/.emacs.d/init.d/tools/filesystem/append_file.el (source)...
Loading /root/.emacs.d/init.d/tools/code/execute_code_local.el (source)...
Loading /root/.emacs.d/init.d/tools/code/execute_code_remote.el (source)...
Loading /root/.emacs.d/init.d/tools/code/check_elisp.el (source)...
Loading /root/.emacs.d/init.d/tools/tasks/read_task.el (source)...
Loading /root/.emacs.d/init.d/tools/tasks/create_task.el (source)...
Loading /root/.emacs.d/init.d/tools/tasks/write_subtask.el (source)...
Loading /root/.emacs.d/init.d/tools/tasks/remove_task.el (source)...
Loading /root/.emacs.d/init.d/tools/tasks/read_history.el (source)...
Loading /root/.emacs.d/init.d/tools/tasks/read_roadmap.el (source)...
Loading /root/.emacs.d/init.d/tools/tasks/write_roadmap.el (source)...
Loading /root/.emacs.d/init.d/tools/notify/telegram.el (source)...
Loading /root/.emacs.d/init.d/tools/git/git_commit.el (source)...
Loading /root/.emacs.d/init.d/tools/knowledge/read_knowledge.el (source)...
Loading /root/.emacs.d/init.d/agent/iar-project-parser.el (source)...
Loading /root/.emacs.d/init.d/agent/iar-prompt-assembly.el (source)...
Loading /root/.emacs.d/init.d/agent/iar-agent-loader.el (source)...
Loading /root/.emacs.d/init.d/agent/iar-knowledge-loader.el (source)...
Loading /root/.emacs.d/init.d/agent/iar-buffer-info.el (source)...
Loading /root/.emacs.d/init.d/tools/agent/delegate.el (source)...
Loading /root/.emacs.d/init.d/tools/agent/reload_os.el (source)...
Loading /root/.emacs.d/init.d/tools/agent/reload_agent.el (source)...
Loading /root/.emacs.d/init.d/tools/agent/read_own_prompt.el (source)...
Loading /root/.emacs.d/init.d/agent/iar-guidelines-checker.el (source)...
Loading /root/.emacs.d/init.d/agent/iar-agent-cycle.el (source)...
Loading /root/.emacs.d/init.d/debug/iar-status-mode.el (source)...
[status-mode] Installed
Loading /root/.emacs.d/init.d/session/iar-quit.el (source)...
[continuo] Starting cycle with 3600s timeout (archetype: aria-cycle, project: iar, cycle: continuo_daily)
[continuo] Assembled prompt: 41696 chars (~10424 tokens), 21 tools
[continuo] Sending cycle prompt to continuo agent...
Querying Ollama...
[continuo] Cycle complete. Turns: 1, Tool calls: 34, Exit: 0
Tokens: 1143659 in / 28757 out / 1172416 total
Requests: 35
[0;32m[INF][2026-09-14 00:38:17][0m Cycle 1 succeeded in 801s (exit 0)

[0;34m[INF][2026-09-14 00:44:09][0m --- Cycle 1/1 ---
Already up to date.
============================================
  Preflight Mount Audit — Emacboros
  2026-09-14T03:44:09Z
============================================

--- Phase 1: /proc/mounts scan ---

--- Phase 2: Writability tests ---
[0;32m[PASS][0m /root/.emacs.d/.git/hooks — does not exist
[0;32m[PASS][0m /var/run/docker.sock — does not exist
[0;32m[PASS][0m /etc/cron.d — does not exist
[0;32m[PASS][0m /var/spool/cron — does not exist
[0;32m[PASS][0m /etc/systemd/system — directory is read-only
[0;32m[PASS][0m /etc/systemd — directory is read-only

--- Phase 3: Capability audit ---
[0;32m[PASS][0m CAP_DAC_OVERRIDE (bit 1) is not set — can bypass file read/write/execute permissions
[0;32m[PASS][0m CAP_SYS_ADMIN (bit 21) is not set — broad system administration (mount, namespaces, etc.)
[0;32m[PASS][0m CAP_SETUID (bit 7) is not set — can change process UID
[0;32m[PASS][0m CAP_SETGID (bit 6) is not set — can change process GID
[0;32m[PASS][0m CAP_MKNOD (bit 27) is not set — can create special device files
[0;32m[PASS][0m CAP_NET_RAW (bit 13) is SET (expected) — can create raw network sockets (needed for nmap/traceroute)
[0;32m[PASS][0m CAP_NET_BIND_SERVICE (bit 10) is SET (expected) — can bind to ports < 1024
[0;32m[PASS][0m CAP_FOWNER (bit 3) is not set — can bypass file ownership checks
[0;32m[PASS][0m CAP_SETFCAP (bit 31) is not set — can set file capabilities

--- Phase 4: Host mount audit ---
Writable real-filesystem mounts:
[0;33m[WARN][0m Host mount: /sys/kernel/security (securityfs, rw,nosuid,nodev,noexec,relatime)
[0;33m[WARN][0m Host mount: /sys/fs/cgroup (cgroup2, rw,seclabel,nosuid,nodev,noexec,relatime,nsdelegate,memory_recursiveprot,memory_hugetlb_accounting)
[0;33m[WARN][0m Host mount: /sys/fs/pstore (pstore, rw,seclabel,nosuid,nodev,noexec,relatime)
[0;33m[WARN][0m Host mount: /sys/firmware/efi/efivars (efivarfs, rw,nosuid,nodev,noexec,relatime)
[0;33m[WARN][0m Host mount: /sys/fs/bpf (bpf, rw,nosuid,nodev,noexec,relatime,mode=700)
[0;33m[WARN][0m Host mount: /sys/kernel/config (configfs, rw,nosuid,nodev,noexec,relatime)
[0;33m[WARN][0m Host mount: /sys/fs/selinux (selinuxfs, rw,nosuid,noexec,relatime)
[0;33m[WARN][0m Host mount: /sys/fs/fuse/connections (fusectl, rw,nosuid,nodev,noexec,relatime)
[0;33m[WARN][0m Host mount: /sys/kernel/debug (debugfs, rw,seclabel,nosuid,nodev,noexec,relatime)
[0;33m[WARN][0m Host mount: /sys/kernel/debug/tracing (tracefs, rw,seclabel,nosuid,nodev,noexec,relatime)
[0;33m[WARN][0m Host mount: /sys/kernel/tracing (tracefs, rw,seclabel,nosuid,nodev,noexec,relatime)
[0;33m[WARN][0m Host mount: /root/.emacs.d (btrfs, rw,seclabel,relatime,compress=zstd:1,ssd,discard=async,space_cache=v2,subvolid=256,subvol=/root)
[0;33m[WARN][0m Host mount: /root/personalization (btrfs, rw,seclabel,relatime,compress=zstd:1,ssd,discard=async,space_cache=v2,subvolid=256,subvol=/root)
[0;33m[WARN][0m Host mount: /root/i.ar (btrfs, rw,seclabel,relatime,compress=zstd:1,ssd,discard=async,space_cache=v2,subvolid=256,subvol=/root)
[0;33m[WARN][0m Host mount: /root/i.ar/prompts (btrfs, rw,seclabel,relatime,compress=zstd:1,ssd,discard=async,space_cache=v2,subvolid=256,subvol=/root)
[0;33m[WARN][0m Host mount: /root/.emacs.d/metaconfig (btrfs, rw,seclabel,relatime,compress=zstd:1,ssd,discard=async,space_cache=v2,subvolid=256,subvol=/root)
[0;33m[WARN][0m Host mount: /root/.emacs.d/gptel-fork (btrfs, rw,seclabel,relatime,compress=zstd:1,ssd,discard=async,space_cache=v2,subvolid=256,subvol=/root)

============================================
[0;32m  PREFLIGHT PASSED[0m
============================================
Loading /root/.emacs.d/configs/paths.el (source)...
Loading /root/.emacs.d/configs/predicates.el (source)...
Loading /root/.emacs.d/configs/keybindings.el (source)...
Loading /root/.emacs.d/configs/delimiters.el (source)...
Loading /root/.emacs.d/configs/git.el (source)...
Loading /root/.emacs.d/configs/fork.el (source)...
Loading /root/.emacs.d/configs/delegate.el (source)...
Loading /root/.emacs.d/configs/cycle.el (source)...
Loading /root/.emacs.d/configs/loop-guard.el (source)...
Loading /root/.emacs.d/configs/memory.el (source)...
Loading /root/.emacs.d/configs/file-guard.el (source)...
Loading /root/.emacs.d/configs/tool-limits.el (source)...
Loading /root/.emacs.d/configs/tasks.el (source)...
Loading /root/.emacs.d/configs/mcp.el (source)...
Loading /root/.emacs.d/init.d/shared/iar-utils.el (source)...
Loading /root/.emacs.d/init.d/shared/iar-agent-utils.el (source)...
Loading /root/.emacs.d/init.d/core/iar-locale.el (source)...
Loading /root/.emacs.d/init.d/core/iar-package-setup.el (source)...
Loading /root/.emacs.d/init.d/core/iar-ui-cleanup.el (source)...
Loading /root/.emacs.d/init.d/core/iar-evil-mode.el (source)...
Loading /root/.emacs.d/init.d/core/iar-gptel-setup.el (source)...
[gptel] Using fork from /root/.emacs.d/gptel-fork (overriding ELPA package)
Loading /root/.emacs.d/configs/gptel.el (source)...
Loading /root/.emacs.d/init.d/core/iar-mcp-setup.el (source)...
Loading /root/.emacs.d/init.d/tool-call/iar-malformed-args.el (source)...
Loading /root/.emacs.d/init.d/tool-call/iar-tool-call.el (source)...
[tool-call] Layer installed
Loading /root/.emacs.d/init.d/tool-call/iar-tool-result-timestamp.el (source)...
Loading /root/.emacs.d/init.d/tool-call/iar-tool-result-budget.el (source)...
Loading /root/.emacs.d/init.d/tool-call/iar-request-log.el (source)...
[request-log] Witness installed
Loading /root/.emacs.d/init.d/tool-call/iar-context-fence.el (source)...
Loading /root/.emacs.d/init.d/tool-call/iar-msgs-fence.el (source)...
Loading /root/.emacs.d/init.d/tool-call/iar-request-watchdog.el (source)...
[watchdog] Request watchdog installed
Loading /root/.emacs.d/init.d/tool-call/iar-text-mode-detector.el (source)...
Loading /root/.emacs.d/init.d/agent/iar-prompt-loader.el (source)...
Loading /root/.emacs.d/init.d/core/iar-mount-awareness.el (source)...
Loading /root/.emacs.d/init.d/core/iar-rate-limit.el (source)...
Loading /root/.emacs.d/init.d/security/iar-output-sanitizer.el (source)...
Loading /root/.emacs.d/init.d/security/iar-file-guard.el (source)...
Loading /root/.emacs.d/init.d/security/iar-audit-log.el (source)...
Loading /root/.emacs.d/init.d/security/iar-loop-guard.el (source)...
Loading /root/.emacs.d/init.d/security/iar-loop-guard-chain.el (source)...
Loading /root/.emacs.d/init.d/security/iar-tool-guard.el (source)...
Loading /root/.emacs.d/init.d/security/iar-utf8-scrub.el (source)...
Loading /root/.emacs.d/init.d/tools/filesystem/list_directory.el (source)...
Loading /root/.emacs.d/init.d/tools/filesystem/read_file.el (source)...
Loading /root/.emacs.d/init.d/tools/filesystem/write_file.el (source)...
Loading /root/.emacs.d/init.d/tools/filesystem/append_file.el (source)...
Loading /root/.emacs.d/init.d/tools/code/execute_code_local.el (source)...
Loading /root/.emacs.d/init.d/tools/code/execute_code_remote.el (source)...
Loading /root/.emacs.d/init.d/tools/code/check_elisp.el (source)...
Loading /root/.emacs.d/init.d/tools/tasks/read_task.el (source)...
Loading /root/.emacs.d/init.d/tools/tasks/create_task.el (source)...
Loading /root/.emacs.d/init.d/tools/tasks/write_subtask.el (source)...
Loading /root/.emacs.d/init.d/tools/tasks/remove_task.el (source)...
Loading /root/.emacs.d/init.d/tools/tasks/read_history.el (source)...
Loading /root/.emacs.d/init.d/tools/tasks/read_roadmap.el (source)...
Loading /root/.emacs.d/init.d/tools/tasks/write_roadmap.el (source)...
Loading /root/.emacs.d/init.d/tools/notify/telegram.el (source)...
Loading /root/.emacs.d/init.d/tools/git/git_commit.el (source)...
Loading /root/.emacs.d/init.d/tools/knowledge/read_knowledge.el (source)...
Loading /root/.emacs.d/init.d/agent/iar-project-parser.el (source)...
Loading /root/.emacs.d/init.d/agent/iar-prompt-assembly.el (source)...
Loading /root/.emacs.d/init.d/agent/iar-agent-loader.el (source)...
Loading /root/.emacs.d/init.d/agent/iar-knowledge-loader.el (source)...
Loading /root/.emacs.d/init.d/agent/iar-buffer-info.el (source)...
Loading /root/.emacs.d/init.d/tools/agent/delegate.el (source)...
Loading /root/.emacs.d/init.d/tools/agent/reload_os.el (source)...
Loading /root/.emacs.d/init.d/tools/agent/reload_agent.el (source)...
Loading /root/.emacs.d/init.d/tools/agent/read_own_prompt.el (source)...
Loading /root/.emacs.d/init.d/agent/iar-guidelines-checker.el (source)...
Loading /root/.emacs.d/init.d/agent/iar-agent-cycle.el (source)...
Loading /root/.emacs.d/init.d/debug/iar-status-mode.el (source)...
[status-mode] Installed
Loading /root/.emacs.d/init.d/session/iar-quit.el (source)...
[continuo] Starting cycle with 3600s timeout (archetype: aria-cycle, project: iar, cycle: continuo_daily)
[continuo] Assembled prompt: 41939 chars (~10484 tokens), 21 tools
[continuo] Sending cycle prompt to continuo agent...
Querying Ollama...
[continuo] Terminal sentinel echo (pre-tool-call, CYCLE) -- closing cycle
[continuo] Cycle complete. Turns: 0, Tool calls: 25, Exit: 0
Tokens: 509515 in / 11350 out / 520865 total
Requests: 25
[0;32m[INF][2026-09-14 00:47:36][0m Cycle 1 succeeded in 207s (exit 0)

[0;34m[INF][2026-09-14 00:54:34][0m --- Cycle 1/1 ---
Already up to date.
============================================
  Preflight Mount Audit — Emacboros
  2026-09-14T03:54:35Z
============================================

--- Phase 1: /proc/mounts scan ---

--- Phase 2: Writability tests ---
[0;32m[PASS][0m /root/.emacs.d/.git/hooks — does not exist
[0;32m[PASS][0m /var/run/docker.sock — does not exist
[0;32m[PASS][0m /etc/cron.d — does not exist
[0;32m[PASS][0m /var/spool/cron — does not exist
[0;32m[PASS][0m /etc/systemd/system — directory is read-only
[0;32m[PASS][0m /etc/systemd — directory is read-only

--- Phase 3: Capability audit ---
[0;32m[PASS][0m CAP_DAC_OVERRIDE (bit 1) is not set — can bypass file read/write/execute permissions
[0;32m[PASS][0m CAP_SYS_ADMIN (bit 21) is not set — broad system administration (mount, namespaces, etc.)
[0;32m[PASS][0m CAP_SETUID (bit 7) is not set — can change process UID
[0;32m[PASS][0m CAP_SETGID (bit 6) is not set — can change process GID
[0;32m[PASS][0m CAP_MKNOD (bit 27) is not set — can create special device files
[0;32m[PASS][0m CAP_NET_RAW (bit 13) is SET (expected) — can create raw network sockets (needed for nmap/traceroute)
[0;32m[PASS][0m CAP_NET_BIND_SERVICE (bit 10) is SET (expected) — can bind to ports < 1024
[0;32m[PASS][0m CAP_FOWNER (bit 3) is not set — can bypass file ownership checks
[0;32m[PASS][0m CAP_SETFCAP (bit 31) is not set — can set file capabilities

--- Phase 4: Host mount audit ---
Writable real-filesystem mounts:
[0;33m[WARN][0m Host mount: /sys/kernel/security (securityfs, rw,nosuid,nodev,noexec,relatime)
[0;33m[WARN][0m Host mount: /sys/fs/cgroup (cgroup2, rw,seclabel,nosuid,nodev,noexec,relatime,nsdelegate,memory_recursiveprot,memory_hugetlb_accounting)
[0;33m[WARN][0m Host mount: /sys/fs/pstore (pstore, rw,seclabel,nosuid,nodev,noexec,relatime)
[0;33m[WARN][0m Host mount: /sys/firmware/efi/efivars (efivarfs, rw,nosuid,nodev,noexec,relatime)
[0;33m[WARN][0m Host mount: /sys/fs/bpf (bpf, rw,nosuid,nodev,noexec,relatime,mode=700)
[0;33m[WARN][0m Host mount: /sys/kernel/config (configfs, rw,nosuid,nodev,noexec,relatime)
[0;33m[WARN][0m Host mount: /sys/fs/selinux (selinuxfs, rw,nosuid,noexec,relatime)
[0;33m[WARN][0m Host mount: /sys/fs/fuse/connections (fusectl, rw,nosuid,nodev,noexec,relatime)
[0;33m[WARN][0m Host mount: /sys/kernel/debug (debugfs, rw,seclabel,nosuid,nodev,noexec,relatime)
[0;33m[WARN][0m Host mount: /sys/kernel/debug/tracing (tracefs, rw,seclabel,nosuid,nodev,noexec,relatime)
[0;33m[WARN][0m Host mount: /sys/kernel/tracing (tracefs, rw,seclabel,nosuid,nodev,noexec,relatime)
[0;33m[WARN][0m Host mount: /root/personalization (btrfs, rw,seclabel,relatime,compress=zstd:1,ssd,discard=async,space_cache=v2,subvolid=256,subvol=/root)
[0;33m[WARN][0m Host mount: /root/.emacs.d (btrfs, rw,seclabel,relatime,compress=zstd:1,ssd,discard=async,space_cache=v2,subvolid=256,subvol=/root)
[0;33m[WARN][0m Host mount: /root/i.ar (btrfs, rw,seclabel,relatime,compress=zstd:1,ssd,discard=async,space_cache=v2,subvolid=256,subvol=/root)
[0;33m[WARN][0m Host mount: /root/.emacs.d/gptel-fork (btrfs, rw,seclabel,relatime,compress=zstd:1,ssd,discard=async,space_cache=v2,subvolid=256,subvol=/root)
[0;33m[WARN][0m Host mount: /root/.emacs.d/metaconfig (btrfs, rw,seclabel,relatime,compress=zstd:1,ssd,discard=async,space_cache=v2,subvolid=256,subvol=/root)
[0;33m[WARN][0m Host mount: /root/i.ar/prompts (btrfs, rw,seclabel,relatime,compress=zstd:1,ssd,discard=async,space_cache=v2,subvolid=256,subvol=/root)

============================================
[0;32m  PREFLIGHT PASSED[0m
============================================
Loading /root/.emacs.d/configs/paths.el (source)...
Loading /root/.emacs.d/configs/predicates.el (source)...
Loading /root/.emacs.d/configs/keybindings.el (source)...
Loading /root/.emacs.d/configs/delimiters.el (source)...
Loading /root/.emacs.d/configs/git.el (source)...
Loading /root/.emacs.d/configs/fork.el (source)...
Loading /root/.emacs.d/configs/delegate.el (source)...
Loading /root/.emacs.d/configs/cycle.el (source)...
Loading /root/.emacs.d/configs/loop-guard.el (source)...
Loading /root/.emacs.d/configs/memory.el (source)...
Loading /root/.emacs.d/configs/file-guard.el (source)...
Loading /root/.emacs.d/configs/tool-limits.el (source)...
Loading /root/.emacs.d/configs/tasks.el (source)...
Loading /root/.emacs.d/configs/mcp.el (source)...
Loading /root/.emacs.d/init.d/shared/iar-utils.el (source)...
Loading /root/.emacs.d/init.d/shared/iar-agent-utils.el (source)...
Loading /root/.emacs.d/init.d/core/iar-locale.el (source)...
Loading /root/.emacs.d/init.d/core/iar-package-setup.el (source)...
Loading /root/.emacs.d/init.d/core/iar-ui-cleanup.el (source)...
Loading /root/.emacs.d/init.d/core/iar-evil-mode.el (source)...
Loading /root/.emacs.d/init.d/core/iar-gptel-setup.el (source)...
[gptel] Using fork from /root/.emacs.d/gptel-fork (overriding ELPA package)
Loading /root/.emacs.d/configs/gptel.el (source)...
Loading /root/.emacs.d/init.d/core/iar-mcp-setup.el (source)...
Loading /root/.emacs.d/init.d/tool-call/iar-malformed-args.el (source)...
Loading /root/.emacs.d/init.d/tool-call/iar-tool-call.el (source)...
[tool-call] Layer installed
Loading /root/.emacs.d/init.d/tool-call/iar-tool-result-timestamp.el (source)...
Loading /root/.emacs.d/init.d/tool-call/iar-tool-result-budget.el (source)...
Loading /root/.emacs.d/init.d/tool-call/iar-request-log.el (source)...
[request-log] Witness installed
Loading /root/.emacs.d/init.d/tool-call/iar-context-fence.el (source)...
Loading /root/.emacs.d/init.d/tool-call/iar-msgs-fence.el (source)...
Loading /root/.emacs.d/init.d/tool-call/iar-request-watchdog.el (source)...
[watchdog] Request watchdog installed
Loading /root/.emacs.d/init.d/tool-call/iar-text-mode-detector.el (source)...
Loading /root/.emacs.d/init.d/agent/iar-prompt-loader.el (source)...
Loading /root/.emacs.d/init.d/core/iar-mount-awareness.el (source)...
Loading /root/.emacs.d/init.d/core/iar-rate-limit.el (source)...
Loading /root/.emacs.d/init.d/security/iar-output-sanitizer.el (source)...
Loading /root/.emacs.d/init.d/security/iar-file-guard.el (source)...
Loading /root/.emacs.d/init.d/security/iar-audit-log.el (source)...
Loading /root/.emacs.d/init.d/security/iar-loop-guard.el (source)...
Loading /root/.emacs.d/init.d/security/iar-loop-guard-chain.el (source)...
Loading /root/.emacs.d/init.d/security/iar-tool-guard.el (source)...
Loading /root/.emacs.d/init.d/security/iar-utf8-scrub.el (source)...
Loading /root/.emacs.d/init.d/tools/filesystem/list_directory.el (source)...
Loading /root/.emacs.d/init.d/tools/filesystem/read_file.el (source)...
Loading /root/.emacs.d/init.d/tools/filesystem/write_file.el (source)...
Loading /root/.emacs.d/init.d/tools/filesystem/append_file.el (source)...
Loading /root/.emacs.d/init.d/tools/code/execute_code_local.el (source)...
Loading /root/.emacs.d/init.d/tools/code/execute_code_remote.el (source)...
Loading /root/.emacs.d/init.d/tools/code/check_elisp.el (source)...
Loading /root/.emacs.d/init.d/tools/tasks/read_task.el (source)...
Loading /root/.emacs.d/init.d/tools/tasks/create_task.el (source)...
Loading /root/.emacs.d/init.d/tools/tasks/write_subtask.el (source)...
Loading /root/.emacs.d/init.d/tools/tasks/remove_task.el (source)...
Loading /root/.emacs.d/init.d/tools/tasks/read_history.el (source)...
Loading /root/.emacs.d/init.d/tools/tasks/read_roadmap.el (source)...
Loading /root/.emacs.d/init.d/tools/tasks/write_roadmap.el (source)...
Loading /root/.emacs.d/init.d/tools/notify/telegram.el (source)...
Loading /root/.emacs.d/init.d/tools/git/git_commit.el (source)...
Loading /root/.emacs.d/init.d/tools/knowledge/read_knowledge.el (source)...
Loading /root/.emacs.d/init.d/agent/iar-project-parser.el (source)...
Loading /root/.emacs.d/init.d/agent/iar-prompt-assembly.el (source)...
Loading /root/.emacs.d/init.d/agent/iar-agent-loader.el (source)...
Loading /root/.emacs.d/init.d/agent/iar-knowledge-loader.el (source)...
Loading /root/.emacs.d/init.d/agent/iar-buffer-info.el (source)...
Loading /root/.emacs.d/init.d/tools/agent/delegate.el (source)...
Loading /root/.emacs.d/init.d/tools/agent/reload_os.el (source)...
Loading /root/.emacs.d/init.d/tools/agent/reload_agent.el (source)...
Loading /root/.emacs.d/init.d/tools/agent/read_own_prompt.el (source)...
Loading /root/.emacs.d/init.d/agent/iar-guidelines-checker.el (source)...
Loading /root/.emacs.d/init.d/agent/iar-agent-cycle.el (source)...
Loading /root/.emacs.d/init.d/debug/iar-status-mode.el (source)...
[status-mode] Installed
Loading /root/.emacs.d/init.d/session/iar-quit.el (source)...
[continuo] Starting cycle with 3600s timeout (archetype: aria-cycle, project: iar, cycle: continuo_daily)
[continuo] Assembled prompt: 41941 chars (~10485 tokens), 21 tools
[continuo] Sending cycle prompt to continuo agent...
Querying Ollama...
[continuo] Terminal sentinel echo (pre-tool-call, CYCLE) -- closing cycle
[continuo] Cycle complete. Turns: 0, Tool calls: 23, Exit: 0
Tokens: 532787 in / 13716 out / 546503 total
Requests: 23
[0;32m[INF][2026-09-14 00:59:30][0m Cycle 1 succeeded in 296s (exit 0)

[0;34m[INF][2026-09-14 01:14:58][0m --- Cycle 1/1 ---
Already up to date.
============================================
  Preflight Mount Audit — Emacboros
  2026-09-14T04:14:59Z
============================================

--- Phase 1: /proc/mounts scan ---

--- Phase 2: Writability tests ---
[0;32m[PASS][0m /root/.emacs.d/.git/hooks — does not exist
[0;32m[PASS][0m /var/run/docker.sock — does not exist
[0;32m[PASS][0m /etc/cron.d — does not exist
[0;32m[PASS][0m /var/spool/cron — does not exist
[0;32m[PASS][0m /etc/systemd/system — directory is read-only
[0;32m[PASS][0m /etc/systemd — directory is read-only

--- Phase 3: Capability audit ---
[0;32m[PASS][0m CAP_DAC_OVERRIDE (bit 1) is not set — can bypass file read/write/execute permissions
[0;32m[PASS][0m CAP_SYS_ADMIN (bit 21) is not set — broad system administration (mount, namespaces, etc.)
[0;32m[PASS][0m CAP_SETUID (bit 7) is not set — can change process UID
[0;32m[PASS][0m CAP_SETGID (bit 6) is not set — can change process GID
[0;32m[PASS][0m CAP_MKNOD (bit 27) is not set — can create special device files
[0;32m[PASS][0m CAP_NET_RAW (bit 13) is SET (expected) — can create raw network sockets (needed for nmap/traceroute)
[0;32m[PASS][0m CAP_NET_BIND_SERVICE (bit 10) is SET (expected) — can bind to ports < 1024
[0;32m[PASS][0m CAP_FOWNER (bit 3) is not set — can bypass file ownership checks
[0;32m[PASS][0m CAP_SETFCAP (bit 31) is not set — can set file capabilities

--- Phase 4: Host mount audit ---
Writable real-filesystem mounts:
[0;33m[WARN][0m Host mount: /sys/kernel/security (securityfs, rw,nosuid,nodev,noexec,relatime)
[0;33m[WARN][0m Host mount: /sys/fs/cgroup (cgroup2, rw,seclabel,nosuid,nodev,noexec,relatime,nsdelegate,memory_recursiveprot,memory_hugetlb_accounting)
[0;33m[WARN][0m Host mount: /sys/fs/pstore (pstore, rw,seclabel,nosuid,nodev,noexec,relatime)
[0;33m[WARN][0m Host mount: /sys/firmware/efi/efivars (efivarfs, rw,nosuid,nodev,noexec,relatime)
[0;33m[WARN][0m Host mount: /sys/fs/bpf (bpf, rw,nosuid,nodev,noexec,relatime,mode=700)
[0;33m[WARN][0m Host mount: /sys/kernel/config (configfs, rw,nosuid,nodev,noexec,relatime)
[0;33m[WARN][0m Host mount: /sys/fs/selinux (selinuxfs, rw,nosuid,noexec,relatime)
[0;33m[WARN][0m Host mount: /sys/fs/fuse/connections (fusectl, rw,nosuid,nodev,noexec,relatime)
[0;33m[WARN][0m Host mount: /sys/kernel/debug (debugfs, rw,seclabel,nosuid,nodev,noexec,relatime)
[0;33m[WARN][0m Host mount: /sys/kernel/debug/tracing (tracefs, rw,seclabel,nosuid,nodev,noexec,relatime)
[0;33m[WARN][0m Host mount: /sys/kernel/tracing (tracefs, rw,seclabel,nosuid,nodev,noexec,relatime)
[0;33m[WARN][0m Host mount: /root/i.ar (btrfs, rw,seclabel,relatime,compress=zstd:1,ssd,discard=async,space_cache=v2,subvolid=256,subvol=/root)
[0;33m[WARN][0m Host mount: /root/.emacs.d (btrfs, rw,seclabel,relatime,compress=zstd:1,ssd,discard=async,space_cache=v2,subvolid=256,subvol=/root)
[0;33m[WARN][0m Host mount: /root/personalization (btrfs, rw,seclabel,relatime,compress=zstd:1,ssd,discard=async,space_cache=v2,subvolid=256,subvol=/root)
[0;33m[WARN][0m Host mount: /root/.emacs.d/metaconfig (btrfs, rw,seclabel,relatime,compress=zstd:1,ssd,discard=async,space_cache=v2,subvolid=256,subvol=/root)
[0;33m[WARN][0m Host mount: /root/.emacs.d/gptel-fork (btrfs, rw,seclabel,relatime,compress=zstd:1,ssd,discard=async,space_cache=v2,subvolid=256,subvol=/root)
[0;33m[WARN][0m Host mount: /root/i.ar/prompts (btrfs, rw,seclabel,relatime,compress=zstd:1,ssd,discard=async,space_cache=v2,subvolid=256,subvol=/root)

============================================
[0;32m  PREFLIGHT PASSED[0m
============================================
Loading /root/.emacs.d/configs/paths.el (source)...
Loading /root/.emacs.d/configs/predicates.el (source)...
Loading /root/.emacs.d/configs/keybindings.el (source)...
Loading /root/.emacs.d/configs/delimiters.el (source)...
Loading /root/.emacs.d/configs/git.el (source)...
Loading /root/.emacs.d/configs/fork.el (source)...
Loading /root/.emacs.d/configs/delegate.el (source)...
Loading /root/.emacs.d/configs/cycle.el (source)...
Loading /root/.emacs.d/configs/loop-guard.el (source)...
Loading /root/.emacs.d/configs/memory.el (source)...
Loading /root/.emacs.d/configs/file-guard.el (source)...
Loading /root/.emacs.d/configs/tool-limits.el (source)...
Loading /root/.emacs.d/configs/tasks.el (source)...
Loading /root/.emacs.d/configs/mcp.el (source)...
Loading /root/.emacs.d/init.d/shared/iar-utils.el (source)...
Loading /root/.emacs.d/init.d/shared/iar-agent-utils.el (source)...
Loading /root/.emacs.d/init.d/core/iar-locale.el (source)...
Loading /root/.emacs.d/init.d/core/iar-package-setup.el (source)...
Loading /root/.emacs.d/init.d/core/iar-ui-cleanup.el (source)...
Loading /root/.emacs.d/init.d/core/iar-evil-mode.el (source)...
Loading /root/.emacs.d/init.d/core/iar-gptel-setup.el (source)...
[gptel] Using fork from /root/.emacs.d/gptel-fork (overriding ELPA package)
Loading /root/.emacs.d/configs/gptel.el (source)...
Loading /root/.emacs.d/init.d/core/iar-mcp-setup.el (source)...
Loading /root/.emacs.d/init.d/tool-call/iar-malformed-args.el (source)...
Loading /root/.emacs.d/init.d/tool-call/iar-tool-call.el (source)...
[tool-call] Layer installed
Loading /root/.emacs.d/init.d/tool-call/iar-tool-result-timestamp.el (source)...
Loading /root/.emacs.d/init.d/tool-call/iar-tool-result-budget.el (source)...
Loading /root/.emacs.d/init.d/tool-call/iar-request-log.el (source)...
[request-log] Witness installed
Loading /root/.emacs.d/init.d/tool-call/iar-context-fence.el (source)...
Loading /root/.emacs.d/init.d/tool-call/iar-msgs-fence.el (source)...
Loading /root/.emacs.d/init.d/tool-call/iar-request-watchdog.el (source)...
[watchdog] Request watchdog installed
Loading /root/.emacs.d/init.d/tool-call/iar-text-mode-detector.el (source)...
Loading /root/.emacs.d/init.d/agent/iar-prompt-loader.el (source)...
Loading /root/.emacs.d/init.d/core/iar-mount-awareness.el (source)...
Loading /root/.emacs.d/init.d/core/iar-rate-limit.el (source)...
Loading /root/.emacs.d/init.d/security/iar-output-sanitizer.el (source)...
Loading /root/.emacs.d/init.d/security/iar-file-guard.el (source)...
Loading /root/.emacs.d/init.d/security/iar-audit-log.el (source)...
Loading /root/.emacs.d/init.d/security/iar-loop-guard.el (source)...
Loading /root/.emacs.d/init.d/security/iar-loop-guard-chain.el (source)...
Loading /root/.emacs.d/init.d/security/iar-tool-guard.el (source)...
Loading /root/.emacs.d/init.d/security/iar-utf8-scrub.el (source)...
Loading /root/.emacs.d/init.d/tools/filesystem/list_directory.el (source)...
Loading /root/.emacs.d/init.d/tools/filesystem/read_file.el (source)...
Loading /root/.emacs.d/init.d/tools/filesystem/write_file.el (source)...
Loading /root/.emacs.d/init.d/tools/filesystem/append_file.el (source)...
Loading /root/.emacs.d/init.d/tools/code/execute_code_local.el (source)...
Loading /root/.emacs.d/init.d/tools/code/execute_code_remote.el (source)...
Loading /root/.emacs.d/init.d/tools/code/check_elisp.el (source)...
Loading /root/.emacs.d/init.d/tools/tasks/read_task.el (source)...
Loading /root/.emacs.d/init.d/tools/tasks/create_task.el (source)...
Loading /root/.emacs.d/init.d/tools/tasks/write_subtask.el (source)...
Loading /root/.emacs.d/init.d/tools/tasks/remove_task.el (source)...
Loading /root/.emacs.d/init.d/tools/tasks/read_history.el (source)...
Loading /root/.emacs.d/init.d/tools/tasks/read_roadmap.el (source)...
Loading /root/.emacs.d/init.d/tools/tasks/write_roadmap.el (source)...
Loading /root/.emacs.d/init.d/tools/notify/telegram.el (source)...
Loading /root/.emacs.d/init.d/tools/git/git_commit.el (source)...
Loading /root/.emacs.d/init.d/tools/knowledge/read_knowledge.el (source)...
Loading /root/.emacs.d/init.d/agent/iar-project-parser.el (source)...
Loading /root/.emacs.d/init.d/agent/iar-prompt-assembly.el (source)...
Loading /root/.emacs.d/init.d/agent/iar-agent-loader.el (source)...
Loading /root/.emacs.d/init.d/agent/iar-knowledge-loader.el (source)...
Loading /root/.emacs.d/init.d/agent/iar-buffer-info.el (source)...
Loading /root/.emacs.d/init.d/tools/agent/delegate.el (source)...
Loading /root/.emacs.d/init.d/tools/agent/reload_os.el (source)...
Loading /root/.emacs.d/init.d/tools/agent/reload_agent.el (source)...
Loading /root/.emacs.d/init.d/tools/agent/read_own_prompt.el (source)...
Loading /root/.emacs.d/init.d/agent/iar-guidelines-checker.el (source)...
Loading /root/.emacs.d/init.d/agent/iar-agent-cycle.el (source)...
Loading /root/.emacs.d/init.d/debug/iar-status-mode.el (source)...
[status-mode] Installed
Loading /root/.emacs.d/init.d/session/iar-quit.el (source)...
[continuo] Starting cycle with 3600s timeout (archetype: aria-cycle, project: iar, cycle: continuo_daily)
[continuo] Assembled prompt: 41905 chars (~10476 tokens), 21 tools
[continuo] Sending cycle prompt to continuo agent...
Querying Ollama...
[continuo] Terminal sentinel echo (pre-tool-call, CYCLE) -- closing cycle
[continuo] Cycle complete. Turns: 0, Tool calls: 19, Exit: 0
Tokens: 429106 in / 11348 out / 440454 total
Requests: 19
[0;32m[INF][2026-09-14 01:18:46][0m Cycle 1 succeeded in 228s (exit 0)

[0;34m[INF][2026-09-14 01:25:27][0m --- Cycle 1/1 ---
Already up to date.
============================================
  Preflight Mount Audit — Emacboros
  2026-09-14T04:25:28Z
============================================

--- Phase 1: /proc/mounts scan ---

--- Phase 2: Writability tests ---
[0;32m[PASS][0m /root/.emacs.d/.git/hooks — does not exist
[0;32m[PASS][0m /var/run/docker.sock — does not exist
[0;32m[PASS][0m /etc/cron.d — does not exist
[0;32m[PASS][0m /var/spool/cron — does not exist
[0;32m[PASS][0m /etc/systemd/system — directory is read-only
[0;32m[PASS][0m /etc/systemd — directory is read-only

--- Phase 3: Capability audit ---
[0;32m[PASS][0m CAP_DAC_OVERRIDE (bit 1) is not set — can bypass file read/write/execute permissions
[0;32m[PASS][0m CAP_SYS_ADMIN (bit 21) is not set — broad system administration (mount, namespaces, etc.)
[0;32m[PASS][0m CAP_SETUID (bit 7) is not set — can change process UID
[0;32m[PASS][0m CAP_SETGID (bit 6) is not set — can change process GID
[0;32m[PASS][0m CAP_MKNOD (bit 27) is not set — can create special device files
[0;32m[PASS][0m CAP_NET_RAW (bit 13) is SET (expected) — can create raw network sockets (needed for nmap/traceroute)
[0;32m[PASS][0m CAP_NET_BIND_SERVICE (bit 10) is SET (expected) — can bind to ports < 1024
[0;32m[PASS][0m CAP_FOWNER (bit 3) is not set — can bypass file ownership checks
[0;32m[PASS][0m CAP_SETFCAP (bit 31) is not set — can set file capabilities

--- Phase 4: Host mount audit ---
Writable real-filesystem mounts:
[0;33m[WARN][0m Host mount: /sys/kernel/security (securityfs, rw,nosuid,nodev,noexec,relatime)
[0;33m[WARN][0m Host mount: /sys/fs/cgroup (cgroup2, rw,seclabel,nosuid,nodev,noexec,relatime,nsdelegate,memory_recursiveprot,memory_hugetlb_accounting)
[0;33m[WARN][0m Host mount: /sys/fs/pstore (pstore, rw,seclabel,nosuid,nodev,noexec,relatime)
[0;33m[WARN][0m Host mount: /sys/firmware/efi/efivars (efivarfs, rw,nosuid,nodev,noexec,relatime)
[0;33m[WARN][0m Host mount: /sys/fs/bpf (bpf, rw,nosuid,nodev,noexec,relatime,mode=700)
[0;33m[WARN][0m Host mount: /sys/kernel/config (configfs, rw,nosuid,nodev,noexec,relatime)
[0;33m[WARN][0m Host mount: /sys/fs/selinux (selinuxfs, rw,nosuid,noexec,relatime)
[0;33m[WARN][0m Host mount: /sys/fs/fuse/connections (fusectl, rw,nosuid,nodev,noexec,relatime)
[0;33m[WARN][0m Host mount: /sys/kernel/debug (debugfs, rw,seclabel,nosuid,nodev,noexec,relatime)
[0;33m[WARN][0m Host mount: /sys/kernel/debug/tracing (tracefs, rw,seclabel,nosuid,nodev,noexec,relatime)
[0;33m[WARN][0m Host mount: /sys/kernel/tracing (tracefs, rw,seclabel,nosuid,nodev,noexec,relatime)
[0;33m[WARN][0m Host mount: /root/i.ar (btrfs, rw,seclabel,relatime,compress=zstd:1,ssd,discard=async,space_cache=v2,subvolid=256,subvol=/root)
[0;33m[WARN][0m Host mount: /root/.emacs.d (btrfs, rw,seclabel,relatime,compress=zstd:1,ssd,discard=async,space_cache=v2,subvolid=256,subvol=/root)
[0;33m[WARN][0m Host mount: /root/personalization (btrfs, rw,seclabel,relatime,compress=zstd:1,ssd,discard=async,space_cache=v2,subvolid=256,subvol=/root)
[0;33m[WARN][0m Host mount: /root/i.ar/prompts (btrfs, rw,seclabel,relatime,compress=zstd:1,ssd,discard=async,space_cache=v2,subvolid=256,subvol=/root)
[0;33m[WARN][0m Host mount: /root/.emacs.d/gptel-fork (btrfs, rw,seclabel,relatime,compress=zstd:1,ssd,discard=async,space_cache=v2,subvolid=256,subvol=/root)
[0;33m[WARN][0m Host mount: /root/.emacs.d/metaconfig (btrfs, rw,seclabel,relatime,compress=zstd:1,ssd,discard=async,space_cache=v2,subvolid=256,subvol=/root)

============================================
[0;32m  PREFLIGHT PASSED[0m
============================================
Loading /root/.emacs.d/configs/paths.el (source)...
Loading /root/.emacs.d/configs/predicates.el (source)...
Loading /root/.emacs.d/configs/keybindings.el (source)...
Loading /root/.emacs.d/configs/delimiters.el (source)...
Loading /root/.emacs.d/configs/git.el (source)...
Loading /root/.emacs.d/configs/fork.el (source)...
Loading /root/.emacs.d/configs/delegate.el (source)...
Loading /root/.emacs.d/configs/cycle.el (source)...
Loading /root/.emacs.d/configs/loop-guard.el (source)...
Loading /root/.emacs.d/configs/memory.el (source)...
Loading /root/.emacs.d/configs/file-guard.el (source)...
Loading /root/.emacs.d/configs/tool-limits.el (source)...
Loading /root/.emacs.d/configs/tasks.el (source)...
Loading /root/.emacs.d/configs/mcp.el (source)...
Loading /root/.emacs.d/init.d/shared/iar-utils.el (source)...
Loading /root/.emacs.d/init.d/shared/iar-agent-utils.el (source)...
Loading /root/.emacs.d/init.d/core/iar-locale.el (source)...
Loading /root/.emacs.d/init.d/core/iar-package-setup.el (source)...
Loading /root/.emacs.d/init.d/core/iar-ui-cleanup.el (source)...
Loading /root/.emacs.d/init.d/core/iar-evil-mode.el (source)...
Loading /root/.emacs.d/init.d/core/iar-gptel-setup.el (source)...
[gptel] Using fork from /root/.emacs.d/gptel-fork (overriding ELPA package)
Loading /root/.emacs.d/configs/gptel.el (source)...
Loading /root/.emacs.d/init.d/core/iar-mcp-setup.el (source)...
Loading /root/.emacs.d/init.d/tool-call/iar-malformed-args.el (source)...
Loading /root/.emacs.d/init.d/tool-call/iar-tool-call.el (source)...
[tool-call] Layer installed
Loading /root/.emacs.d/init.d/tool-call/iar-tool-result-timestamp.el (source)...
Loading /root/.emacs.d/init.d/tool-call/iar-tool-result-budget.el (source)...
Loading /root/.emacs.d/init.d/tool-call/iar-request-log.el (source)...
[request-log] Witness installed
Loading /root/.emacs.d/init.d/tool-call/iar-context-fence.el (source)...
Loading /root/.emacs.d/init.d/tool-call/iar-msgs-fence.el (source)...
Loading /root/.emacs.d/init.d/tool-call/iar-request-watchdog.el (source)...
[watchdog] Request watchdog installed
Loading /root/.emacs.d/init.d/tool-call/iar-text-mode-detector.el (source)...
Loading /root/.emacs.d/init.d/agent/iar-prompt-loader.el (source)...
Loading /root/.emacs.d/init.d/core/iar-mount-awareness.el (source)...
Loading /root/.emacs.d/init.d/core/iar-rate-limit.el (source)...
Loading /root/.emacs.d/init.d/security/iar-output-sanitizer.el (source)...
Loading /root/.emacs.d/init.d/security/iar-file-guard.el (source)...
Loading /root/.emacs.d/init.d/security/iar-audit-log.el (source)...
Loading /root/.emacs.d/init.d/security/iar-loop-guard.el (source)...
Loading /root/.emacs.d/init.d/security/iar-loop-guard-chain.el (source)...
Loading /root/.emacs.d/init.d/security/iar-tool-guard.el (source)...
Loading /root/.emacs.d/init.d/security/iar-utf8-scrub.el (source)...
Loading /root/.emacs.d/init.d/tools/filesystem/list_directory.el (source)...
Loading /root/.emacs.d/init.d/tools/filesystem/read_file.el (source)...
Loading /root/.emacs.d/init.d/tools/filesystem/write_file.el (source)...
Loading /root/.emacs.d/init.d/tools/filesystem/append_file.el (source)...
Loading /root/.emacs.d/init.d/tools/code/execute_code_local.el (source)...
Loading /root/.emacs.d/init.d/tools/code/execute_code_remote.el (source)...
Loading /root/.emacs.d/init.d/tools/code/check_elisp.el (source)...
Loading /root/.emacs.d/init.d/tools/tasks/read_task.el (source)...
Loading /root/.emacs.d/init.d/tools/tasks/create_task.el (source)...
Loading /root/.emacs.d/init.d/tools/tasks/write_subtask.el (source)...
Loading /root/.emacs.d/init.d/tools/tasks/remove_task.el (source)...
Loading /root/.emacs.d/init.d/tools/tasks/read_history.el (source)...
Loading /root/.emacs.d/init.d/tools/tasks/read_roadmap.el (source)...
Loading /root/.emacs.d/init.d/tools/tasks/write_roadmap.el (source)...
Loading /root/.emacs.d/init.d/tools/notify/telegram.el (source)...
Loading /root/.emacs.d/init.d/tools/git/git_commit.el (source)...
Loading /root/.emacs.d/init.d/tools/knowledge/read_knowledge.el (source)...
Loading /root/.emacs.d/init.d/agent/iar-project-parser.el (source)...
Loading /root/.emacs.d/init.d/agent/iar-prompt-assembly.el (source)...
Loading /root/.emacs.d/init.d/agent/iar-agent-loader.el (source)...
Loading /root/.emacs.d/init.d/agent/iar-knowledge-loader.el (source)...
Loading /root/.emacs.d/init.d/agent/iar-buffer-info.el (source)...
Loading /root/.emacs.d/init.d/tools/agent/delegate.el (source)...
Loading /root/.emacs.d/init.d/tools/agent/reload_os.el (source)...
Loading /root/.emacs.d/init.d/tools/agent/reload_agent.el (source)...
Loading /root/.emacs.d/init.d/tools/agent/read_own_prompt.el (source)...
Loading /root/.emacs.d/init.d/agent/iar-guidelines-checker.el (source)...
Loading /root/.emacs.d/init.d/agent/iar-agent-cycle.el (source)...
Loading /root/.emacs.d/init.d/debug/iar-status-mode.el (source)...
[status-mode] Installed
Loading /root/.emacs.d/init.d/session/iar-quit.el (source)...
[continuo] Starting cycle with 3600s timeout (archetype: aria-cycle, project: iar, cycle: continuo_daily)
[continuo] Assembled prompt: 41588 chars (~10397 tokens), 21 tools
[continuo] Sending cycle prompt to continuo agent...
Querying Ollama...
[continuo] Terminal sentinel echo (pre-tool-call, CYCLE) -- closing cycle
[continuo] Cycle complete. Turns: 0, Tool calls: 33, Exit: 0
Tokens: 801402 in / 15772 out / 817174 total
Requests: 33
[0;32m[INF][2026-09-14 01:31:46][0m Cycle 1 succeeded in 379s (exit 0)

[0;34m[INF][2026-09-14 01:51:34][0m --- Cycle 1/1 ---
Already up to date.
============================================
  Preflight Mount Audit — Emacboros
  2026-09-14T04:51:35Z
============================================

--- Phase 1: /proc/mounts scan ---

--- Phase 2: Writability tests ---
[0;32m[PASS][0m /root/.emacs.d/.git/hooks — does not exist
[0;32m[PASS][0m /var/run/docker.sock — does not exist
[0;32m[PASS][0m /etc/cron.d — does not exist
[0;32m[PASS][0m /var/spool/cron — does not exist
[0;32m[PASS][0m /etc/systemd/system — directory is read-only
[0;32m[PASS][0m /etc/systemd — directory is read-only

--- Phase 3: Capability audit ---
[0;32m[PASS][0m CAP_DAC_OVERRIDE (bit 1) is not set — can bypass file read/write/execute permissions
[0;32m[PASS][0m CAP_SYS_ADMIN (bit 21) is not set — broad system administration (mount, namespaces, etc.)
[0;32m[PASS][0m CAP_SETUID (bit 7) is not set — can change process UID
[0;32m[PASS][0m CAP_SETGID (bit 6) is not set — can change process GID
[0;32m[PASS][0m CAP_MKNOD (bit 27) is not set — can create special device files
[0;32m[PASS][0m CAP_NET_RAW (bit 13) is SET (expected) — can create raw network sockets (needed for nmap/traceroute)
[0;32m[PASS][0m CAP_NET_BIND_SERVICE (bit 10) is SET (expected) — can bind to ports < 1024
[0;32m[PASS][0m CAP_FOWNER (bit 3) is not set — can bypass file ownership checks
[0;32m[PASS][0m CAP_SETFCAP (bit 31) is not set — can set file capabilities

--- Phase 4: Host mount audit ---
Writable real-filesystem mounts:
[0;33m[WARN][0m Host mount: /sys/kernel/security (securityfs, rw,nosuid,nodev,noexec,relatime)
[0;33m[WARN][0m Host mount: /sys/fs/cgroup (cgroup2, rw,seclabel,nosuid,nodev,noexec,relatime,nsdelegate,memory_recursiveprot,memory_hugetlb_accounting)
[0;33m[WARN][0m Host mount: /sys/fs/pstore (pstore, rw,seclabel,nosuid,nodev,noexec,relatime)
[0;33m[WARN][0m Host mount: /sys/firmware/efi/efivars (efivarfs, rw,nosuid,nodev,noexec,relatime)
[0;33m[WARN][0m Host mount: /sys/fs/bpf (bpf, rw,nosuid,nodev,noexec,relatime,mode=700)
[0;33m[WARN][0m Host mount: /sys/kernel/config (configfs, rw,nosuid,nodev,noexec,relatime)
[0;33m[WARN][0m Host mount: /sys/fs/selinux (selinuxfs, rw,nosuid,noexec,relatime)
[0;33m[WARN][0m Host mount: /sys/fs/fuse/connections (fusectl, rw,nosuid,nodev,noexec,relatime)
[0;33m[WARN][0m Host mount: /sys/kernel/debug (debugfs, rw,seclabel,nosuid,nodev,noexec,relatime)
[0;33m[WARN][0m Host mount: /sys/kernel/debug/tracing (tracefs, rw,seclabel,nosuid,nodev,noexec,relatime)
[0;33m[WARN][0m Host mount: /sys/kernel/tracing (tracefs, rw,seclabel,nosuid,nodev,noexec,relatime)
[0;33m[WARN][0m Host mount: /root/personalization (btrfs, rw,seclabel,relatime,compress=zstd:1,ssd,discard=async,space_cache=v2,subvolid=256,subvol=/root)
[0;33m[WARN][0m Host mount: /root/.emacs.d (btrfs, rw,seclabel,relatime,compress=zstd:1,ssd,discard=async,space_cache=v2,subvolid=256,subvol=/root)
[0;33m[WARN][0m Host mount: /root/i.ar (btrfs, rw,seclabel,relatime,compress=zstd:1,ssd,discard=async,space_cache=v2,subvolid=256,subvol=/root)
[0;33m[WARN][0m Host mount: /root/i.ar/prompts (btrfs, rw,seclabel,relatime,compress=zstd:1,ssd,discard=async,space_cache=v2,subvolid=256,subvol=/root)
[0;33m[WARN][0m Host mount: /root/.emacs.d/gptel-fork (btrfs, rw,seclabel,relatime,compress=zstd:1,ssd,discard=async,space_cache=v2,subvolid=256,subvol=/root)
[0;33m[WARN][0m Host mount: /root/.emacs.d/metaconfig (btrfs, rw,seclabel,relatime,compress=zstd:1,ssd,discard=async,space_cache=v2,subvolid=256,subvol=/root)

============================================
[0;32m  PREFLIGHT PASSED[0m
============================================
Loading /root/.emacs.d/configs/paths.el (source)...
Loading /root/.emacs.d/configs/predicates.el (source)...
Loading /root/.emacs.d/configs/keybindings.el (source)...
Loading /root/.emacs.d/configs/delimiters.el (source)...
Loading /root/.emacs.d/configs/git.el (source)...
Loading /root/.emacs.d/configs/fork.el (source)...
Loading /root/.emacs.d/configs/delegate.el (source)...
Loading /root/.emacs.d/configs/cycle.el (source)...
Loading /root/.emacs.d/configs/loop-guard.el (source)...
Loading /root/.emacs.d/configs/memory.el (source)...
Loading /root/.emacs.d/configs/file-guard.el (source)...
Loading /root/.emacs.d/configs/tool-limits.el (source)...
Loading /root/.emacs.d/configs/tasks.el (source)...
Loading /root/.emacs.d/configs/mcp.el (source)...
Loading /root/.emacs.d/init.d/shared/iar-utils.el (source)...
Loading /root/.emacs.d/init.d/shared/iar-agent-utils.el (source)...
Loading /root/.emacs.d/init.d/core/iar-locale.el (source)...
Loading /root/.emacs.d/init.d/core/iar-package-setup.el (source)...
Loading /root/.emacs.d/init.d/core/iar-ui-cleanup.el (source)...
Loading /root/.emacs.d/init.d/core/iar-evil-mode.el (source)...
Loading /root/.emacs.d/init.d/core/iar-gptel-setup.el (source)...
[gptel] Using fork from /root/.emacs.d/gptel-fork (overriding ELPA package)
Loading /root/.emacs.d/configs/gptel.el (source)...
Loading /root/.emacs.d/init.d/core/iar-mcp-setup.el (source)...
Loading /root/.emacs.d/init.d/tool-call/iar-malformed-args.el (source)...
Loading /root/.emacs.d/init.d/tool-call/iar-tool-call.el (source)...
[tool-call] Layer installed
Loading /root/.emacs.d/init.d/tool-call/iar-tool-result-timestamp.el (source)...
Loading /root/.emacs.d/init.d/tool-call/iar-tool-result-budget.el (source)...
Loading /root/.emacs.d/init.d/tool-call/iar-request-log.el (source)...
[request-log] Witness installed
Loading /root/.emacs.d/init.d/tool-call/iar-context-fence.el (source)...
Loading /root/.emacs.d/init.d/tool-call/iar-msgs-fence.el (source)...
Loading /root/.emacs.d/init.d/tool-call/iar-request-watchdog.el (source)...
[watchdog] Request watchdog installed
Loading /root/.emacs.d/init.d/tool-call/iar-text-mode-detector.el (source)...
Loading /root/.emacs.d/init.d/agent/iar-prompt-loader.el (source)...
Loading /root/.emacs.d/init.d/core/iar-mount-awareness.el (source)...
Loading /root/.emacs.d/init.d/core/iar-rate-limit.el (source)...
Loading /root/.emacs.d/init.d/security/iar-output-sanitizer.el (source)...
Loading /root/.emacs.d/init.d/security/iar-file-guard.el (source)...
Loading /root/.emacs.d/init.d/security/iar-audit-log.el (source)...
Loading /root/.emacs.d/init.d/security/iar-loop-guard.el (source)...
Loading /root/.emacs.d/init.d/security/iar-loop-guard-chain.el (source)...
Loading /root/.emacs.d/init.d/security/iar-tool-guard.el (source)...
Loading /root/.emacs.d/init.d/security/iar-utf8-scrub.el (source)...
Loading /root/.emacs.d/init.d/tools/filesystem/list_directory.el (source)...
Loading /root/.emacs.d/init.d/tools/filesystem/read_file.el (source)...
Loading /root/.emacs.d/init.d/tools/filesystem/write_file.el (source)...
Loading /root/.emacs.d/init.d/tools/filesystem/append_file.el (source)...
Loading /root/.emacs.d/init.d/tools/code/execute_code_local.el (source)...
Loading /root/.emacs.d/init.d/tools/code/execute_code_remote.el (source)...
Loading /root/.emacs.d/init.d/tools/code/check_elisp.el (source)...
Loading /root/.emacs.d/init.d/tools/tasks/read_task.el (source)...
Loading /root/.emacs.d/init.d/tools/tasks/create_task.el (source)...
Loading /root/.emacs.d/init.d/tools/tasks/write_subtask.el (source)...
Loading /root/.emacs.d/init.d/tools/tasks/remove_task.el (source)...
Loading /root/.emacs.d/init.d/tools/tasks/read_history.el (source)...
Loading /root/.emacs.d/init.d/tools/tasks/read_roadmap.el (source)...
Loading /root/.emacs.d/init.d/tools/tasks/write_roadmap.el (source)...
Loading /root/.emacs.d/init.d/tools/notify/telegram.el (source)...
Loading /root/.emacs.d/init.d/tools/git/git_commit.el (source)...
Loading /root/.emacs.d/init.d/tools/knowledge/read_knowledge.el (source)...
Loading /root/.emacs.d/init.d/agent/iar-project-parser.el (source)...
Loading /root/.emacs.d/init.d/agent/iar-prompt-assembly.el (source)...
Loading /root/.emacs.d/init.d/agent/iar-agent-loader.el (source)...
Loading /root/.emacs.d/init.d/agent/iar-knowledge-loader.el (source)...
Loading /root/.emacs.d/init.d/agent/iar-buffer-info.el (source)...
Loading /root/.emacs.d/init.d/tools/agent/delegate.el (source)...
Loading /root/.emacs.d/init.d/tools/agent/reload_os.el (source)...
Loading /root/.emacs.d/init.d/tools/agent/reload_agent.el (source)...
Loading /root/.emacs.d/init.d/tools/agent/read_own_prompt.el (source)...
Loading /root/.emacs.d/init.d/agent/iar-guidelines-checker.el (source)...
Loading /root/.emacs.d/init.d/agent/iar-agent-cycle.el (source)...
Loading /root/.emacs.d/init.d/debug/iar-status-mode.el (source)...
[status-mode] Installed
Loading /root/.emacs.d/init.d/session/iar-quit.el (source)...
[continuo] Starting cycle with 3600s timeout (archetype: aria-cycle, project: iar, cycle: continuo_daily)
[continuo] Assembled prompt: 41588 chars (~10397 tokens), 21 tools
[continuo] Sending cycle prompt to continuo agent...
Querying Ollama...
[continuo] Terminal sentinel echo (pre-tool-call, CYCLE) -- closing cycle
[continuo] Cycle complete. Turns: 0, Tool calls: 40, Exit: 0
Tokens: 1134568 in / 31536 out / 1166104 total
Requests: 40
[0;32m[INF][2026-09-14 01:58:46][0m Cycle 1 succeeded in 432s (exit 0)

[0;34m[INF][2026-09-14 02:13:22][0m --- Cycle 1/1 ---
Already up to date.
============================================
  Preflight Mount Audit — Emacboros
  2026-09-14T05:13:23Z
============================================

--- Phase 1: /proc/mounts scan ---

--- Phase 2: Writability tests ---
[0;32m[PASS][0m /root/.emacs.d/.git/hooks — does not exist
[0;32m[PASS][0m /var/run/docker.sock — does not exist
[0;32m[PASS][0m /etc/cron.d — does not exist
[0;32m[PASS][0m /var/spool/cron — does not exist
[0;32m[PASS][0m /etc/systemd/system — directory is read-only
[0;32m[PASS][0m /etc/systemd — directory is read-only

--- Phase 3: Capability audit ---
[0;32m[PASS][0m CAP_DAC_OVERRIDE (bit 1) is not set — can bypass file read/write/execute permissions
[0;32m[PASS][0m CAP_SYS_ADMIN (bit 21) is not set — broad system administration (mount, namespaces, etc.)
[0;32m[PASS][0m CAP_SETUID (bit 7) is not set — can change process UID
[0;32m[PASS][0m CAP_SETGID (bit 6) is not set — can change process GID
[0;32m[PASS][0m CAP_MKNOD (bit 27) is not set — can create special device files
[0;32m[PASS][0m CAP_NET_RAW (bit 13) is SET (expected) — can create raw network sockets (needed for nmap/traceroute)
[0;32m[PASS][0m CAP_NET_BIND_SERVICE (bit 10) is SET (expected) — can bind to ports < 1024
[0;32m[PASS][0m CAP_FOWNER (bit 3) is not set — can bypass file ownership checks
[0;32m[PASS][0m CAP_SETFCAP (bit 31) is not set — can set file capabilities

--- Phase 4: Host mount audit ---
Writable real-filesystem mounts:
[0;33m[WARN][0m Host mount: /sys/kernel/security (securityfs, rw,nosuid,nodev,noexec,relatime)
[0;33m[WARN][0m Host mount: /sys/fs/cgroup (cgroup2, rw,seclabel,nosuid,nodev,noexec,relatime,nsdelegate,memory_recursiveprot,memory_hugetlb_accounting)
[0;33m[WARN][0m Host mount: /sys/fs/pstore (pstore, rw,seclabel,nosuid,nodev,noexec,relatime)
[0;33m[WARN][0m Host mount: /sys/firmware/efi/efivars (efivarfs, rw,nosuid,nodev,noexec,relatime)
[0;33m[WARN][0m Host mount: /sys/fs/bpf (bpf, rw,nosuid,nodev,noexec,relatime,mode=700)
[0;33m[WARN][0m Host mount: /sys/kernel/config (configfs, rw,nosuid,nodev,noexec,relatime)
[0;33m[WARN][0m Host mount: /sys/fs/selinux (selinuxfs, rw,nosuid,noexec,relatime)
[0;33m[WARN][0m Host mount: /sys/fs/fuse/connections (fusectl, rw,nosuid,nodev,noexec,relatime)
[0;33m[WARN][0m Host mount: /sys/kernel/debug (debugfs, rw,seclabel,nosuid,nodev,noexec,relatime)
[0;33m[WARN][0m Host mount: /sys/kernel/debug/tracing (tracefs, rw,seclabel,nosuid,nodev,noexec,relatime)
[0;33m[WARN][0m Host mount: /sys/kernel/tracing (tracefs, rw,seclabel,nosuid,nodev,noexec,relatime)
[0;33m[WARN][0m Host mount: /root/i.ar (btrfs, rw,seclabel,relatime,compress=zstd:1,ssd,discard=async,space_cache=v2,subvolid=256,subvol=/root)
[0;33m[WARN][0m Host mount: /root/personalization (btrfs, rw,seclabel,relatime,compress=zstd:1,ssd,discard=async,space_cache=v2,subvolid=256,subvol=/root)
[0;33m[WARN][0m Host mount: /root/.emacs.d (btrfs, rw,seclabel,relatime,compress=zstd:1,ssd,discard=async,space_cache=v2,subvolid=256,subvol=/root)
[0;33m[WARN][0m Host mount: /root/.emacs.d/gptel-fork (btrfs, rw,seclabel,relatime,compress=zstd:1,ssd,discard=async,space_cache=v2,subvolid=256,subvol=/root)
[0;33m[WARN][0m Host mount: /root/.emacs.d/metaconfig (btrfs, rw,seclabel,relatime,compress=zstd:1,ssd,discard=async,space_cache=v2,subvolid=256,subvol=/root)
[0;33m[WARN][0m Host mount: /root/i.ar/prompts (btrfs, rw,seclabel,relatime,compress=zstd:1,ssd,discard=async,space_cache=v2,subvolid=256,subvol=/root)

============================================
[0;32m  PREFLIGHT PASSED[0m
============================================
Loading /root/.emacs.d/configs/paths.el (source)...
Loading /root/.emacs.d/configs/predicates.el (source)...
Loading /root/.emacs.d/configs/keybindings.el (source)...
Loading /root/.emacs.d/configs/delimiters.el (source)...
Loading /root/.emacs.d/configs/git.el (source)...
Loading /root/.emacs.d/configs/fork.el (source)...
Loading /root/.emacs.d/configs/delegate.el (source)...
Loading /root/.emacs.d/configs/cycle.el (source)...
Loading /root/.emacs.d/configs/loop-guard.el (source)...
Loading /root/.emacs.d/configs/memory.el (source)...
Loading /root/.emacs.d/configs/file-guard.el (source)...
Loading /root/.emacs.d/configs/tool-limits.el (source)...
Loading /root/.emacs.d/configs/tasks.el (source)...
Loading /root/.emacs.d/configs/mcp.el (source)...
Loading /root/.emacs.d/init.d/shared/iar-utils.el (source)...
Loading /root/.emacs.d/init.d/shared/iar-agent-utils.el (source)...
Loading /root/.emacs.d/init.d/core/iar-locale.el (source)...
Loading /root/.emacs.d/init.d/core/iar-package-setup.el (source)...
Loading /root/.emacs.d/init.d/core/iar-ui-cleanup.el (source)...
Loading /root/.emacs.d/init.d/core/iar-evil-mode.el (source)...
Loading /root/.emacs.d/init.d/core/iar-gptel-setup.el (source)...
[gptel] Using fork from /root/.emacs.d/gptel-fork (overriding ELPA package)
Loading /root/.emacs.d/configs/gptel.el (source)...
Loading /root/.emacs.d/init.d/core/iar-mcp-setup.el (source)...
Loading /root/.emacs.d/init.d/tool-call/iar-malformed-args.el (source)...
Loading /root/.emacs.d/init.d/tool-call/iar-tool-call.el (source)...
[tool-call] Layer installed
Loading /root/.emacs.d/init.d/tool-call/iar-tool-result-timestamp.el (source)...
Loading /root/.emacs.d/init.d/tool-call/iar-tool-result-budget.el (source)...
Loading /root/.emacs.d/init.d/tool-call/iar-request-log.el (source)...
[request-log] Witness installed
Loading /root/.emacs.d/init.d/tool-call/iar-context-fence.el (source)...
Loading /root/.emacs.d/init.d/tool-call/iar-msgs-fence.el (source)...
Loading /root/.emacs.d/init.d/tool-call/iar-request-watchdog.el (source)...
[watchdog] Request watchdog installed
Loading /root/.emacs.d/init.d/tool-call/iar-text-mode-detector.el (source)...
Loading /root/.emacs.d/init.d/agent/iar-prompt-loader.el (source)...
Loading /root/.emacs.d/init.d/core/iar-mount-awareness.el (source)...
Loading /root/.emacs.d/init.d/core/iar-rate-limit.el (source)...
Loading /root/.emacs.d/init.d/security/iar-output-sanitizer.el (source)...
Loading /root/.emacs.d/init.d/security/iar-file-guard.el (source)...
Loading /root/.emacs.d/init.d/security/iar-audit-log.el (source)...
Loading /root/.emacs.d/init.d/security/iar-loop-guard.el (source)...
Loading /root/.emacs.d/init.d/security/iar-loop-guard-chain.el (source)...
Loading /root/.emacs.d/init.d/security/iar-tool-guard.el (source)...
Loading /root/.emacs.d/init.d/security/iar-utf8-scrub.el (source)...
Loading /root/.emacs.d/init.d/tools/filesystem/list_directory.el (source)...
Loading /root/.emacs.d/init.d/tools/filesystem/read_file.el (source)...
Loading /root/.emacs.d/init.d/tools/filesystem/write_file.el (source)...
Loading /root/.emacs.d/init.d/tools/filesystem/append_file.el (source)...
Loading /root/.emacs.d/init.d/tools/code/execute_code_local.el (source)...
Loading /root/.emacs.d/init.d/tools/code/execute_code_remote.el (source)...
Loading /root/.emacs.d/init.d/tools/code/check_elisp.el (source)...
Loading /root/.emacs.d/init.d/tools/tasks/read_task.el (source)...
Loading /root/.emacs.d/init.d/tools/tasks/create_task.el (source)...
Loading /root/.emacs.d/init.d/tools/tasks/write_subtask.el (source)...
Loading /root/.emacs.d/init.d/tools/tasks/remove_task.el (source)...
Loading /root/.emacs.d/init.d/tools/tasks/read_history.el (source)...
Loading /root/.emacs.d/init.d/tools/tasks/read_roadmap.el (source)...
Loading /root/.emacs.d/init.d/tools/tasks/write_roadmap.el (source)...
Loading /root/.emacs.d/init.d/tools/notify/telegram.el (source)...
Loading /root/.emacs.d/init.d/tools/git/git_commit.el (source)...
Loading /root/.emacs.d/init.d/tools/knowledge/read_knowledge.el (source)...
Loading /root/.emacs.d/init.d/agent/iar-project-parser.el (source)...
Loading /root/.emacs.d/init.d/agent/iar-prompt-assembly.el (source)...
Loading /root/.emacs.d/init.d/agent/iar-agent-loader.el (source)...
Loading /root/.emacs.d/init.d/agent/iar-knowledge-loader.el (source)...
Loading /root/.emacs.d/init.d/agent/iar-buffer-info.el (source)...
Loading /root/.emacs.d/init.d/tools/agent/delegate.el (source)...
Loading /root/.emacs.d/init.d/tools/agent/reload_os.el (source)...
Loading /root/.emacs.d/init.d/tools/agent/reload_agent.el (source)...
Loading /root/.emacs.d/init.d/tools/agent/read_own_prompt.el (source)...
Loading /root/.emacs.d/init.d/agent/iar-guidelines-checker.el (source)...
Loading /root/.emacs.d/init.d/agent/iar-agent-cycle.el (source)...
Loading /root/.emacs.d/init.d/debug/iar-status-mode.el (source)...
[status-mode] Installed
Loading /root/.emacs.d/init.d/session/iar-quit.el (source)...
[continuo] Starting cycle with 3600s timeout (archetype: aria-cycle, project: iar, cycle: continuo_daily)
[continuo] Assembled prompt: 41588 chars (~10397 tokens), 21 tools
[continuo] Sending cycle prompt to continuo agent...
Querying Ollama...
[continuo] Terminal sentinel echo (pre-tool-call, CYCLE) -- closing cycle
[continuo] Cycle complete. Turns: 0, Tool calls: 27, Exit: 0
Tokens: 582743 in / 20819 out / 603562 total
Requests: 27
[0;32m[INF][2026-09-14 02:18:21][0m Cycle 1 succeeded in 299s (exit 0)

[0;34m[INF][2026-09-14 02:37:43][0m --- Cycle 1/1 ---
Already up to date.
============================================
  Preflight Mount Audit — Emacboros
  2026-09-14T05:37:43Z
============================================

--- Phase 1: /proc/mounts scan ---

--- Phase 2: Writability tests ---
[0;32m[PASS][0m /root/.emacs.d/.git/hooks — does not exist
[0;32m[PASS][0m /var/run/docker.sock — does not exist
[0;32m[PASS][0m /etc/cron.d — does not exist
[0;32m[PASS][0m /var/spool/cron — does not exist
[0;32m[PASS][0m /etc/systemd/system — directory is read-only
[0;32m[PASS][0m /etc/systemd — directory is read-only

--- Phase 3: Capability audit ---
[0;32m[PASS][0m CAP_DAC_OVERRIDE (bit 1) is not set — can bypass file read/write/execute permissions
[0;32m[PASS][0m CAP_SYS_ADMIN (bit 21) is not set — broad system administration (mount, namespaces, etc.)
[0;32m[PASS][0m CAP_SETUID (bit 7) is not set — can change process UID
[0;32m[PASS][0m CAP_SETGID (bit 6) is not set — can change process GID
[0;32m[PASS][0m CAP_MKNOD (bit 27) is not set — can create special device files
[0;32m[PASS][0m CAP_NET_RAW (bit 13) is SET (expected) — can create raw network sockets (needed for nmap/traceroute)
[0;32m[PASS][0m CAP_NET_BIND_SERVICE (bit 10) is SET (expected) — can bind to ports < 1024
[0;32m[PASS][0m CAP_FOWNER (bit 3) is not set — can bypass file ownership checks
[0;32m[PASS][0m CAP_SETFCAP (bit 31) is not set — can set file capabilities

--- Phase 4: Host mount audit ---
Writable real-filesystem mounts:
[0;33m[WARN][0m Host mount: /sys/kernel/security (securityfs, rw,nosuid,nodev,noexec,relatime)
[0;33m[WARN][0m Host mount: /sys/fs/cgroup (cgroup2, rw,seclabel,nosuid,nodev,noexec,relatime,nsdelegate,memory_recursiveprot,memory_hugetlb_accounting)
[0;33m[WARN][0m Host mount: /sys/fs/pstore (pstore, rw,seclabel,nosuid,nodev,noexec,relatime)
[0;33m[WARN][0m Host mount: /sys/firmware/efi/efivars (efivarfs, rw,nosuid,nodev,noexec,relatime)
[0;33m[WARN][0m Host mount: /sys/fs/bpf (bpf, rw,nosuid,nodev,noexec,relatime,mode=700)
[0;33m[WARN][0m Host mount: /sys/kernel/config (configfs, rw,nosuid,nodev,noexec,relatime)
[0;33m[WARN][0m Host mount: /sys/fs/selinux (selinuxfs, rw,nosuid,noexec,relatime)
[0;33m[WARN][0m Host mount: /sys/fs/fuse/connections (fusectl, rw,nosuid,nodev,noexec,relatime)
[0;33m[WARN][0m Host mount: /sys/kernel/debug (debugfs, rw,seclabel,nosuid,nodev,noexec,relatime)
[0;33m[WARN][0m Host mount: /sys/kernel/debug/tracing (tracefs, rw,seclabel,nosuid,nodev,noexec,relatime)
[0;33m[WARN][0m Host mount: /sys/kernel/tracing (tracefs, rw,seclabel,nosuid,nodev,noexec,relatime)
[0;33m[WARN][0m Host mount: /root/.emacs.d (btrfs, rw,seclabel,relatime,compress=zstd:1,ssd,discard=async,space_cache=v2,subvolid=256,subvol=/root)
[0;33m[WARN][0m Host mount: /root/i.ar (btrfs, rw,seclabel,relatime,compress=zstd:1,ssd,discard=async,space_cache=v2,subvolid=256,subvol=/root)
[0;33m[WARN][0m Host mount: /root/personalization (btrfs, rw,seclabel,relatime,compress=zstd:1,ssd,discard=async,space_cache=v2,subvolid=256,subvol=/root)
[0;33m[WARN][0m Host mount: /root/.emacs.d/metaconfig (btrfs, rw,seclabel,relatime,compress=zstd:1,ssd,discard=async,space_cache=v2,subvolid=256,subvol=/root)
[0;33m[WARN][0m Host mount: /root/.emacs.d/gptel-fork (btrfs, rw,seclabel,relatime,compress=zstd:1,ssd,discard=async,space_cache=v2,subvolid=256,subvol=/root)
[0;33m[WARN][0m Host mount: /root/i.ar/prompts (btrfs, rw,seclabel,relatime,compress=zstd:1,ssd,discard=async,space_cache=v2,subvolid=256,subvol=/root)

============================================
[0;32m  PREFLIGHT PASSED[0m
============================================
Loading /root/.emacs.d/configs/paths.el (source)...
Loading /root/.emacs.d/configs/predicates.el (source)...
Loading /root/.emacs.d/configs/keybindings.el (source)...
Loading /root/.emacs.d/configs/delimiters.el (source)...
Loading /root/.emacs.d/configs/git.el (source)...
Loading /root/.emacs.d/configs/fork.el (source)...
Loading /root/.emacs.d/configs/delegate.el (source)...
Loading /root/.emacs.d/configs/cycle.el (source)...
Loading /root/.emacs.d/configs/loop-guard.el (source)...
Loading /root/.emacs.d/configs/memory.el (source)...
Loading /root/.emacs.d/configs/file-guard.el (source)...
Loading /root/.emacs.d/configs/tool-limits.el (source)...
Loading /root/.emacs.d/configs/tasks.el (source)...
Loading /root/.emacs.d/configs/mcp.el (source)...
Loading /root/.emacs.d/init.d/shared/iar-utils.el (source)...
Loading /root/.emacs.d/init.d/shared/iar-agent-utils.el (source)...
Loading /root/.emacs.d/init.d/core/iar-locale.el (source)...
Loading /root/.emacs.d/init.d/core/iar-package-setup.el (source)...
Loading /root/.emacs.d/init.d/core/iar-ui-cleanup.el (source)...
Loading /root/.emacs.d/init.d/core/iar-evil-mode.el (source)...
Loading /root/.emacs.d/init.d/core/iar-gptel-setup.el (source)...
[gptel] Using fork from /root/.emacs.d/gptel-fork (overriding ELPA package)
Loading /root/.emacs.d/configs/gptel.el (source)...
Loading /root/.emacs.d/init.d/core/iar-mcp-setup.el (source)...
Loading /root/.emacs.d/init.d/tool-call/iar-malformed-args.el (source)...
Loading /root/.emacs.d/init.d/tool-call/iar-tool-call.el (source)...
[tool-call] Layer installed
Loading /root/.emacs.d/init.d/tool-call/iar-tool-result-timestamp.el (source)...
Loading /root/.emacs.d/init.d/tool-call/iar-tool-result-budget.el (source)...
Loading /root/.emacs.d/init.d/tool-call/iar-request-log.el (source)...
[request-log] Witness installed
Loading /root/.emacs.d/init.d/tool-call/iar-context-fence.el (source)...
Loading /root/.emacs.d/init.d/tool-call/iar-msgs-fence.el (source)...
Loading /root/.emacs.d/init.d/tool-call/iar-request-watchdog.el (source)...
[watchdog] Request watchdog installed
Loading /root/.emacs.d/init.d/tool-call/iar-text-mode-detector.el (source)...
Loading /root/.emacs.d/init.d/agent/iar-prompt-loader.el (source)...
Loading /root/.emacs.d/init.d/core/iar-mount-awareness.el (source)...
Loading /root/.emacs.d/init.d/core/iar-rate-limit.el (source)...
Loading /root/.emacs.d/init.d/security/iar-output-sanitizer.el (source)...
Loading /root/.emacs.d/init.d/security/iar-file-guard.el (source)...
Loading /root/.emacs.d/init.d/security/iar-audit-log.el (source)...
Loading /root/.emacs.d/init.d/security/iar-loop-guard.el (source)...
Loading /root/.emacs.d/init.d/security/iar-loop-guard-chain.el (source)...
Loading /root/.emacs.d/init.d/security/iar-tool-guard.el (source)...
Loading /root/.emacs.d/init.d/security/iar-utf8-scrub.el (source)...
Loading /root/.emacs.d/init.d/tools/filesystem/list_directory.el (source)...
Loading /root/.emacs.d/init.d/tools/filesystem/read_file.el (source)...
Loading /root/.emacs.d/init.d/tools/filesystem/write_file.el (source)...
Loading /root/.emacs.d/init.d/tools/filesystem/append_file.el (source)...
Loading /root/.emacs.d/init.d/tools/code/execute_code_local.el (source)...
Loading /root/.emacs.d/init.d/tools/code/execute_code_remote.el (source)...
Loading /root/.emacs.d/init.d/tools/code/check_elisp.el (source)...
Loading /root/.emacs.d/init.d/tools/tasks/read_task.el (source)...
Loading /root/.emacs.d/init.d/tools/tasks/create_task.el (source)...
Loading /root/.emacs.d/init.d/tools/tasks/write_subtask.el (source)...
Loading /root/.emacs.d/init.d/tools/tasks/remove_task.el (source)...
Loading /root/.emacs.d/init.d/tools/tasks/read_history.el (source)...
Loading /root/.emacs.d/init.d/tools/tasks/read_roadmap.el (source)...
Loading /root/.emacs.d/init.d/tools/tasks/write_roadmap.el (source)...
Loading /root/.emacs.d/init.d/tools/notify/telegram.el (source)...
Loading /root/.emacs.d/init.d/tools/git/git_commit.el (source)...
Loading /root/.emacs.d/init.d/tools/knowledge/read_knowledge.el (source)...
Loading /root/.emacs.d/init.d/agent/iar-project-parser.el (source)...
Loading /root/.emacs.d/init.d/agent/iar-prompt-assembly.el (source)...
Loading /root/.emacs.d/init.d/agent/iar-agent-loader.el (source)...
Loading /root/.emacs.d/init.d/agent/iar-knowledge-loader.el (source)...
Loading /root/.emacs.d/init.d/agent/iar-buffer-info.el (source)...
Loading /root/.emacs.d/init.d/tools/agent/delegate.el (source)...
Loading /root/.emacs.d/init.d/tools/agent/reload_os.el (source)...
Loading /root/.emacs.d/init.d/tools/agent/reload_agent.el (source)...
Loading /root/.emacs.d/init.d/tools/agent/read_own_prompt.el (source)...
Loading /root/.emacs.d/init.d/agent/iar-guidelines-checker.el (source)...
Loading /root/.emacs.d/init.d/agent/iar-agent-cycle.el (source)...
Loading /root/.emacs.d/init.d/debug/iar-status-mode.el (source)...
[status-mode] Installed
Loading /root/.emacs.d/init.d/session/iar-quit.el (source)...
[continuo] Starting cycle with 3600s timeout (archetype: aria-cycle, project: iar, cycle: continuo_daily)
[continuo] Assembled prompt: 41592 chars (~10398 tokens), 21 tools
[continuo] Sending cycle prompt to continuo agent...
Querying Ollama...
Querying Ollama...
[continuo] Terminal sentinel echo (pre-tool-call, CYCLE) -- closing cycle
[continuo] Cycle complete. Turns: 1, Tool calls: 39, Exit: 0
Tokens: 1048869 in / 20591 out / 1069460 total
Requests: 40
[0;32m[INF][2026-09-14 02:43:35][0m Cycle 1 succeeded in 352s (exit 0)

[0;34m[INF][2026-09-14 02:52:29][0m --- Cycle 1/1 ---
Already up to date.
============================================
  Preflight Mount Audit — Emacboros
  2026-09-14T05:52:30Z
============================================

--- Phase 1: /proc/mounts scan ---

--- Phase 2: Writability tests ---
[0;32m[PASS][0m /root/.emacs.d/.git/hooks — does not exist
[0;32m[PASS][0m /var/run/docker.sock — does not exist
[0;32m[PASS][0m /etc/cron.d — does not exist
[0;32m[PASS][0m /var/spool/cron — does not exist
[0;32m[PASS][0m /etc/systemd/system — directory is read-only
[0;32m[PASS][0m /etc/systemd — directory is read-only

--- Phase 3: Capability audit ---
[0;32m[PASS][0m CAP_DAC_OVERRIDE (bit 1) is not set — can bypass file read/write/execute permissions
[0;32m[PASS][0m CAP_SYS_ADMIN (bit 21) is not set — broad system administration (mount, namespaces, etc.)
[0;32m[PASS][0m CAP_SETUID (bit 7) is not set — can change process UID
[0;32m[PASS][0m CAP_SETGID (bit 6) is not set — can change process GID
[0;32m[PASS][0m CAP_MKNOD (bit 27) is not set — can create special device files
[0;32m[PASS][0m CAP_NET_RAW (bit 13) is SET (expected) — can create raw network sockets (needed for nmap/traceroute)
[0;32m[PASS][0m CAP_NET_BIND_SERVICE (bit 10) is SET (expected) — can bind to ports < 1024
[0;32m[PASS][0m CAP_FOWNER (bit 3) is not set — can bypass file ownership checks
[0;32m[PASS][0m CAP_SETFCAP (bit 31) is not set — can set file capabilities

--- Phase 4: Host mount audit ---
Writable real-filesystem mounts:
[0;33m[WARN][0m Host mount: /sys/kernel/security (securityfs, rw,nosuid,nodev,noexec,relatime)
[0;33m[WARN][0m Host mount: /sys/fs/cgroup (cgroup2, rw,seclabel,nosuid,nodev,noexec,relatime,nsdelegate,memory_recursiveprot,memory_hugetlb_accounting)
[0;33m[WARN][0m Host mount: /sys/fs/pstore (pstore, rw,seclabel,nosuid,nodev,noexec,relatime)
[0;33m[WARN][0m Host mount: /sys/firmware/efi/efivars (efivarfs, rw,nosuid,nodev,noexec,relatime)
[0;33m[WARN][0m Host mount: /sys/fs/bpf (bpf, rw,nosuid,nodev,noexec,relatime,mode=700)
[0;33m[WARN][0m Host mount: /sys/kernel/config (configfs, rw,nosuid,nodev,noexec,relatime)
[0;33m[WARN][0m Host mount: /sys/fs/selinux (selinuxfs, rw,nosuid,noexec,relatime)
[0;33m[WARN][0m Host mount: /sys/fs/fuse/connections (fusectl, rw,nosuid,nodev,noexec,relatime)
[0;33m[WARN][0m Host mount: /sys/kernel/debug (debugfs, rw,seclabel,nosuid,nodev,noexec,relatime)
[0;33m[WARN][0m Host mount: /sys/kernel/debug/tracing (tracefs, rw,seclabel,nosuid,nodev,noexec,relatime)
[0;33m[WARN][0m Host mount: /sys/kernel/tracing (tracefs, rw,seclabel,nosuid,nodev,noexec,relatime)
[0;33m[WARN][0m Host mount: /root/.emacs.d (btrfs, rw,seclabel,relatime,compress=zstd:1,ssd,discard=async,space_cache=v2,subvolid=256,subvol=/root)
[0;33m[WARN][0m Host mount: /root/i.ar (btrfs, rw,seclabel,relatime,compress=zstd:1,ssd,discard=async,space_cache=v2,subvolid=256,subvol=/root)
[0;33m[WARN][0m Host mount: /root/personalization (btrfs, rw,seclabel,relatime,compress=zstd:1,ssd,discard=async,space_cache=v2,subvolid=256,subvol=/root)
[0;33m[WARN][0m Host mount: /root/i.ar/prompts (btrfs, rw,seclabel,relatime,compress=zstd:1,ssd,discard=async,space_cache=v2,subvolid=256,subvol=/root)
[0;33m[WARN][0m Host mount: /root/.emacs.d/gptel-fork (btrfs, rw,seclabel,relatime,compress=zstd:1,ssd,discard=async,space_cache=v2,subvolid=256,subvol=/root)
[0;33m[WARN][0m Host mount: /root/.emacs.d/metaconfig (btrfs, rw,seclabel,relatime,compress=zstd:1,ssd,discard=async,space_cache=v2,subvolid=256,subvol=/root)

============================================
[0;32m  PREFLIGHT PASSED[0m
============================================
Loading /root/.emacs.d/configs/paths.el (source)...
Loading /root/.emacs.d/configs/predicates.el (source)...
Loading /root/.emacs.d/configs/keybindings.el (source)...
Loading /root/.emacs.d/configs/delimiters.el (source)...
Loading /root/.emacs.d/configs/git.el (source)...
Loading /root/.emacs.d/configs/fork.el (source)...
Loading /root/.emacs.d/configs/delegate.el (source)...
Loading /root/.emacs.d/configs/cycle.el (source)...
Loading /root/.emacs.d/configs/loop-guard.el (source)...
Loading /root/.emacs.d/configs/memory.el (source)...
Loading /root/.emacs.d/configs/file-guard.el (source)...
Loading /root/.emacs.d/configs/tool-limits.el (source)...
Loading /root/.emacs.d/configs/tasks.el (source)...
Loading /root/.emacs.d/configs/mcp.el (source)...
Loading /root/.emacs.d/init.d/shared/iar-utils.el (source)...
Loading /root/.emacs.d/init.d/shared/iar-agent-utils.el (source)...
Loading /root/.emacs.d/init.d/core/iar-locale.el (source)...
Loading /root/.emacs.d/init.d/core/iar-package-setup.el (source)...
Loading /root/.emacs.d/init.d/core/iar-ui-cleanup.el (source)...
Loading /root/.emacs.d/init.d/core/iar-evil-mode.el (source)...
Loading /root/.emacs.d/init.d/core/iar-gptel-setup.el (source)...
[gptel] Using fork from /root/.emacs.d/gptel-fork (overriding ELPA package)
Loading /root/.emacs.d/configs/gptel.el (source)...
Loading /root/.emacs.d/init.d/core/iar-mcp-setup.el (source)...
Loading /root/.emacs.d/init.d/tool-call/iar-malformed-args.el (source)...
Loading /root/.emacs.d/init.d/tool-call/iar-tool-call.el (source)...
[tool-call] Layer installed
Loading /root/.emacs.d/init.d/tool-call/iar-tool-result-timestamp.el (source)...
Loading /root/.emacs.d/init.d/tool-call/iar-tool-result-budget.el (source)...
Loading /root/.emacs.d/init.d/tool-call/iar-request-log.el (source)...
[request-log] Witness installed
Loading /root/.emacs.d/init.d/tool-call/iar-context-fence.el (source)...
Loading /root/.emacs.d/init.d/tool-call/iar-msgs-fence.el (source)...
Loading /root/.emacs.d/init.d/tool-call/iar-request-watchdog.el (source)...
[watchdog] Request watchdog installed
Loading /root/.emacs.d/init.d/tool-call/iar-text-mode-detector.el (source)...
Loading /root/.emacs.d/init.d/agent/iar-prompt-loader.el (source)...
Loading /root/.emacs.d/init.d/core/iar-mount-awareness.el (source)...
Loading /root/.emacs.d/init.d/core/iar-rate-limit.el (source)...
Loading /root/.emacs.d/init.d/security/iar-output-sanitizer.el (source)...
Loading /root/.emacs.d/init.d/security/iar-file-guard.el (source)...
Loading /root/.emacs.d/init.d/security/iar-audit-log.el (source)...
Loading /root/.emacs.d/init.d/security/iar-loop-guard.el (source)...
Loading /root/.emacs.d/init.d/security/iar-loop-guard-chain.el (source)...
Loading /root/.emacs.d/init.d/security/iar-tool-guard.el (source)...
Loading /root/.emacs.d/init.d/security/iar-utf8-scrub.el (source)...
Loading /root/.emacs.d/init.d/tools/filesystem/list_directory.el (source)...
Loading /root/.emacs.d/init.d/tools/filesystem/read_file.el (source)...
Loading /root/.emacs.d/init.d/tools/filesystem/write_file.el (source)...
Loading /root/.emacs.d/init.d/tools/filesystem/append_file.el (source)...
Loading /root/.emacs.d/init.d/tools/code/execute_code_local.el (source)...
Loading /root/.emacs.d/init.d/tools/code/execute_code_remote.el (source)...
Loading /root/.emacs.d/init.d/tools/code/check_elisp.el (source)...
Loading /root/.emacs.d/init.d/tools/tasks/read_task.el (source)...
Loading /root/.emacs.d/init.d/tools/tasks/create_task.el (source)...
Loading /root/.emacs.d/init.d/tools/tasks/write_subtask.el (source)...
Loading /root/.emacs.d/init.d/tools/tasks/remove_task.el (source)...
Loading /root/.emacs.d/init.d/tools/tasks/read_history.el (source)...
Loading /root/.emacs.d/init.d/tools/tasks/read_roadmap.el (source)...
Loading /root/.emacs.d/init.d/tools/tasks/write_roadmap.el (source)...
Loading /root/.emacs.d/init.d/tools/notify/telegram.el (source)...
Loading /root/.emacs.d/init.d/tools/git/git_commit.el (source)...
Loading /root/.emacs.d/init.d/tools/knowledge/read_knowledge.el (source)...
Loading /root/.emacs.d/init.d/agent/iar-project-parser.el (source)...
Loading /root/.emacs.d/init.d/agent/iar-prompt-assembly.el (source)...
Loading /root/.emacs.d/init.d/agent/iar-agent-loader.el (source)...
Loading /root/.emacs.d/init.d/agent/iar-knowledge-loader.el (source)...
Loading /root/.emacs.d/init.d/agent/iar-buffer-info.el (source)...
Loading /root/.emacs.d/init.d/tools/agent/delegate.el (source)...
Loading /root/.emacs.d/init.d/tools/agent/reload_os.el (source)...
Loading /root/.emacs.d/init.d/tools/agent/reload_agent.el (source)...
Loading /root/.emacs.d/init.d/tools/agent/read_own_prompt.el (source)...
Loading /root/.emacs.d/init.d/agent/iar-guidelines-checker.el (source)...
Loading /root/.emacs.d/init.d/agent/iar-agent-cycle.el (source)...
Loading /root/.emacs.d/init.d/debug/iar-status-mode.el (source)...
[status-mode] Installed
Loading /root/.emacs.d/init.d/session/iar-quit.el (source)...
[continuo] Starting cycle with 3600s timeout (archetype: aria-cycle, project: iar, cycle: continuo_daily)
[continuo] Assembled prompt: 41590 chars (~10397 tokens), 21 tools
[continuo] Sending cycle prompt to continuo agent...
Querying Ollama...
[continuo] Terminal sentinel echo (pre-tool-call, CYCLE) -- closing cycle
[continuo] Cycle complete. Turns: 0, Tool calls: 22, Exit: 0
Tokens: 444623 in / 11915 out / 456538 total
Requests: 22
[0;32m[INF][2026-09-14 02:56:06][0m Cycle 1 succeeded in 217s (exit 0)

[0;34m[INF][2026-09-14 03:07:37][0m --- Cycle 1/1 ---
Already up to date.
============================================
  Preflight Mount Audit — Emacboros
  2026-09-14T06:07:37Z
============================================

--- Phase 1: /proc/mounts scan ---

--- Phase 2: Writability tests ---
[0;32m[PASS][0m /root/.emacs.d/.git/hooks — does not exist
[0;32m[PASS][0m /var/run/docker.sock — does not exist
[0;32m[PASS][0m /etc/cron.d — does not exist
[0;32m[PASS][0m /var/spool/cron — does not exist
[0;32m[PASS][0m /etc/systemd/system — directory is read-only
[0;32m[PASS][0m /etc/systemd — directory is read-only

--- Phase 3: Capability audit ---
[0;32m[PASS][0m CAP_DAC_OVERRIDE (bit 1) is not set — can bypass file read/write/execute permissions
[0;32m[PASS][0m CAP_SYS_ADMIN (bit 21) is not set — broad system administration (mount, namespaces, etc.)
[0;32m[PASS][0m CAP_SETUID (bit 7) is not set — can change process UID
[0;32m[PASS][0m CAP_SETGID (bit 6) is not set — can change process GID
[0;32m[PASS][0m CAP_MKNOD (bit 27) is not set — can create special device files
[0;32m[PASS][0m CAP_NET_RAW (bit 13) is SET (expected) — can create raw network sockets (needed for nmap/traceroute)
[0;32m[PASS][0m CAP_NET_BIND_SERVICE (bit 10) is SET (expected) — can bind to ports < 1024
[0;32m[PASS][0m CAP_FOWNER (bit 3) is not set — can bypass file ownership checks
[0;32m[PASS][0m CAP_SETFCAP (bit 31) is not set — can set file capabilities

--- Phase 4: Host mount audit ---
Writable real-filesystem mounts:
[0;33m[WARN][0m Host mount: /sys/kernel/security (securityfs, rw,nosuid,nodev,noexec,relatime)
[0;33m[WARN][0m Host mount: /sys/fs/cgroup (cgroup2, rw,seclabel,nosuid,nodev,noexec,relatime,nsdelegate,memory_recursiveprot,memory_hugetlb_accounting)
[0;33m[WARN][0m Host mount: /sys/fs/pstore (pstore, rw,seclabel,nosuid,nodev,noexec,relatime)
[0;33m[WARN][0m Host mount: /sys/firmware/efi/efivars (efivarfs, rw,nosuid,nodev,noexec,relatime)
[0;33m[WARN][0m Host mount: /sys/fs/bpf (bpf, rw,nosuid,nodev,noexec,relatime,mode=700)
[0;33m[WARN][0m Host mount: /sys/kernel/config (configfs, rw,nosuid,nodev,noexec,relatime)
[0;33m[WARN][0m Host mount: /sys/fs/selinux (selinuxfs, rw,nosuid,noexec,relatime)
[0;33m[WARN][0m Host mount: /sys/fs/fuse/connections (fusectl, rw,nosuid,nodev,noexec,relatime)
[0;33m[WARN][0m Host mount: /sys/kernel/debug (debugfs, rw,seclabel,nosuid,nodev,noexec,relatime)
[0;33m[WARN][0m Host mount: /sys/kernel/debug/tracing (tracefs, rw,seclabel,nosuid,nodev,noexec,relatime)
[0;33m[WARN][0m Host mount: /sys/kernel/tracing (tracefs, rw,seclabel,nosuid,nodev,noexec,relatime)
[0;33m[WARN][0m Host mount: /root/i.ar (btrfs, rw,seclabel,relatime,compress=zstd:1,ssd,discard=async,space_cache=v2,subvolid=256,subvol=/root)
[0;33m[WARN][0m Host mount: /root/personalization (btrfs, rw,seclabel,relatime,compress=zstd:1,ssd,discard=async,space_cache=v2,subvolid=256,subvol=/root)
[0;33m[WARN][0m Host mount: /root/.emacs.d (btrfs, rw,seclabel,relatime,compress=zstd:1,ssd,discard=async,space_cache=v2,subvolid=256,subvol=/root)
[0;33m[WARN][0m Host mount: /root/.emacs.d/gptel-fork (btrfs, rw,seclabel,relatime,compress=zstd:1,ssd,discard=async,space_cache=v2,subvolid=256,subvol=/root)
[0;33m[WARN][0m Host mount: /root/i.ar/prompts (btrfs, rw,seclabel,relatime,compress=zstd:1,ssd,discard=async,space_cache=v2,subvolid=256,subvol=/root)
[0;33m[WARN][0m Host mount: /root/.emacs.d/metaconfig (btrfs, rw,seclabel,relatime,compress=zstd:1,ssd,discard=async,space_cache=v2,subvolid=256,subvol=/root)

============================================
[0;32m  PREFLIGHT PASSED[0m
============================================
Loading /root/.emacs.d/configs/paths.el (source)...
Loading /root/.emacs.d/configs/predicates.el (source)...
Loading /root/.emacs.d/configs/keybindings.el (source)...
Loading /root/.emacs.d/configs/delimiters.el (source)...
Loading /root/.emacs.d/configs/git.el (source)...
Loading /root/.emacs.d/configs/fork.el (source)...
Loading /root/.emacs.d/configs/delegate.el (source)...
Loading /root/.emacs.d/configs/cycle.el (source)...
Loading /root/.emacs.d/configs/loop-guard.el (source)...
Loading /root/.emacs.d/configs/memory.el (source)...
Loading /root/.emacs.d/configs/file-guard.el (source)...
Loading /root/.emacs.d/configs/tool-limits.el (source)...
Loading /root/.emacs.d/configs/tasks.el (source)...
Loading /root/.emacs.d/configs/mcp.el (source)...
Loading /root/.emacs.d/init.d/shared/iar-utils.el (source)...
Loading /root/.emacs.d/init.d/shared/iar-agent-utils.el (source)...
Loading /root/.emacs.d/init.d/core/iar-locale.el (source)...
Loading /root/.emacs.d/init.d/core/iar-package-setup.el (source)...
Loading /root/.emacs.d/init.d/core/iar-ui-cleanup.el (source)...
Loading /root/.emacs.d/init.d/core/iar-evil-mode.el (source)...
Loading /root/.emacs.d/init.d/core/iar-gptel-setup.el (source)...
[gptel] Using fork from /root/.emacs.d/gptel-fork (overriding ELPA package)
Loading /root/.emacs.d/configs/gptel.el (source)...
Loading /root/.emacs.d/init.d/core/iar-mcp-setup.el (source)...
Loading /root/.emacs.d/init.d/tool-call/iar-malformed-args.el (source)...
Loading /root/.emacs.d/init.d/tool-call/iar-tool-call.el (source)...
[tool-call] Layer installed
Loading /root/.emacs.d/init.d/tool-call/iar-tool-result-timestamp.el (source)...
Loading /root/.emacs.d/init.d/tool-call/iar-tool-result-budget.el (source)...
Loading /root/.emacs.d/init.d/tool-call/iar-request-log.el (source)...
[request-log] Witness installed
Loading /root/.emacs.d/init.d/tool-call/iar-context-fence.el (source)...
Loading /root/.emacs.d/init.d/tool-call/iar-msgs-fence.el (source)...
Loading /root/.emacs.d/init.d/tool-call/iar-request-watchdog.el (source)...
[watchdog] Request watchdog installed
Loading /root/.emacs.d/init.d/tool-call/iar-text-mode-detector.el (source)...
Loading /root/.emacs.d/init.d/agent/iar-prompt-loader.el (source)...
Loading /root/.emacs.d/init.d/core/iar-mount-awareness.el (source)...
Loading /root/.emacs.d/init.d/core/iar-rate-limit.el (source)...
Loading /root/.emacs.d/init.d/security/iar-output-sanitizer.el (source)...
Loading /root/.emacs.d/init.d/security/iar-file-guard.el (source)...
Loading /root/.emacs.d/init.d/security/iar-audit-log.el (source)...
Loading /root/.emacs.d/init.d/security/iar-loop-guard.el (source)...
Loading /root/.emacs.d/init.d/security/iar-loop-guard-chain.el (source)...
Loading /root/.emacs.d/init.d/security/iar-tool-guard.el (source)...
Loading /root/.emacs.d/init.d/security/iar-utf8-scrub.el (source)...
Loading /root/.emacs.d/init.d/tools/filesystem/list_directory.el (source)...
Loading /root/.emacs.d/init.d/tools/filesystem/read_file.el (source)...
Loading /root/.emacs.d/init.d/tools/filesystem/write_file.el (source)...
Loading /root/.emacs.d/init.d/tools/filesystem/append_file.el (source)...
Loading /root/.emacs.d/init.d/tools/code/execute_code_local.el (source)...
Loading /root/.emacs.d/init.d/tools/code/execute_code_remote.el (source)...
Loading /root/.emacs.d/init.d/tools/code/check_elisp.el (source)...
Loading /root/.emacs.d/init.d/tools/tasks/read_task.el (source)...
Loading /root/.emacs.d/init.d/tools/tasks/create_task.el (source)...
Loading /root/.emacs.d/init.d/tools/tasks/write_subtask.el (source)...
Loading /root/.emacs.d/init.d/tools/tasks/remove_task.el (source)...
Loading /root/.emacs.d/init.d/tools/tasks/read_history.el (source)...
Loading /root/.emacs.d/init.d/tools/tasks/read_roadmap.el (source)...
Loading /root/.emacs.d/init.d/tools/tasks/write_roadmap.el (source)...
Loading /root/.emacs.d/init.d/tools/notify/telegram.el (source)...
Loading /root/.emacs.d/init.d/tools/git/git_commit.el (source)...
Loading /root/.emacs.d/init.d/tools/knowledge/read_knowledge.el (source)...
Loading /root/.emacs.d/init.d/agent/iar-project-parser.el (source)...
Loading /root/.emacs.d/init.d/agent/iar-prompt-assembly.el (source)...
Loading /root/.emacs.d/init.d/agent/iar-agent-loader.el (source)...
Loading /root/.emacs.d/init.d/agent/iar-knowledge-loader.el (source)...
Loading /root/.emacs.d/init.d/agent/iar-buffer-info.el (source)...
Loading /root/.emacs.d/init.d/tools/agent/delegate.el (source)...
Loading /root/.emacs.d/init.d/tools/agent/reload_os.el (source)...
Loading /root/.emacs.d/init.d/tools/agent/reload_agent.el (source)...
Loading /root/.emacs.d/init.d/tools/agent/read_own_prompt.el (source)...
Loading /root/.emacs.d/init.d/agent/iar-guidelines-checker.el (source)...
Loading /root/.emacs.d/init.d/agent/iar-agent-cycle.el (source)...
Loading /root/.emacs.d/init.d/debug/iar-status-mode.el (source)...
[status-mode] Installed
Loading /root/.emacs.d/init.d/session/iar-quit.el (source)...
[continuo] Starting cycle with 3600s timeout (archetype: aria-cycle, project: iar, cycle: continuo_daily)
[continuo] Assembled prompt: 41615 chars (~10403 tokens), 21 tools
[continuo] Sending cycle prompt to continuo agent...
Querying Ollama...
[continuo] Terminal sentinel echo (pre-tool-call, CYCLE) -- closing cycle
[continuo] Cycle complete. Turns: 0, Tool calls: 31, Exit: 0
Tokens: 959488 in / 18156 out / 977644 total
Requests: 31
[0;32m[INF][2026-09-14 03:12:48][0m Cycle 1 succeeded in 311s (exit 0)

[0;34m[INF][2026-09-14 03:26:21][0m --- Cycle 1/1 ---
Already up to date.
============================================
  Preflight Mount Audit — Emacboros
  2026-09-14T06:26:22Z
============================================

--- Phase 1: /proc/mounts scan ---

--- Phase 2: Writability tests ---
[0;32m[PASS][0m /root/.emacs.d/.git/hooks — does not exist
[0;32m[PASS][0m /var/run/docker.sock — does not exist
[0;32m[PASS][0m /etc/cron.d — does not exist
[0;32m[PASS][0m /var/spool/cron — does not exist
[0;32m[PASS][0m /etc/systemd/system — directory is read-only
[0;32m[PASS][0m /etc/systemd — directory is read-only

--- Phase 3: Capability audit ---
[0;32m[PASS][0m CAP_DAC_OVERRIDE (bit 1) is not set — can bypass file read/write/execute permissions
[0;32m[PASS][0m CAP_SYS_ADMIN (bit 21) is not set — broad system administration (mount, namespaces, etc.)
[0;32m[PASS][0m CAP_SETUID (bit 7) is not set — can change process UID
[0;32m[PASS][0m CAP_SETGID (bit 6) is not set — can change process GID
[0;32m[PASS][0m CAP_MKNOD (bit 27) is not set — can create special device files
[0;32m[PASS][0m CAP_NET_RAW (bit 13) is SET (expected) — can create raw network sockets (needed for nmap/traceroute)
[0;32m[PASS][0m CAP_NET_BIND_SERVICE (bit 10) is SET (expected) — can bind to ports < 1024
[0;32m[PASS][0m CAP_FOWNER (bit 3) is not set — can bypass file ownership checks
[0;32m[PASS][0m CAP_SETFCAP (bit 31) is not set — can set file capabilities

--- Phase 4: Host mount audit ---
Writable real-filesystem mounts:
[0;33m[WARN][0m Host mount: /sys/kernel/security (securityfs, rw,nosuid,nodev,noexec,relatime)
[0;33m[WARN][0m Host mount: /sys/fs/cgroup (cgroup2, rw,seclabel,nosuid,nodev,noexec,relatime,nsdelegate,memory_recursiveprot,memory_hugetlb_accounting)
[0;33m[WARN][0m Host mount: /sys/fs/pstore (pstore, rw,seclabel,nosuid,nodev,noexec,relatime)
[0;33m[WARN][0m Host mount: /sys/firmware/efi/efivars (efivarfs, rw,nosuid,nodev,noexec,relatime)
[0;33m[WARN][0m Host mount: /sys/fs/bpf (bpf, rw,nosuid,nodev,noexec,relatime,mode=700)
[0;33m[WARN][0m Host mount: /sys/kernel/config (configfs, rw,nosuid,nodev,noexec,relatime)
[0;33m[WARN][0m Host mount: /sys/fs/selinux (selinuxfs, rw,nosuid,noexec,relatime)
[0;33m[WARN][0m Host mount: /sys/fs/fuse/connections (fusectl, rw,nosuid,nodev,noexec,relatime)
[0;33m[WARN][0m Host mount: /sys/kernel/debug (debugfs, rw,seclabel,nosuid,nodev,noexec,relatime)
[0;33m[WARN][0m Host mount: /sys/kernel/debug/tracing (tracefs, rw,seclabel,nosuid,nodev,noexec,relatime)
[0;33m[WARN][0m Host mount: /sys/kernel/tracing (tracefs, rw,seclabel,nosuid,nodev,noexec,relatime)
[0;33m[WARN][0m Host mount: /root/i.ar (btrfs, rw,seclabel,relatime,compress=zstd:1,ssd,discard=async,space_cache=v2,subvolid=256,subvol=/root)
[0;33m[WARN][0m Host mount: /root/personalization (btrfs, rw,seclabel,relatime,compress=zstd:1,ssd,discard=async,space_cache=v2,subvolid=256,subvol=/root)
[0;33m[WARN][0m Host mount: /root/.emacs.d (btrfs, rw,seclabel,relatime,compress=zstd:1,ssd,discard=async,space_cache=v2,subvolid=256,subvol=/root)
[0;33m[WARN][0m Host mount: /root/.emacs.d/gptel-fork (btrfs, rw,seclabel,relatime,compress=zstd:1,ssd,discard=async,space_cache=v2,subvolid=256,subvol=/root)
[0;33m[WARN][0m Host mount: /root/.emacs.d/metaconfig (btrfs, rw,seclabel,relatime,compress=zstd:1,ssd,discard=async,space_cache=v2,subvolid=256,subvol=/root)
[0;33m[WARN][0m Host mount: /root/i.ar/prompts (btrfs, rw,seclabel,relatime,compress=zstd:1,ssd,discard=async,space_cache=v2,subvolid=256,subvol=/root)

============================================
[0;32m  PREFLIGHT PASSED[0m
============================================
Loading /root/.emacs.d/configs/paths.el (source)...
Loading /root/.emacs.d/configs/predicates.el (source)...
Loading /root/.emacs.d/configs/keybindings.el (source)...
Loading /root/.emacs.d/configs/delimiters.el (source)...
Loading /root/.emacs.d/configs/git.el (source)...
Loading /root/.emacs.d/configs/fork.el (source)...
Loading /root/.emacs.d/configs/delegate.el (source)...
Loading /root/.emacs.d/configs/cycle.el (source)...
Loading /root/.emacs.d/configs/loop-guard.el (source)...
Loading /root/.emacs.d/configs/memory.el (source)...
Loading /root/.emacs.d/configs/file-guard.el (source)...
Loading /root/.emacs.d/configs/tool-limits.el (source)...
Loading /root/.emacs.d/configs/tasks.el (source)...
Loading /root/.emacs.d/configs/mcp.el (source)...
Loading /root/.emacs.d/init.d/shared/iar-utils.el (source)...
Loading /root/.emacs.d/init.d/shared/iar-agent-utils.el (source)...
Loading /root/.emacs.d/init.d/core/iar-locale.el (source)...
Loading /root/.emacs.d/init.d/core/iar-package-setup.el (source)...
Loading /root/.emacs.d/init.d/core/iar-ui-cleanup.el (source)...
Loading /root/.emacs.d/init.d/core/iar-evil-mode.el (source)...
Loading /root/.emacs.d/init.d/core/iar-gptel-setup.el (source)...
[gptel] Using fork from /root/.emacs.d/gptel-fork (overriding ELPA package)
Loading /root/.emacs.d/configs/gptel.el (source)...
Loading /root/.emacs.d/init.d/core/iar-mcp-setup.el (source)...
Loading /root/.emacs.d/init.d/tool-call/iar-malformed-args.el (source)...
Loading /root/.emacs.d/init.d/tool-call/iar-tool-call.el (source)...
[tool-call] Layer installed
Loading /root/.emacs.d/init.d/tool-call/iar-tool-result-timestamp.el (source)...
Loading /root/.emacs.d/init.d/tool-call/iar-tool-result-budget.el (source)...
Loading /root/.emacs.d/init.d/tool-call/iar-request-log.el (source)...
[request-log] Witness installed
Loading /root/.emacs.d/init.d/tool-call/iar-context-fence.el (source)...
Loading /root/.emacs.d/init.d/tool-call/iar-msgs-fence.el (source)...
Loading /root/.emacs.d/init.d/tool-call/iar-request-watchdog.el (source)...
[watchdog] Request watchdog installed
Loading /root/.emacs.d/init.d/tool-call/iar-text-mode-detector.el (source)...
Loading /root/.emacs.d/init.d/agent/iar-prompt-loader.el (source)...
Loading /root/.emacs.d/init.d/core/iar-mount-awareness.el (source)...
Loading /root/.emacs.d/init.d/core/iar-rate-limit.el (source)...
Loading /root/.emacs.d/init.d/security/iar-output-sanitizer.el (source)...
Loading /root/.emacs.d/init.d/security/iar-file-guard.el (source)...
Loading /root/.emacs.d/init.d/security/iar-audit-log.el (source)...
Loading /root/.emacs.d/init.d/security/iar-loop-guard.el (source)...
Loading /root/.emacs.d/init.d/security/iar-loop-guard-chain.el (source)...
Loading /root/.emacs.d/init.d/security/iar-tool-guard.el (source)...
Loading /root/.emacs.d/init.d/security/iar-utf8-scrub.el (source)...
Loading /root/.emacs.d/init.d/tools/filesystem/list_directory.el (source)...
Loading /root/.emacs.d/init.d/tools/filesystem/read_file.el (source)...
Loading /root/.emacs.d/init.d/tools/filesystem/write_file.el (source)...
Loading /root/.emacs.d/init.d/tools/filesystem/append_file.el (source)...
Loading /root/.emacs.d/init.d/tools/code/execute_code_local.el (source)...
Loading /root/.emacs.d/init.d/tools/code/execute_code_remote.el (source)...
Loading /root/.emacs.d/init.d/tools/code/check_elisp.el (source)...
Loading /root/.emacs.d/init.d/tools/tasks/read_task.el (source)...
Loading /root/.emacs.d/init.d/tools/tasks/create_task.el (source)...
Loading /root/.emacs.d/init.d/tools/tasks/write_subtask.el (source)...
Loading /root/.emacs.d/init.d/tools/tasks/remove_task.el (source)...
Loading /root/.emacs.d/init.d/tools/tasks/read_history.el (source)...
Loading /root/.emacs.d/init.d/tools/tasks/read_roadmap.el (source)...
Loading /root/.emacs.d/init.d/tools/tasks/write_roadmap.el (source)...
Loading /root/.emacs.d/init.d/tools/notify/telegram.el (source)...
Loading /root/.emacs.d/init.d/tools/git/git_commit.el (source)...
Loading /root/.emacs.d/init.d/tools/knowledge/read_knowledge.el (source)...
Loading /root/.emacs.d/init.d/agent/iar-project-parser.el (source)...
Loading /root/.emacs.d/init.d/agent/iar-prompt-assembly.el (source)...
Loading /root/.emacs.d/init.d/agent/iar-agent-loader.el (source)...
Loading /root/.emacs.d/init.d/agent/iar-knowledge-loader.el (source)...
Loading /root/.emacs.d/init.d/agent/iar-buffer-info.el (source)...
Loading /root/.emacs.d/init.d/tools/agent/delegate.el (source)...
Loading /root/.emacs.d/init.d/tools/agent/reload_os.el (source)...
Loading /root/.emacs.d/init.d/tools/agent/reload_agent.el (source)...
Loading /root/.emacs.d/init.d/tools/agent/read_own_prompt.el (source)...
Loading /root/.emacs.d/init.d/agent/iar-guidelines-checker.el (source)...
Loading /root/.emacs.d/init.d/agent/iar-agent-cycle.el (source)...
Loading /root/.emacs.d/init.d/debug/iar-status-mode.el (source)...
[status-mode] Installed
Loading /root/.emacs.d/init.d/session/iar-quit.el (source)...
[continuo] Starting cycle with 3600s timeout (archetype: aria-cycle, project: iar, cycle: continuo_daily)
[continuo] Assembled prompt: 41988 chars (~10497 tokens), 21 tools
[continuo] Sending cycle prompt to continuo agent...
Querying Ollama...
[continuo] Terminal sentinel echo (pre-tool-call, CYCLE) -- closing cycle
[continuo] Cycle complete. Turns: 0, Tool calls: 35, Exit: 0
Tokens: 819711 in / 21581 out / 841292 total
Requests: 35
[0;32m[INF][2026-09-14 03:34:45][0m Cycle 1 succeeded in 504s (exit 0)

[0;34m[INF][2026-09-14 03:50:04][0m --- Cycle 1/1 ---
Already up to date.
============================================
  Preflight Mount Audit — Emacboros
  2026-09-14T06:50:05Z
============================================

--- Phase 1: /proc/mounts scan ---

--- Phase 2: Writability tests ---
[0;32m[PASS][0m /root/.emacs.d/.git/hooks — does not exist
[0;32m[PASS][0m /var/run/docker.sock — does not exist
[0;32m[PASS][0m /etc/cron.d — does not exist
[0;32m[PASS][0m /var/spool/cron — does not exist
[0;32m[PASS][0m /etc/systemd/system — directory is read-only
[0;32m[PASS][0m /etc/systemd — directory is read-only

--- Phase 3: Capability audit ---
[0;32m[PASS][0m CAP_DAC_OVERRIDE (bit 1) is not set — can bypass file read/write/execute permissions
[0;32m[PASS][0m CAP_SYS_ADMIN (bit 21) is not set — broad system administration (mount, namespaces, etc.)
[0;32m[PASS][0m CAP_SETUID (bit 7) is not set — can change process UID
[0;32m[PASS][0m CAP_SETGID (bit 6) is not set — can change process GID
[0;32m[PASS][0m CAP_MKNOD (bit 27) is not set — can create special device files
[0;32m[PASS][0m CAP_NET_RAW (bit 13) is SET (expected) — can create raw network sockets (needed for nmap/traceroute)
[0;32m[PASS][0m CAP_NET_BIND_SERVICE (bit 10) is SET (expected) — can bind to ports < 1024
[0;32m[PASS][0m CAP_FOWNER (bit 3) is not set — can bypass file ownership checks
[0;32m[PASS][0m CAP_SETFCAP (bit 31) is not set — can set file capabilities

--- Phase 4: Host mount audit ---
Writable real-filesystem mounts:
[0;33m[WARN][0m Host mount: /sys/kernel/security (securityfs, rw,nosuid,nodev,noexec,relatime)
[0;33m[WARN][0m Host mount: /sys/fs/cgroup (cgroup2, rw,seclabel,nosuid,nodev,noexec,relatime,nsdelegate,memory_recursiveprot,memory_hugetlb_accounting)
[0;33m[WARN][0m Host mount: /sys/fs/pstore (pstore, rw,seclabel,nosuid,nodev,noexec,relatime)
[0;33m[WARN][0m Host mount: /sys/firmware/efi/efivars (efivarfs, rw,nosuid,nodev,noexec,relatime)
[0;33m[WARN][0m Host mount: /sys/fs/bpf (bpf, rw,nosuid,nodev,noexec,relatime,mode=700)
[0;33m[WARN][0m Host mount: /sys/kernel/config (configfs, rw,nosuid,nodev,noexec,relatime)
[0;33m[WARN][0m Host mount: /sys/fs/selinux (selinuxfs, rw,nosuid,noexec,relatime)
[0;33m[WARN][0m Host mount: /sys/fs/fuse/connections (fusectl, rw,nosuid,nodev,noexec,relatime)
[0;33m[WARN][0m Host mount: /sys/kernel/debug (debugfs, rw,seclabel,nosuid,nodev,noexec,relatime)
[0;33m[WARN][0m Host mount: /sys/kernel/debug/tracing (tracefs, rw,seclabel,nosuid,nodev,noexec,relatime)
[0;33m[WARN][0m Host mount: /sys/kernel/tracing (tracefs, rw,seclabel,nosuid,nodev,noexec,relatime)
[0;33m[WARN][0m Host mount: /root/i.ar (btrfs, rw,seclabel,relatime,compress=zstd:1,ssd,discard=async,space_cache=v2,subvolid=256,subvol=/root)
[0;33m[WARN][0m Host mount: /root/personalization (btrfs, rw,seclabel,relatime,compress=zstd:1,ssd,discard=async,space_cache=v2,subvolid=256,subvol=/root)
[0;33m[WARN][0m Host mount: /root/.emacs.d (btrfs, rw,seclabel,relatime,compress=zstd:1,ssd,discard=async,space_cache=v2,subvolid=256,subvol=/root)
[0;33m[WARN][0m Host mount: /root/i.ar/prompts (btrfs, rw,seclabel,relatime,compress=zstd:1,ssd,discard=async,space_cache=v2,subvolid=256,subvol=/root)
[0;33m[WARN][0m Host mount: /root/.emacs.d/gptel-fork (btrfs, rw,seclabel,relatime,compress=zstd:1,ssd,discard=async,space_cache=v2,subvolid=256,subvol=/root)
[0;33m[WARN][0m Host mount: /root/.emacs.d/metaconfig (btrfs, rw,seclabel,relatime,compress=zstd:1,ssd,discard=async,space_cache=v2,subvolid=256,subvol=/root)

============================================
[0;32m  PREFLIGHT PASSED[0m
============================================
Loading /root/.emacs.d/configs/paths.el (source)...
Loading /root/.emacs.d/configs/predicates.el (source)...
Loading /root/.emacs.d/configs/keybindings.el (source)...
Loading /root/.emacs.d/configs/delimiters.el (source)...
Loading /root/.emacs.d/configs/git.el (source)...
Loading /root/.emacs.d/configs/fork.el (source)...
Loading /root/.emacs.d/configs/delegate.el (source)...
Loading /root/.emacs.d/configs/cycle.el (source)...
Loading /root/.emacs.d/configs/loop-guard.el (source)...
Loading /root/.emacs.d/configs/memory.el (source)...
Loading /root/.emacs.d/configs/file-guard.el (source)...
Loading /root/.emacs.d/configs/tool-limits.el (source)...
Loading /root/.emacs.d/configs/tasks.el (source)...
Loading /root/.emacs.d/configs/mcp.el (source)...
Loading /root/.emacs.d/init.d/shared/iar-utils.el (source)...
Loading /root/.emacs.d/init.d/shared/iar-agent-utils.el (source)...
Loading /root/.emacs.d/init.d/core/iar-locale.el (source)...
Loading /root/.emacs.d/init.d/core/iar-package-setup.el (source)...
Loading /root/.emacs.d/init.d/core/iar-ui-cleanup.el (source)...
Loading /root/.emacs.d/init.d/core/iar-evil-mode.el (source)...
Loading /root/.emacs.d/init.d/core/iar-gptel-setup.el (source)...
[gptel] Using fork from /root/.emacs.d/gptel-fork (overriding ELPA package)
Loading /root/.emacs.d/configs/gptel.el (source)...
Loading /root/.emacs.d/init.d/core/iar-mcp-setup.el (source)...
Loading /root/.emacs.d/init.d/tool-call/iar-malformed-args.el (source)...
Loading /root/.emacs.d/init.d/tool-call/iar-tool-call.el (source)...
[tool-call] Layer installed
Loading /root/.emacs.d/init.d/tool-call/iar-tool-result-timestamp.el (source)...
Loading /root/.emacs.d/init.d/tool-call/iar-tool-result-budget.el (source)...
Loading /root/.emacs.d/init.d/tool-call/iar-request-log.el (source)...
[request-log] Witness installed
Loading /root/.emacs.d/init.d/tool-call/iar-context-fence.el (source)...
Loading /root/.emacs.d/init.d/tool-call/iar-msgs-fence.el (source)...
Loading /root/.emacs.d/init.d/tool-call/iar-request-watchdog.el (source)...
[watchdog] Request watchdog installed
Loading /root/.emacs.d/init.d/tool-call/iar-text-mode-detector.el (source)...
Loading /root/.emacs.d/init.d/agent/iar-prompt-loader.el (source)...
Loading /root/.emacs.d/init.d/core/iar-mount-awareness.el (source)...
Loading /root/.emacs.d/init.d/core/iar-rate-limit.el (source)...
Loading /root/.emacs.d/init.d/security/iar-output-sanitizer.el (source)...
Loading /root/.emacs.d/init.d/security/iar-file-guard.el (source)...
Loading /root/.emacs.d/init.d/security/iar-audit-log.el (source)...
Loading /root/.emacs.d/init.d/security/iar-loop-guard.el (source)...
Loading /root/.emacs.d/init.d/security/iar-loop-guard-chain.el (source)...
Loading /root/.emacs.d/init.d/security/iar-tool-guard.el (source)...
Loading /root/.emacs.d/init.d/security/iar-utf8-scrub.el (source)...
Loading /root/.emacs.d/init.d/tools/filesystem/list_directory.el (source)...
Loading /root/.emacs.d/init.d/tools/filesystem/read_file.el (source)...
Loading /root/.emacs.d/init.d/tools/filesystem/write_file.el (source)...
Loading /root/.emacs.d/init.d/tools/filesystem/append_file.el (source)...
Loading /root/.emacs.d/init.d/tools/code/execute_code_local.el (source)...
Loading /root/.emacs.d/init.d/tools/code/execute_code_remote.el (source)...
Loading /root/.emacs.d/init.d/tools/code/check_elisp.el (source)...
Loading /root/.emacs.d/init.d/tools/tasks/read_task.el (source)...
Loading /root/.emacs.d/init.d/tools/tasks/create_task.el (source)...
Loading /root/.emacs.d/init.d/tools/tasks/write_subtask.el (source)...
Loading /root/.emacs.d/init.d/tools/tasks/remove_task.el (source)...
Loading /root/.emacs.d/init.d/tools/tasks/read_history.el (source)...
Loading /root/.emacs.d/init.d/tools/tasks/read_roadmap.el (source)...
Loading /root/.emacs.d/init.d/tools/tasks/write_roadmap.el (source)...
Loading /root/.emacs.d/init.d/tools/notify/telegram.el (source)...
Loading /root/.emacs.d/init.d/tools/git/git_commit.el (source)...
Loading /root/.emacs.d/init.d/tools/knowledge/read_knowledge.el (source)...
Loading /root/.emacs.d/init.d/agent/iar-project-parser.el (source)...
Loading /root/.emacs.d/init.d/agent/iar-prompt-assembly.el (source)...
Loading /root/.emacs.d/init.d/agent/iar-agent-loader.el (source)...
Loading /root/.emacs.d/init.d/agent/iar-knowledge-loader.el (source)...
Loading /root/.emacs.d/init.d/agent/iar-buffer-info.el (source)...
Loading /root/.emacs.d/init.d/tools/agent/delegate.el (source)...
Loading /root/.emacs.d/init.d/tools/agent/reload_os.el (source)...
Loading /root/.emacs.d/init.d/tools/agent/reload_agent.el (source)...
Loading /root/.emacs.d/init.d/tools/agent/read_own_prompt.el (source)...
Loading /root/.emacs.d/init.d/agent/iar-guidelines-checker.el (source)...
Loading /root/.emacs.d/init.d/agent/iar-agent-cycle.el (source)...
Loading /root/.emacs.d/init.d/debug/iar-status-mode.el (source)...
[status-mode] Installed
Loading /root/.emacs.d/init.d/session/iar-quit.el (source)...
[continuo] Starting cycle with 3600s timeout (archetype: aria-cycle, project: iar, cycle: continuo_daily)
[continuo] Assembled prompt: 42008 chars (~10502 tokens), 21 tools
[continuo] Sending cycle prompt to continuo agent...
Querying Ollama...
Querying Ollama...
Querying Ollama...
Querying Ollama...
Querying Ollama...
Querying Ollama...
Querying Ollama...
[loop-guard] SOFT BLOCK: append_file called 3 times identically, sending correction
[loop-guard] SOFT BLOCK: append_file called 4 times identically, sending correction
[loop-guard] SOFT BLOCK: append_file called 5 times identically, sending correction
Querying Ollama...
[continuo] Tool-call budget warning (150/300) -- one call blocked with notice
Querying Ollama...
[loop-guard] SOFT BLOCK: delegate called 3 times identically, sending correction
Querying Ollama...
Querying Ollama...
Error running timer: (wrong-type-argument stringp nil)
error in process sentinel: Wrong type argument: stringp, nil
[0;31m[ERR][2026-09-14 04:10:15][0m Cycle 1 failed in 1211s (exit 255)

[0;34m[INF][2026-09-14 04:31:44][0m --- Cycle 1/1 ---
Already up to date.
============================================
  Preflight Mount Audit — Emacboros
  2026-09-14T07:31:44Z
============================================

--- Phase 1: /proc/mounts scan ---

--- Phase 2: Writability tests ---
[0;32m[PASS][0m /root/.emacs.d/.git/hooks — does not exist
[0;32m[PASS][0m /var/run/docker.sock — does not exist
[0;32m[PASS][0m /etc/cron.d — does not exist
[0;32m[PASS][0m /var/spool/cron — does not exist
[0;32m[PASS][0m /etc/systemd/system — directory is read-only
[0;32m[PASS][0m /etc/systemd — directory is read-only

--- Phase 3: Capability audit ---
[0;32m[PASS][0m CAP_DAC_OVERRIDE (bit 1) is not set — can bypass file read/write/execute permissions
[0;32m[PASS][0m CAP_SYS_ADMIN (bit 21) is not set — broad system administration (mount, namespaces, etc.)
[0;32m[PASS][0m CAP_SETUID (bit 7) is not set — can change process UID
[0;32m[PASS][0m CAP_SETGID (bit 6) is not set — can change process GID
[0;32m[PASS][0m CAP_MKNOD (bit 27) is not set — can create special device files
[0;32m[PASS][0m CAP_NET_RAW (bit 13) is SET (expected) — can create raw network sockets (needed for nmap/traceroute)
[0;32m[PASS][0m CAP_NET_BIND_SERVICE (bit 10) is SET (expected) — can bind to ports < 1024
[0;32m[PASS][0m CAP_FOWNER (bit 3) is not set — can bypass file ownership checks
[0;32m[PASS][0m CAP_SETFCAP (bit 31) is not set — can set file capabilities

--- Phase 4: Host mount audit ---
Writable real-filesystem mounts:
[0;33m[WARN][0m Host mount: /sys/kernel/security (securityfs, rw,nosuid,nodev,noexec,relatime)
[0;33m[WARN][0m Host mount: /sys/fs/cgroup (cgroup2, rw,seclabel,nosuid,nodev,noexec,relatime,nsdelegate,memory_recursiveprot,memory_hugetlb_accounting)
[0;33m[WARN][0m Host mount: /sys/fs/pstore (pstore, rw,seclabel,nosuid,nodev,noexec,relatime)
[0;33m[WARN][0m Host mount: /sys/firmware/efi/efivars (efivarfs, rw,nosuid,nodev,noexec,relatime)
[0;33m[WARN][0m Host mount: /sys/fs/bpf (bpf, rw,nosuid,nodev,noexec,relatime,mode=700)
[0;33m[WARN][0m Host mount: /sys/kernel/config (configfs, rw,nosuid,nodev,noexec,relatime)
[0;33m[WARN][0m Host mount: /sys/fs/selinux (selinuxfs, rw,nosuid,noexec,relatime)
[0;33m[WARN][0m Host mount: /sys/fs/fuse/connections (fusectl, rw,nosuid,nodev,noexec,relatime)
[0;33m[WARN][0m Host mount: /sys/kernel/debug (debugfs, rw,seclabel,nosuid,nodev,noexec,relatime)
[0;33m[WARN][0m Host mount: /sys/kernel/debug/tracing (tracefs, rw,seclabel,nosuid,nodev,noexec,relatime)
[0;33m[WARN][0m Host mount: /sys/kernel/tracing (tracefs, rw,seclabel,nosuid,nodev,noexec,relatime)
[0;33m[WARN][0m Host mount: /root/i.ar (btrfs, rw,seclabel,relatime,compress=zstd:1,ssd,discard=async,space_cache=v2,subvolid=256,subvol=/root)
[0;33m[WARN][0m Host mount: /root/.emacs.d (btrfs, rw,seclabel,relatime,compress=zstd:1,ssd,discard=async,space_cache=v2,subvolid=256,subvol=/root)
[0;33m[WARN][0m Host mount: /root/personalization (btrfs, rw,seclabel,relatime,compress=zstd:1,ssd,discard=async,space_cache=v2,subvolid=256,subvol=/root)
[0;33m[WARN][0m Host mount: /root/.emacs.d/metaconfig (btrfs, rw,seclabel,relatime,compress=zstd:1,ssd,discard=async,space_cache=v2,subvolid=256,subvol=/root)
[0;33m[WARN][0m Host mount: /root/i.ar/prompts (btrfs, rw,seclabel,relatime,compress=zstd:1,ssd,discard=async,space_cache=v2,subvolid=256,subvol=/root)
[0;33m[WARN][0m Host mount: /root/.emacs.d/gptel-fork (btrfs, rw,seclabel,relatime,compress=zstd:1,ssd,discard=async,space_cache=v2,subvolid=256,subvol=/root)

============================================
[0;32m  PREFLIGHT PASSED[0m
============================================
Loading /root/.emacs.d/configs/paths.el (source)...
Loading /root/.emacs.d/configs/predicates.el (source)...
Loading /root/.emacs.d/configs/keybindings.el (source)...
Loading /root/.emacs.d/configs/delimiters.el (source)...
Loading /root/.emacs.d/configs/git.el (source)...
Loading /root/.emacs.d/configs/fork.el (source)...
Loading /root/.emacs.d/configs/delegate.el (source)...
Loading /root/.emacs.d/configs/cycle.el (source)...
Loading /root/.emacs.d/configs/loop-guard.el (source)...
Loading /root/.emacs.d/configs/memory.el (source)...
Loading /root/.emacs.d/configs/file-guard.el (source)...
Loading /root/.emacs.d/configs/tool-limits.el (source)...
Loading /root/.emacs.d/configs/tasks.el (source)...
Loading /root/.emacs.d/configs/mcp.el (source)...
Loading /root/.emacs.d/init.d/shared/iar-utils.el (source)...
Loading /root/.emacs.d/init.d/shared/iar-agent-utils.el (source)...
Loading /root/.emacs.d/init.d/core/iar-locale.el (source)...
Loading /root/.emacs.d/init.d/core/iar-package-setup.el (source)...
Loading /root/.emacs.d/init.d/core/iar-ui-cleanup.el (source)...
Loading /root/.emacs.d/init.d/core/iar-evil-mode.el (source)...
Loading /root/.emacs.d/init.d/core/iar-gptel-setup.el (source)...
[gptel] Using fork from /root/.emacs.d/gptel-fork (overriding ELPA package)
Loading /root/.emacs.d/configs/gptel.el (source)...
Loading /root/.emacs.d/init.d/core/iar-mcp-setup.el (source)...
Loading /root/.emacs.d/init.d/tool-call/iar-malformed-args.el (source)...
Loading /root/.emacs.d/init.d/tool-call/iar-tool-call.el (source)...
[tool-call] Layer installed
Loading /root/.emacs.d/init.d/tool-call/iar-tool-result-timestamp.el (source)...
Loading /root/.emacs.d/init.d/tool-call/iar-tool-result-budget.el (source)...
Loading /root/.emacs.d/init.d/tool-call/iar-request-log.el (source)...
[request-log] Witness installed
Loading /root/.emacs.d/init.d/tool-call/iar-context-fence.el (source)...
Loading /root/.emacs.d/init.d/tool-call/iar-msgs-fence.el (source)...
Loading /root/.emacs.d/init.d/tool-call/iar-request-watchdog.el (source)...
[watchdog] Request watchdog installed
Loading /root/.emacs.d/init.d/tool-call/iar-text-mode-detector.el (source)...
Loading /root/.emacs.d/init.d/agent/iar-prompt-loader.el (source)...
Loading /root/.emacs.d/init.d/core/iar-mount-awareness.el (source)...
Loading /root/.emacs.d/init.d/core/iar-rate-limit.el (source)...
Loading /root/.emacs.d/init.d/security/iar-output-sanitizer.el (source)...
Loading /root/.emacs.d/init.d/security/iar-file-guard.el (source)...
Loading /root/.emacs.d/init.d/security/iar-audit-log.el (source)...
Loading /root/.emacs.d/init.d/security/iar-loop-guard.el (source)...
Loading /root/.emacs.d/init.d/security/iar-loop-guard-chain.el (source)...
Loading /root/.emacs.d/init.d/security/iar-tool-guard.el (source)...
Loading /root/.emacs.d/init.d/security/iar-utf8-scrub.el (source)...
Loading /root/.emacs.d/init.d/tools/filesystem/list_directory.el (source)...
Loading /root/.emacs.d/init.d/tools/filesystem/read_file.el (source)...
Loading /root/.emacs.d/init.d/tools/filesystem/write_file.el (source)...
Loading /root/.emacs.d/init.d/tools/filesystem/append_file.el (source)...
Loading /root/.emacs.d/init.d/tools/code/execute_code_local.el (source)...
Loading /root/.emacs.d/init.d/tools/code/execute_code_remote.el (source)...
Loading /root/.emacs.d/init.d/tools/code/check_elisp.el (source)...
Loading /root/.emacs.d/init.d/tools/tasks/read_task.el (source)...
Loading /root/.emacs.d/init.d/tools/tasks/create_task.el (source)...
Loading /root/.emacs.d/init.d/tools/tasks/write_subtask.el (source)...
Loading /root/.emacs.d/init.d/tools/tasks/remove_task.el (source)...
Loading /root/.emacs.d/init.d/tools/tasks/read_history.el (source)...
Loading /root/.emacs.d/init.d/tools/tasks/read_roadmap.el (source)...
Loading /root/.emacs.d/init.d/tools/tasks/write_roadmap.el (source)...
Loading /root/.emacs.d/init.d/tools/notify/telegram.el (source)...
Loading /root/.emacs.d/init.d/tools/git/git_commit.el (source)...
Loading /root/.emacs.d/init.d/tools/knowledge/read_knowledge.el (source)...
Loading /root/.emacs.d/init.d/agent/iar-project-parser.el (source)...
Loading /root/.emacs.d/init.d/agent/iar-prompt-assembly.el (source)...
Loading /root/.emacs.d/init.d/agent/iar-agent-loader.el (source)...
Loading /root/.emacs.d/init.d/agent/iar-knowledge-loader.el (source)...
Loading /root/.emacs.d/init.d/agent/iar-buffer-info.el (source)...
Loading /root/.emacs.d/init.d/tools/agent/delegate.el (source)...
Loading /root/.emacs.d/init.d/tools/agent/reload_os.el (source)...
Loading /root/.emacs.d/init.d/tools/agent/reload_agent.el (source)...
Loading /root/.emacs.d/init.d/tools/agent/read_own_prompt.el (source)...
Loading /root/.emacs.d/init.d/agent/iar-guidelines-checker.el (source)...
Loading /root/.emacs.d/init.d/agent/iar-agent-cycle.el (source)...
Loading /root/.emacs.d/init.d/debug/iar-status-mode.el (source)...
[status-mode] Installed
Loading /root/.emacs.d/init.d/session/iar-quit.el (source)...
[continuo] Starting cycle with 3600s timeout (archetype: aria-cycle, project: iar, cycle: continuo_daily)
[continuo] Assembled prompt: 41755 chars (~10438 tokens), 21 tools
[continuo] Sending cycle prompt to continuo agent...
Querying Ollama...
[continuo] Terminal sentinel echo (pre-tool-call, CYCLE) -- closing cycle
[continuo] Cycle complete. Turns: 0, Tool calls: 30, Exit: 0
Tokens: 892298 in / 21376 out / 913674 total
Requests: 30
[0;32m[INF][2026-09-14 04:38:14][0m Cycle 1 succeeded in 390s (exit 0)

[0;34m[INF][2026-09-14 04:49:11][0m --- Cycle 1/1 ---
Already up to date.
============================================
  Preflight Mount Audit — Emacboros
  2026-09-14T07:49:12Z
============================================

--- Phase 1: /proc/mounts scan ---

--- Phase 2: Writability tests ---
[0;32m[PASS][0m /root/.emacs.d/.git/hooks — does not exist
[0;32m[PASS][0m /var/run/docker.sock — does not exist
[0;32m[PASS][0m /etc/cron.d — does not exist
[0;32m[PASS][0m /var/spool/cron — does not exist
[0;32m[PASS][0m /etc/systemd/system — directory is read-only
[0;32m[PASS][0m /etc/systemd — directory is read-only

--- Phase 3: Capability audit ---
[0;32m[PASS][0m CAP_DAC_OVERRIDE (bit 1) is not set — can bypass file read/write/execute permissions
[0;32m[PASS][0m CAP_SYS_ADMIN (bit 21) is not set — broad system administration (mount, namespaces, etc.)
[0;32m[PASS][0m CAP_SETUID (bit 7) is not set — can change process UID
[0;32m[PASS][0m CAP_SETGID (bit 6) is not set — can change process GID
[0;32m[PASS][0m CAP_MKNOD (bit 27) is not set — can create special device files
[0;32m[PASS][0m CAP_NET_RAW (bit 13) is SET (expected) — can create raw network sockets (needed for nmap/traceroute)
[0;32m[PASS][0m CAP_NET_BIND_SERVICE (bit 10) is SET (expected) — can bind to ports < 1024
[0;32m[PASS][0m CAP_FOWNER (bit 3) is not set — can bypass file ownership checks
[0;32m[PASS][0m CAP_SETFCAP (bit 31) is not set — can set file capabilities

--- Phase 4: Host mount audit ---
Writable real-filesystem mounts:
[0;33m[WARN][0m Host mount: /sys/kernel/security (securityfs, rw,nosuid,nodev,noexec,relatime)
[0;33m[WARN][0m Host mount: /sys/fs/cgroup (cgroup2, rw,seclabel,nosuid,nodev,noexec,relatime,nsdelegate,memory_recursiveprot,memory_hugetlb_accounting)
[0;33m[WARN][0m Host mount: /sys/fs/pstore (pstore, rw,seclabel,nosuid,nodev,noexec,relatime)
[0;33m[WARN][0m Host mount: /sys/firmware/efi/efivars (efivarfs, rw,nosuid,nodev,noexec,relatime)
[0;33m[WARN][0m Host mount: /sys/fs/bpf (bpf, rw,nosuid,nodev,noexec,relatime,mode=700)
[0;33m[WARN][0m Host mount: /sys/kernel/config (configfs, rw,nosuid,nodev,noexec,relatime)
[0;33m[WARN][0m Host mount: /sys/fs/selinux (selinuxfs, rw,nosuid,noexec,relatime)
[0;33m[WARN][0m Host mount: /sys/fs/fuse/connections (fusectl, rw,nosuid,nodev,noexec,relatime)
[0;33m[WARN][0m Host mount: /sys/kernel/debug (debugfs, rw,seclabel,nosuid,nodev,noexec,relatime)
[0;33m[WARN][0m Host mount: /sys/kernel/debug/tracing (tracefs, rw,seclabel,nosuid,nodev,noexec,relatime)
[0;33m[WARN][0m Host mount: /sys/kernel/tracing (tracefs, rw,seclabel,nosuid,nodev,noexec,relatime)
[0;33m[WARN][0m Host mount: /root/i.ar (btrfs, rw,seclabel,relatime,compress=zstd:1,ssd,discard=async,space_cache=v2,subvolid=256,subvol=/root)
[0;33m[WARN][0m Host mount: /root/personalization (btrfs, rw,seclabel,relatime,compress=zstd:1,ssd,discard=async,space_cache=v2,subvolid=256,subvol=/root)
[0;33m[WARN][0m Host mount: /root/.emacs.d (btrfs, rw,seclabel,relatime,compress=zstd:1,ssd,discard=async,space_cache=v2,subvolid=256,subvol=/root)
[0;33m[WARN][0m Host mount: /root/.emacs.d/gptel-fork (btrfs, rw,seclabel,relatime,compress=zstd:1,ssd,discard=async,space_cache=v2,subvolid=256,subvol=/root)
[0;33m[WARN][0m Host mount: /root/.emacs.d/metaconfig (btrfs, rw,seclabel,relatime,compress=zstd:1,ssd,discard=async,space_cache=v2,subvolid=256,subvol=/root)
[0;33m[WARN][0m Host mount: /root/i.ar/prompts (btrfs, rw,seclabel,relatime,compress=zstd:1,ssd,discard=async,space_cache=v2,subvolid=256,subvol=/root)

============================================
[0;32m  PREFLIGHT PASSED[0m
============================================
Loading /root/.emacs.d/configs/paths.el (source)...
Loading /root/.emacs.d/configs/predicates.el (source)...
Loading /root/.emacs.d/configs/keybindings.el (source)...
Loading /root/.emacs.d/configs/delimiters.el (source)...
Loading /root/.emacs.d/configs/git.el (source)...
Loading /root/.emacs.d/configs/fork.el (source)...
Loading /root/.emacs.d/configs/delegate.el (source)...
Loading /root/.emacs.d/configs/cycle.el (source)...
Loading /root/.emacs.d/configs/loop-guard.el (source)...
Loading /root/.emacs.d/configs/memory.el (source)...
Loading /root/.emacs.d/configs/file-guard.el (source)...
Loading /root/.emacs.d/configs/tool-limits.el (source)...
Loading /root/.emacs.d/configs/tasks.el (source)...
Loading /root/.emacs.d/configs/mcp.el (source)...
Loading /root/.emacs.d/init.d/shared/iar-utils.el (source)...
Loading /root/.emacs.d/init.d/shared/iar-agent-utils.el (source)...
Loading /root/.emacs.d/init.d/core/iar-locale.el (source)...
Loading /root/.emacs.d/init.d/core/iar-package-setup.el (source)...
Loading /root/.emacs.d/init.d/core/iar-ui-cleanup.el (source)...
Loading /root/.emacs.d/init.d/core/iar-evil-mode.el (source)...
Loading /root/.emacs.d/init.d/core/iar-gptel-setup.el (source)...
[gptel] Using fork from /root/.emacs.d/gptel-fork (overriding ELPA package)
Loading /root/.emacs.d/configs/gptel.el (source)...
Loading /root/.emacs.d/init.d/core/iar-mcp-setup.el (source)...
Loading /root/.emacs.d/init.d/tool-call/iar-malformed-args.el (source)...
Loading /root/.emacs.d/init.d/tool-call/iar-tool-call.el (source)...
[tool-call] Layer installed
Loading /root/.emacs.d/init.d/tool-call/iar-tool-result-timestamp.el (source)...
Loading /root/.emacs.d/init.d/tool-call/iar-tool-result-budget.el (source)...
Loading /root/.emacs.d/init.d/tool-call/iar-request-log.el (source)...
[request-log] Witness installed
Loading /root/.emacs.d/init.d/tool-call/iar-context-fence.el (source)...
Loading /root/.emacs.d/init.d/tool-call/iar-msgs-fence.el (source)...
Loading /root/.emacs.d/init.d/tool-call/iar-request-watchdog.el (source)...
[watchdog] Request watchdog installed
Loading /root/.emacs.d/init.d/tool-call/iar-text-mode-detector.el (source)...
Loading /root/.emacs.d/init.d/agent/iar-prompt-loader.el (source)...
Loading /root/.emacs.d/init.d/core/iar-mount-awareness.el (source)...
Loading /root/.emacs.d/init.d/core/iar-rate-limit.el (source)...
Loading /root/.emacs.d/init.d/security/iar-output-sanitizer.el (source)...
Loading /root/.emacs.d/init.d/security/iar-file-guard.el (source)...
Loading /root/.emacs.d/init.d/security/iar-audit-log.el (source)...
Loading /root/.emacs.d/init.d/security/iar-loop-guard.el (source)...
Loading /root/.emacs.d/init.d/security/iar-loop-guard-chain.el (source)...
Loading /root/.emacs.d/init.d/security/iar-tool-guard.el (source)...
Loading /root/.emacs.d/init.d/security/iar-utf8-scrub.el (source)...
Loading /root/.emacs.d/init.d/tools/filesystem/list_directory.el (source)...
Loading /root/.emacs.d/init.d/tools/filesystem/read_file.el (source)...
Loading /root/.emacs.d/init.d/tools/filesystem/write_file.el (source)...
Loading /root/.emacs.d/init.d/tools/filesystem/append_file.el (source)...
Loading /root/.emacs.d/init.d/tools/code/execute_code_local.el (source)...
Loading /root/.emacs.d/init.d/tools/code/execute_code_remote.el (source)...
Loading /root/.emacs.d/init.d/tools/code/check_elisp.el (source)...
Loading /root/.emacs.d/init.d/tools/tasks/read_task.el (source)...
Loading /root/.emacs.d/init.d/tools/tasks/create_task.el (source)...
Loading /root/.emacs.d/init.d/tools/tasks/write_subtask.el (source)...
Loading /root/.emacs.d/init.d/tools/tasks/remove_task.el (source)...
Loading /root/.emacs.d/init.d/tools/tasks/read_history.el (source)...
Loading /root/.emacs.d/init.d/tools/tasks/read_roadmap.el (source)...
Loading /root/.emacs.d/init.d/tools/tasks/write_roadmap.el (source)...
Loading /root/.emacs.d/init.d/tools/notify/telegram.el (source)...
Loading /root/.emacs.d/init.d/tools/git/git_commit.el (source)...
Loading /root/.emacs.d/init.d/tools/knowledge/read_knowledge.el (source)...
Loading /root/.emacs.d/init.d/agent/iar-project-parser.el (source)...
Loading /root/.emacs.d/init.d/agent/iar-prompt-assembly.el (source)...
Loading /root/.emacs.d/init.d/agent/iar-agent-loader.el (source)...
Loading /root/.emacs.d/init.d/agent/iar-knowledge-loader.el (source)...
Loading /root/.emacs.d/init.d/agent/iar-buffer-info.el (source)...
Loading /root/.emacs.d/init.d/tools/agent/delegate.el (source)...
Loading /root/.emacs.d/init.d/tools/agent/reload_os.el (source)...
Loading /root/.emacs.d/init.d/tools/agent/reload_agent.el (source)...
Loading /root/.emacs.d/init.d/tools/agent/read_own_prompt.el (source)...
Loading /root/.emacs.d/init.d/agent/iar-guidelines-checker.el (source)...
Loading /root/.emacs.d/init.d/agent/iar-agent-cycle.el (source)...
Loading /root/.emacs.d/init.d/debug/iar-status-mode.el (source)...
[status-mode] Installed
Loading /root/.emacs.d/init.d/session/iar-quit.el (source)...
[continuo] Starting cycle with 3600s timeout (archetype: aria-cycle, project: iar, cycle: continuo_daily)
[continuo] Assembled prompt: 41715 chars (~10428 tokens), 21 tools
[continuo] Sending cycle prompt to continuo agent...
Querying Ollama...
[continuo] Terminal sentinel echo (pre-tool-call, CYCLE) -- closing cycle
[continuo] Cycle complete. Turns: 0, Tool calls: 24, Exit: 0
Tokens: 662457 in / 18841 out / 681298 total
Requests: 24
