
[0;34m[INF][2026-09-22 00:24:15][0m --- Cycle 1/1 ---
Already up to date.
============================================
  Preflight Mount Audit — Emacboros
  2026-09-22T03:24:16Z
============================================

--- Phase 1: /proc/mounts scan ---

--- Phase 2: Writability tests ---
[0;32m[PASS][0m /root/.emacs.d/.git/hooks — does not exist
[0;32m[PASS][0m /var/run/docker.sock — does not exist
[0;32m[PASS][0m /etc/cron.d — does not exist
[0;32m[PASS][0m /var/spool/cron — does not exist
[0;32m[PASS][0m /etc/systemd/system — directory is read-only
[0;32m[PASS][0m /etc/systemd — directory is read-only

--- Phase 3: Capability audit ---
[0;32m[PASS][0m CAP_DAC_OVERRIDE (bit 1) is not set — can bypass file read/write/execute permissions
[0;32m[PASS][0m CAP_SYS_ADMIN (bit 21) is not set — broad system administration (mount, namespaces, etc.)
[0;32m[PASS][0m CAP_SETUID (bit 7) is not set — can change process UID
[0;32m[PASS][0m CAP_SETGID (bit 6) is not set — can change process GID
[0;32m[PASS][0m CAP_MKNOD (bit 27) is not set — can create special device files
[0;32m[PASS][0m CAP_NET_RAW (bit 13) is SET (expected) — can create raw network sockets (needed for nmap/traceroute)
[0;32m[PASS][0m CAP_NET_BIND_SERVICE (bit 10) is SET (expected) — can bind to ports < 1024
[0;32m[PASS][0m CAP_FOWNER (bit 3) is not set — can bypass file ownership checks
[0;32m[PASS][0m CAP_SETFCAP (bit 31) is not set — can set file capabilities

--- Phase 4: Host mount audit ---
Writable real-filesystem mounts:
[0;33m[WARN][0m Host mount: /sys/kernel/security (securityfs, rw,nosuid,nodev,noexec,relatime)
[0;33m[WARN][0m Host mount: /sys/fs/cgroup (cgroup2, rw,seclabel,nosuid,nodev,noexec,relatime,nsdelegate,memory_recursiveprot,memory_hugetlb_accounting)
[0;33m[WARN][0m Host mount: /sys/fs/pstore (pstore, rw,seclabel,nosuid,nodev,noexec,relatime)
[0;33m[WARN][0m Host mount: /sys/firmware/efi/efivars (efivarfs, rw,nosuid,nodev,noexec,relatime)
[0;33m[WARN][0m Host mount: /sys/fs/bpf (bpf, rw,nosuid,nodev,noexec,relatime,mode=700)
[0;33m[WARN][0m Host mount: /sys/kernel/config (configfs, rw,nosuid,nodev,noexec,relatime)
[0;33m[WARN][0m Host mount: /sys/fs/selinux (selinuxfs, rw,nosuid,noexec,relatime)
[0;33m[WARN][0m Host mount: /sys/fs/fuse/connections (fusectl, rw,nosuid,nodev,noexec,relatime)
[0;33m[WARN][0m Host mount: /sys/kernel/debug (debugfs, rw,seclabel,nosuid,nodev,noexec,relatime)
[0;33m[WARN][0m Host mount: /sys/kernel/debug/tracing (tracefs, rw,seclabel,nosuid,nodev,noexec,relatime)
[0;33m[WARN][0m Host mount: /sys/kernel/tracing (tracefs, rw,seclabel,nosuid,nodev,noexec,relatime)
[0;33m[WARN][0m Host mount: /root/i.ar (btrfs, rw,seclabel,relatime,compress=zstd:1,ssd,discard=async,space_cache=v2,subvolid=256,subvol=/root)
[0;33m[WARN][0m Host mount: /root/personalization (btrfs, rw,seclabel,relatime,compress=zstd:1,ssd,discard=async,space_cache=v2,subvolid=256,subvol=/root)
[0;33m[WARN][0m Host mount: /root/.emacs.d (btrfs, rw,seclabel,relatime,compress=zstd:1,ssd,discard=async,space_cache=v2,subvolid=256,subvol=/root)
[0;33m[WARN][0m Host mount: /root/i.ar/prompts (btrfs, rw,seclabel,relatime,compress=zstd:1,ssd,discard=async,space_cache=v2,subvolid=256,subvol=/root)
[0;33m[WARN][0m Host mount: /root/.emacs.d/metaconfig (btrfs, rw,seclabel,relatime,compress=zstd:1,ssd,discard=async,space_cache=v2,subvolid=256,subvol=/root)
[0;33m[WARN][0m Host mount: /root/.emacs.d/gptel-fork (btrfs, rw,seclabel,relatime,compress=zstd:1,ssd,discard=async,space_cache=v2,subvolid=256,subvol=/root)

============================================
[0;32m  PREFLIGHT PASSED[0m
============================================
Loading /root/.emacs.d/configs/paths.el (source)...
Loading /root/.emacs.d/configs/predicates.el (source)...
Loading /root/.emacs.d/configs/keybindings.el (source)...
Loading /root/.emacs.d/configs/delimiters.el (source)...
Loading /root/.emacs.d/configs/git.el (source)...
Loading /root/.emacs.d/configs/fork.el (source)...
Loading /root/.emacs.d/configs/delegate.el (source)...
Loading /root/.emacs.d/configs/cycle.el (source)...
Loading /root/.emacs.d/configs/loop-guard.el (source)...
Loading /root/.emacs.d/configs/memory.el (source)...
Loading /root/.emacs.d/configs/file-guard.el (source)...
Loading /root/.emacs.d/configs/tool-limits.el (source)...
Loading /root/.emacs.d/configs/tasks.el (source)...
Loading /root/.emacs.d/configs/mcp.el (source)...
Loading /root/.emacs.d/init.d/shared/iar-utils.el (source)...
Loading /root/.emacs.d/init.d/shared/iar-agent-utils.el (source)...
Loading /root/.emacs.d/init.d/core/iar-locale.el (source)...
Loading /root/.emacs.d/init.d/core/iar-package-setup.el (source)...
Loading /root/.emacs.d/init.d/core/iar-ui-cleanup.el (source)...
Loading /root/.emacs.d/init.d/core/iar-evil-mode.el (source)...
Loading /root/.emacs.d/init.d/core/iar-gptel-setup.el (source)...
[gptel] Using fork from /root/.emacs.d/gptel-fork (overriding ELPA package)
Loading /root/.emacs.d/configs/gptel.el (source)...
Loading /root/.emacs.d/init.d/core/iar-mcp-setup.el (source)...
Loading /root/.emacs.d/init.d/tool-call/iar-malformed-args.el (source)...
Loading /root/.emacs.d/init.d/tool-call/iar-tool-call.el (source)...
[tool-call] Layer installed
Loading /root/.emacs.d/init.d/tool-call/iar-tool-result-timestamp.el (source)...
Loading /root/.emacs.d/init.d/tool-call/iar-tool-result-budget.el (source)...
Loading /root/.emacs.d/init.d/tool-call/iar-request-log.el (source)...
[request-log] Witness installed
Loading /root/.emacs.d/init.d/tool-call/iar-context-fence.el (source)...
Loading /root/.emacs.d/init.d/tool-call/iar-msgs-fence.el (source)...
Loading /root/.emacs.d/init.d/tool-call/iar-request-watchdog.el (source)...
[watchdog] Request watchdog installed
Loading /root/.emacs.d/init.d/tool-call/iar-thinking-loop-guard.el (source)...
[thinking-loop-guard] installed: enabled=t max-chars=16000 per-model=(("glm-5.3-flash" . 32000) ("nemotron-3-super" . 16000))
Loading /root/.emacs.d/init.d/tool-call/iar-text-mode-detector.el (source)...
Loading /root/.emacs.d/init.d/agent/iar-prompt-loader.el (source)...
Loading /root/.emacs.d/init.d/core/iar-mount-awareness.el (source)...
Loading /root/.emacs.d/init.d/core/iar-rate-limit.el (source)...
Loading /root/.emacs.d/init.d/security/iar-output-sanitizer.el (source)...
Loading /root/.emacs.d/init.d/security/iar-file-guard.el (source)...
Loading /root/.emacs.d/init.d/security/iar-audit-log.el (source)...
Loading /root/.emacs.d/init.d/security/iar-loop-guard.el (source)...
Loading /root/.emacs.d/init.d/security/iar-loop-guard-chain.el (source)...
Loading /root/.emacs.d/init.d/security/iar-tool-guard.el (source)...
Loading /root/.emacs.d/init.d/security/iar-utf8-scrub.el (source)...
Loading /root/.emacs.d/init.d/tools/filesystem/list_directory.el (source)...
Loading /root/.emacs.d/init.d/tools/filesystem/read_file.el (source)...
Loading /root/.emacs.d/init.d/tools/filesystem/write_file.el (source)...
Loading /root/.emacs.d/init.d/tools/filesystem/append_file.el (source)...
Loading /root/.emacs.d/init.d/tools/code/execute_code_local.el (source)...
Loading /root/.emacs.d/init.d/tools/code/execute_code_remote.el (source)...
Loading /root/.emacs.d/init.d/tools/code/check_elisp.el (source)...
Loading /root/.emacs.d/init.d/tools/tasks/read_task.el (source)...
Loading /root/.emacs.d/init.d/tools/tasks/create_task.el (source)...
Loading /root/.emacs.d/init.d/tools/tasks/write_subtask.el (source)...
Loading /root/.emacs.d/init.d/tools/tasks/remove_task.el (source)...
Loading /root/.emacs.d/init.d/tools/tasks/read_history.el (source)...
Loading /root/.emacs.d/init.d/tools/tasks/read_roadmap.el (source)...
Loading /root/.emacs.d/init.d/tools/tasks/write_roadmap.el (source)...
Loading /root/.emacs.d/init.d/tools/notify/telegram.el (source)...
Loading /root/.emacs.d/init.d/tools/git/git_commit.el (source)...
Loading /root/.emacs.d/init.d/tools/knowledge/read_knowledge.el (source)...
Loading /root/.emacs.d/init.d/agent/iar-project-parser.el (source)...
Loading /root/.emacs.d/init.d/agent/iar-prompt-assembly.el (source)...
Loading /root/.emacs.d/init.d/agent/iar-agent-loader.el (source)...
Loading /root/.emacs.d/init.d/agent/iar-knowledge-loader.el (source)...
Loading /root/.emacs.d/init.d/agent/iar-buffer-info.el (source)...
Loading /root/.emacs.d/init.d/tools/agent/delegate.el (source)...
Loading /root/.emacs.d/init.d/tools/agent/reload_os.el (source)...
Loading /root/.emacs.d/init.d/tools/agent/reload_agent.el (source)...
Loading /root/.emacs.d/init.d/tools/agent/read_own_prompt.el (source)...
Loading /root/.emacs.d/init.d/agent/iar-guidelines-checker.el (source)...
Loading /root/.emacs.d/init.d/agent/iar-agent-cycle.el (source)...
Loading /root/.emacs.d/init.d/debug/iar-status-mode.el (source)...
[status-mode] Installed
Loading /root/.emacs.d/init.d/session/iar-quit.el (source)...
[aria] Starting cycle with 3600s timeout (archetype: aria-cycle, project: iar, cycle: aria_daily)
[assembly] DIGEST [iar/aria] 13896 chars (warn at 12000) -- injected full on every request; diet it
[aria] Assembled prompt: 47664 chars (~11916 tokens), 21 tools
[aria] Sending cycle prompt to aria agent...
Querying Ollama...
[thinking-loop-guard] Aborting runaway reasoning stream (32000 chars, no content, model=glm-5.3-flash:cloud)
[aria] Turn was guard-aborted (strike 1/2) -- re-prompting with abort-aware prompt
Querying Ollama...
Stopped gptel request in buffer "*aria-cycle*"
[aria] Same-tool warning: 100 calls to execute_code_local this cycle -- one call blocked with notice
[aria] Tool-call budget warning (150/300) -- one call blocked with notice
[aria] Msgs soft cap warning (msgs 401 >= 400) -- one call blocked with notice
[aria] Cycle complete. Turns: 2, Tool calls: 199, Exit: 0
Tokens: 15932889 in / 49492 out / 15982381 total
Requests: 200
Belt #2c push to origin: To 10.66.0.5:/home/git/repos/iar-personalization.git
   ca9ddc83..d0a7dea7  HEAD -> main
[0;32m[INF][2026-09-22 00:51:14][0m Cycle 1 succeeded in 1619s (exit 0)

[0;34m[INF][2026-09-22 01:00:26][0m --- Cycle 1/1 ---
Already up to date.
============================================
  Preflight Mount Audit — Emacboros
  2026-09-22T04:00:27Z
============================================

--- Phase 1: /proc/mounts scan ---

--- Phase 2: Writability tests ---
[0;32m[PASS][0m /root/.emacs.d/.git/hooks — does not exist
[0;32m[PASS][0m /var/run/docker.sock — does not exist
[0;32m[PASS][0m /etc/cron.d — does not exist
[0;32m[PASS][0m /var/spool/cron — does not exist
[0;32m[PASS][0m /etc/systemd/system — directory is read-only
[0;32m[PASS][0m /etc/systemd — directory is read-only

--- Phase 3: Capability audit ---
[0;32m[PASS][0m CAP_DAC_OVERRIDE (bit 1) is not set — can bypass file read/write/execute permissions
[0;32m[PASS][0m CAP_SYS_ADMIN (bit 21) is not set — broad system administration (mount, namespaces, etc.)
[0;32m[PASS][0m CAP_SETUID (bit 7) is not set — can change process UID
[0;32m[PASS][0m CAP_SETGID (bit 6) is not set — can change process GID
[0;32m[PASS][0m CAP_MKNOD (bit 27) is not set — can create special device files
[0;32m[PASS][0m CAP_NET_RAW (bit 13) is SET (expected) — can create raw network sockets (needed for nmap/traceroute)
[0;32m[PASS][0m CAP_NET_BIND_SERVICE (bit 10) is SET (expected) — can bind to ports < 1024
[0;32m[PASS][0m CAP_FOWNER (bit 3) is not set — can bypass file ownership checks
[0;32m[PASS][0m CAP_SETFCAP (bit 31) is not set — can set file capabilities

--- Phase 4: Host mount audit ---
Writable real-filesystem mounts:
[0;33m[WARN][0m Host mount: /sys/kernel/security (securityfs, rw,nosuid,nodev,noexec,relatime)
[0;33m[WARN][0m Host mount: /sys/fs/cgroup (cgroup2, rw,seclabel,nosuid,nodev,noexec,relatime,nsdelegate,memory_recursiveprot,memory_hugetlb_accounting)
[0;33m[WARN][0m Host mount: /sys/fs/pstore (pstore, rw,seclabel,nosuid,nodev,noexec,relatime)
[0;33m[WARN][0m Host mount: /sys/firmware/efi/efivars (efivarfs, rw,nosuid,nodev,noexec,relatime)
[0;33m[WARN][0m Host mount: /sys/fs/bpf (bpf, rw,nosuid,nodev,noexec,relatime,mode=700)
[0;33m[WARN][0m Host mount: /sys/kernel/config (configfs, rw,nosuid,nodev,noexec,relatime)
[0;33m[WARN][0m Host mount: /sys/fs/selinux (selinuxfs, rw,nosuid,noexec,relatime)
[0;33m[WARN][0m Host mount: /sys/fs/fuse/connections (fusectl, rw,nosuid,nodev,noexec,relatime)
[0;33m[WARN][0m Host mount: /sys/kernel/debug (debugfs, rw,seclabel,nosuid,nodev,noexec,relatime)
[0;33m[WARN][0m Host mount: /sys/kernel/debug/tracing (tracefs, rw,seclabel,nosuid,nodev,noexec,relatime)
[0;33m[WARN][0m Host mount: /sys/kernel/tracing (tracefs, rw,seclabel,nosuid,nodev,noexec,relatime)
[0;33m[WARN][0m Host mount: /root/i.ar (btrfs, rw,seclabel,relatime,compress=zstd:1,ssd,discard=async,space_cache=v2,subvolid=256,subvol=/root)
[0;33m[WARN][0m Host mount: /root/.emacs.d (btrfs, rw,seclabel,relatime,compress=zstd:1,ssd,discard=async,space_cache=v2,subvolid=256,subvol=/root)
[0;33m[WARN][0m Host mount: /root/personalization (btrfs, rw,seclabel,relatime,compress=zstd:1,ssd,discard=async,space_cache=v2,subvolid=256,subvol=/root)
[0;33m[WARN][0m Host mount: /root/.emacs.d/metaconfig (btrfs, rw,seclabel,relatime,compress=zstd:1,ssd,discard=async,space_cache=v2,subvolid=256,subvol=/root)
[0;33m[WARN][0m Host mount: /root/i.ar/prompts (btrfs, rw,seclabel,relatime,compress=zstd:1,ssd,discard=async,space_cache=v2,subvolid=256,subvol=/root)
[0;33m[WARN][0m Host mount: /root/.emacs.d/gptel-fork (btrfs, rw,seclabel,relatime,compress=zstd:1,ssd,discard=async,space_cache=v2,subvolid=256,subvol=/root)

============================================
[0;32m  PREFLIGHT PASSED[0m
============================================
Loading /root/.emacs.d/configs/paths.el (source)...
Loading /root/.emacs.d/configs/predicates.el (source)...
Loading /root/.emacs.d/configs/keybindings.el (source)...
Loading /root/.emacs.d/configs/delimiters.el (source)...
Loading /root/.emacs.d/configs/git.el (source)...
Loading /root/.emacs.d/configs/fork.el (source)...
Loading /root/.emacs.d/configs/delegate.el (source)...
Loading /root/.emacs.d/configs/cycle.el (source)...
Loading /root/.emacs.d/configs/loop-guard.el (source)...
Loading /root/.emacs.d/configs/memory.el (source)...
Loading /root/.emacs.d/configs/file-guard.el (source)...
Loading /root/.emacs.d/configs/tool-limits.el (source)...
Loading /root/.emacs.d/configs/tasks.el (source)...
Loading /root/.emacs.d/configs/mcp.el (source)...
Loading /root/.emacs.d/init.d/shared/iar-utils.el (source)...
Loading /root/.emacs.d/init.d/shared/iar-agent-utils.el (source)...
Loading /root/.emacs.d/init.d/core/iar-locale.el (source)...
Loading /root/.emacs.d/init.d/core/iar-package-setup.el (source)...
Loading /root/.emacs.d/init.d/core/iar-ui-cleanup.el (source)...
Loading /root/.emacs.d/init.d/core/iar-evil-mode.el (source)...
Loading /root/.emacs.d/init.d/core/iar-gptel-setup.el (source)...
[gptel] Using fork from /root/.emacs.d/gptel-fork (overriding ELPA package)
Loading /root/.emacs.d/configs/gptel.el (source)...
Loading /root/.emacs.d/init.d/core/iar-mcp-setup.el (source)...
Loading /root/.emacs.d/init.d/tool-call/iar-malformed-args.el (source)...
Loading /root/.emacs.d/init.d/tool-call/iar-tool-call.el (source)...
[tool-call] Layer installed
Loading /root/.emacs.d/init.d/tool-call/iar-tool-result-timestamp.el (source)...
Loading /root/.emacs.d/init.d/tool-call/iar-tool-result-budget.el (source)...
Loading /root/.emacs.d/init.d/tool-call/iar-request-log.el (source)...
[request-log] Witness installed
Loading /root/.emacs.d/init.d/tool-call/iar-context-fence.el (source)...
Loading /root/.emacs.d/init.d/tool-call/iar-msgs-fence.el (source)...
Loading /root/.emacs.d/init.d/tool-call/iar-request-watchdog.el (source)...
[watchdog] Request watchdog installed
Loading /root/.emacs.d/init.d/tool-call/iar-thinking-loop-guard.el (source)...
[thinking-loop-guard] installed: enabled=t max-chars=16000 per-model=(("glm-5.3-flash" . 32000) ("nemotron-3-super" . 16000))
Loading /root/.emacs.d/init.d/tool-call/iar-text-mode-detector.el (source)...
Loading /root/.emacs.d/init.d/agent/iar-prompt-loader.el (source)...
Loading /root/.emacs.d/init.d/core/iar-mount-awareness.el (source)...
Loading /root/.emacs.d/init.d/core/iar-rate-limit.el (source)...
Loading /root/.emacs.d/init.d/security/iar-output-sanitizer.el (source)...
Loading /root/.emacs.d/init.d/security/iar-file-guard.el (source)...
Loading /root/.emacs.d/init.d/security/iar-audit-log.el (source)...
Loading /root/.emacs.d/init.d/security/iar-loop-guard.el (source)...
Loading /root/.emacs.d/init.d/security/iar-loop-guard-chain.el (source)...
Loading /root/.emacs.d/init.d/security/iar-tool-guard.el (source)...
Loading /root/.emacs.d/init.d/security/iar-utf8-scrub.el (source)...
Loading /root/.emacs.d/init.d/tools/filesystem/list_directory.el (source)...
Loading /root/.emacs.d/init.d/tools/filesystem/read_file.el (source)...
Loading /root/.emacs.d/init.d/tools/filesystem/write_file.el (source)...
Loading /root/.emacs.d/init.d/tools/filesystem/append_file.el (source)...
Loading /root/.emacs.d/init.d/tools/code/execute_code_local.el (source)...
Loading /root/.emacs.d/init.d/tools/code/execute_code_remote.el (source)...
Loading /root/.emacs.d/init.d/tools/code/check_elisp.el (source)...
Loading /root/.emacs.d/init.d/tools/tasks/read_task.el (source)...
Loading /root/.emacs.d/init.d/tools/tasks/create_task.el (source)...
Loading /root/.emacs.d/init.d/tools/tasks/write_subtask.el (source)...
Loading /root/.emacs.d/init.d/tools/tasks/remove_task.el (source)...
Loading /root/.emacs.d/init.d/tools/tasks/read_history.el (source)...
Loading /root/.emacs.d/init.d/tools/tasks/read_roadmap.el (source)...
Loading /root/.emacs.d/init.d/tools/tasks/write_roadmap.el (source)...
Loading /root/.emacs.d/init.d/tools/notify/telegram.el (source)...
Loading /root/.emacs.d/init.d/tools/git/git_commit.el (source)...
Loading /root/.emacs.d/init.d/tools/knowledge/read_knowledge.el (source)...
Loading /root/.emacs.d/init.d/agent/iar-project-parser.el (source)...
Loading /root/.emacs.d/init.d/agent/iar-prompt-assembly.el (source)...
Loading /root/.emacs.d/init.d/agent/iar-agent-loader.el (source)...
Loading /root/.emacs.d/init.d/agent/iar-knowledge-loader.el (source)...
Loading /root/.emacs.d/init.d/agent/iar-buffer-info.el (source)...
Loading /root/.emacs.d/init.d/tools/agent/delegate.el (source)...
Loading /root/.emacs.d/init.d/tools/agent/reload_os.el (source)...
Loading /root/.emacs.d/init.d/tools/agent/reload_agent.el (source)...
Loading /root/.emacs.d/init.d/tools/agent/read_own_prompt.el (source)...
Loading /root/.emacs.d/init.d/agent/iar-guidelines-checker.el (source)...
Loading /root/.emacs.d/init.d/agent/iar-agent-cycle.el (source)...
Loading /root/.emacs.d/init.d/debug/iar-status-mode.el (source)...
[status-mode] Installed
Loading /root/.emacs.d/init.d/session/iar-quit.el (source)...
[aria] Starting cycle with 3600s timeout (archetype: aria-cycle, project: iar, cycle: aria_daily)
[assembly] DIGEST [iar/aria] 14380 chars (warn at 12000) -- injected full on every request; diet it
[aria] Assembled prompt: 47452 chars (~11863 tokens), 21 tools
[aria] Sending cycle prompt to aria agent...
Querying Ollama...
Ollama error: (Ollama error: Internal Server Error (ref: 8cf31301-c175-4493-9920-f745895a48f1)) Internal Server Error (ref: 8cf31301-c175-4493-9920-f745895a48f1)
Querying Ollama...
[aria] Cycle complete. Turns: 2, Tool calls: 53, Exit: 0
Tokens: 2487318 in / 56823 out / 2544141 total
Requests: 55
[0;32m[INF][2026-09-22 02:07:12][0m Cycle 1 succeeded in 2597s (exit 0)

[0;34m[INF][2026-09-22 02:21:45][0m --- Cycle 1/1 ---
Already up to date.
============================================
  Preflight Mount Audit — Emacboros
  2026-09-22T05:21:46Z
============================================

--- Phase 1: /proc/mounts scan ---

--- Phase 2: Writability tests ---
[0;32m[PASS][0m /root/.emacs.d/.git/hooks — does not exist
[0;32m[PASS][0m /var/run/docker.sock — does not exist
[0;32m[PASS][0m /etc/cron.d — does not exist
[0;32m[PASS][0m /var/spool/cron — does not exist
[0;32m[PASS][0m /etc/systemd/system — directory is read-only
[0;32m[PASS][0m /etc/systemd — directory is read-only

--- Phase 3: Capability audit ---
[0;32m[PASS][0m CAP_DAC_OVERRIDE (bit 1) is not set — can bypass file read/write/execute permissions
[0;32m[PASS][0m CAP_SYS_ADMIN (bit 21) is not set — broad system administration (mount, namespaces, etc.)
[0;32m[PASS][0m CAP_SETUID (bit 7) is not set — can change process UID
[0;32m[PASS][0m CAP_SETGID (bit 6) is not set — can change process GID
[0;32m[PASS][0m CAP_MKNOD (bit 27) is not set — can create special device files
[0;32m[PASS][0m CAP_NET_RAW (bit 13) is SET (expected) — can create raw network sockets (needed for nmap/traceroute)
[0;32m[PASS][0m CAP_NET_BIND_SERVICE (bit 10) is SET (expected) — can bind to ports < 1024
[0;32m[PASS][0m CAP_FOWNER (bit 3) is not set — can bypass file ownership checks
[0;32m[PASS][0m CAP_SETFCAP (bit 31) is not set — can set file capabilities

--- Phase 4: Host mount audit ---
Writable real-filesystem mounts:
[0;33m[WARN][0m Host mount: /sys/kernel/security (securityfs, rw,nosuid,nodev,noexec,relatime)
[0;33m[WARN][0m Host mount: /sys/fs/cgroup (cgroup2, rw,seclabel,nosuid,nodev,noexec,relatime,nsdelegate,memory_recursiveprot,memory_hugetlb_accounting)
[0;33m[WARN][0m Host mount: /sys/fs/pstore (pstore, rw,seclabel,nosuid,nodev,noexec,relatime)
[0;33m[WARN][0m Host mount: /sys/firmware/efi/efivars (efivarfs, rw,nosuid,nodev,noexec,relatime)
[0;33m[WARN][0m Host mount: /sys/fs/bpf (bpf, rw,nosuid,nodev,noexec,relatime,mode=700)
[0;33m[WARN][0m Host mount: /sys/kernel/config (configfs, rw,nosuid,nodev,noexec,relatime)
[0;33m[WARN][0m Host mount: /sys/fs/selinux (selinuxfs, rw,nosuid,noexec,relatime)
[0;33m[WARN][0m Host mount: /sys/fs/fuse/connections (fusectl, rw,nosuid,nodev,noexec,relatime)
[0;33m[WARN][0m Host mount: /sys/kernel/debug (debugfs, rw,seclabel,nosuid,nodev,noexec,relatime)
[0;33m[WARN][0m Host mount: /sys/kernel/debug/tracing (tracefs, rw,seclabel,nosuid,nodev,noexec,relatime)
[0;33m[WARN][0m Host mount: /sys/kernel/tracing (tracefs, rw,seclabel,nosuid,nodev,noexec,relatime)
[0;33m[WARN][0m Host mount: /root/.emacs.d (btrfs, rw,seclabel,relatime,compress=zstd:1,ssd,discard=async,space_cache=v2,subvolid=256,subvol=/root)
[0;33m[WARN][0m Host mount: /root/i.ar (btrfs, rw,seclabel,relatime,compress=zstd:1,ssd,discard=async,space_cache=v2,subvolid=256,subvol=/root)
[0;33m[WARN][0m Host mount: /root/personalization (btrfs, rw,seclabel,relatime,compress=zstd:1,ssd,discard=async,space_cache=v2,subvolid=256,subvol=/root)
[0;33m[WARN][0m Host mount: /root/i.ar/prompts (btrfs, rw,seclabel,relatime,compress=zstd:1,ssd,discard=async,space_cache=v2,subvolid=256,subvol=/root)
[0;33m[WARN][0m Host mount: /root/.emacs.d/gptel-fork (btrfs, rw,seclabel,relatime,compress=zstd:1,ssd,discard=async,space_cache=v2,subvolid=256,subvol=/root)
[0;33m[WARN][0m Host mount: /root/.emacs.d/metaconfig (btrfs, rw,seclabel,relatime,compress=zstd:1,ssd,discard=async,space_cache=v2,subvolid=256,subvol=/root)

============================================
[0;32m  PREFLIGHT PASSED[0m
============================================
Loading /root/.emacs.d/configs/paths.el (source)...
Loading /root/.emacs.d/configs/predicates.el (source)...
Loading /root/.emacs.d/configs/keybindings.el (source)...
Loading /root/.emacs.d/configs/delimiters.el (source)...
Loading /root/.emacs.d/configs/git.el (source)...
Loading /root/.emacs.d/configs/fork.el (source)...
Loading /root/.emacs.d/configs/delegate.el (source)...
Loading /root/.emacs.d/configs/cycle.el (source)...
Loading /root/.emacs.d/configs/loop-guard.el (source)...
Loading /root/.emacs.d/configs/memory.el (source)...
Loading /root/.emacs.d/configs/file-guard.el (source)...
Loading /root/.emacs.d/configs/tool-limits.el (source)...
Loading /root/.emacs.d/configs/tasks.el (source)...
Loading /root/.emacs.d/configs/mcp.el (source)...
Loading /root/.emacs.d/init.d/shared/iar-utils.el (source)...
Loading /root/.emacs.d/init.d/shared/iar-agent-utils.el (source)...
Loading /root/.emacs.d/init.d/core/iar-locale.el (source)...
Loading /root/.emacs.d/init.d/core/iar-package-setup.el (source)...
Loading /root/.emacs.d/init.d/core/iar-ui-cleanup.el (source)...
Loading /root/.emacs.d/init.d/core/iar-evil-mode.el (source)...
Loading /root/.emacs.d/init.d/core/iar-gptel-setup.el (source)...
[gptel] Using fork from /root/.emacs.d/gptel-fork (overriding ELPA package)
Loading /root/.emacs.d/configs/gptel.el (source)...
Loading /root/.emacs.d/init.d/core/iar-mcp-setup.el (source)...
Loading /root/.emacs.d/init.d/tool-call/iar-malformed-args.el (source)...
Loading /root/.emacs.d/init.d/tool-call/iar-tool-call.el (source)...
[tool-call] Layer installed
Loading /root/.emacs.d/init.d/tool-call/iar-tool-result-timestamp.el (source)...
Loading /root/.emacs.d/init.d/tool-call/iar-tool-result-budget.el (source)...
Loading /root/.emacs.d/init.d/tool-call/iar-request-log.el (source)...
[request-log] Witness installed
Loading /root/.emacs.d/init.d/tool-call/iar-context-fence.el (source)...
Loading /root/.emacs.d/init.d/tool-call/iar-msgs-fence.el (source)...
Loading /root/.emacs.d/init.d/tool-call/iar-request-watchdog.el (source)...
[watchdog] Request watchdog installed
Loading /root/.emacs.d/init.d/tool-call/iar-thinking-loop-guard.el (source)...
[thinking-loop-guard] installed: enabled=t max-chars=16000 per-model=(("glm-5.3-flash" . 32000) ("nemotron-3-super" . 16000))
Loading /root/.emacs.d/init.d/tool-call/iar-text-mode-detector.el (source)...
Loading /root/.emacs.d/init.d/agent/iar-prompt-loader.el (source)...
Loading /root/.emacs.d/init.d/core/iar-mount-awareness.el (source)...
Loading /root/.emacs.d/init.d/core/iar-rate-limit.el (source)...
Loading /root/.emacs.d/init.d/security/iar-output-sanitizer.el (source)...
Loading /root/.emacs.d/init.d/security/iar-file-guard.el (source)...
Loading /root/.emacs.d/init.d/security/iar-audit-log.el (source)...
Loading /root/.emacs.d/init.d/security/iar-loop-guard.el (source)...
Loading /root/.emacs.d/init.d/security/iar-loop-guard-chain.el (source)...
Loading /root/.emacs.d/init.d/security/iar-tool-guard.el (source)...
Loading /root/.emacs.d/init.d/security/iar-utf8-scrub.el (source)...
Loading /root/.emacs.d/init.d/tools/filesystem/list_directory.el (source)...
Loading /root/.emacs.d/init.d/tools/filesystem/read_file.el (source)...
Loading /root/.emacs.d/init.d/tools/filesystem/write_file.el (source)...
Loading /root/.emacs.d/init.d/tools/filesystem/append_file.el (source)...
Loading /root/.emacs.d/init.d/tools/code/execute_code_local.el (source)...
Loading /root/.emacs.d/init.d/tools/code/execute_code_remote.el (source)...
Loading /root/.emacs.d/init.d/tools/code/check_elisp.el (source)...
Loading /root/.emacs.d/init.d/tools/tasks/read_task.el (source)...
Loading /root/.emacs.d/init.d/tools/tasks/create_task.el (source)...
Loading /root/.emacs.d/init.d/tools/tasks/write_subtask.el (source)...
Loading /root/.emacs.d/init.d/tools/tasks/remove_task.el (source)...
Loading /root/.emacs.d/init.d/tools/tasks/read_history.el (source)...
Loading /root/.emacs.d/init.d/tools/tasks/read_roadmap.el (source)...
Loading /root/.emacs.d/init.d/tools/tasks/write_roadmap.el (source)...
Loading /root/.emacs.d/init.d/tools/notify/telegram.el (source)...
Loading /root/.emacs.d/init.d/tools/git/git_commit.el (source)...
Loading /root/.emacs.d/init.d/tools/knowledge/read_knowledge.el (source)...
Loading /root/.emacs.d/init.d/agent/iar-project-parser.el (source)...
Loading /root/.emacs.d/init.d/agent/iar-prompt-assembly.el (source)...
Loading /root/.emacs.d/init.d/agent/iar-agent-loader.el (source)...
Loading /root/.emacs.d/init.d/agent/iar-knowledge-loader.el (source)...
Loading /root/.emacs.d/init.d/agent/iar-buffer-info.el (source)...
Loading /root/.emacs.d/init.d/tools/agent/delegate.el (source)...
Loading /root/.emacs.d/init.d/tools/agent/reload_os.el (source)...
Loading /root/.emacs.d/init.d/tools/agent/reload_agent.el (source)...
Loading /root/.emacs.d/init.d/tools/agent/read_own_prompt.el (source)...
Loading /root/.emacs.d/init.d/agent/iar-guidelines-checker.el (source)...
Loading /root/.emacs.d/init.d/agent/iar-agent-cycle.el (source)...
Loading /root/.emacs.d/init.d/debug/iar-status-mode.el (source)...
[status-mode] Installed
Loading /root/.emacs.d/init.d/session/iar-quit.el (source)...
[aria] Starting cycle with 3600s timeout (archetype: aria-cycle, project: iar, cycle: aria_daily)
[assembly] DIGEST [iar/aria] HARD CAP: 16235 > 16000 chars, truncating to tail
[aria] Assembled prompt: 49198 chars (~12299 tokens), 21 tools
[aria] Sending cycle prompt to aria agent...
Querying Ollama...
[thinking-loop-guard] Aborting runaway reasoning stream (32000 chars, no content, model=glm-5.3-flash:cloud)
[aria] Turn was guard-aborted (strike 1/2) -- re-prompting with abort-aware prompt
Querying Ollama...
Stopped gptel request in buffer "*aria-cycle*"
[aria] Same-tool warning: 100 calls to execute_code_local this cycle -- one call blocked with notice
[loop-guard-chain] SOFT BLOCK: execute_code_local chained 10 times
[loop-guard-chain] SOFT BLOCK: execute_code_local chained 11 times
[loop-guard-chain] SOFT BLOCK: execute_code_local chained 10 times
[loop-guard-chain] SOFT BLOCK: execute_code_local chained 11 times
[loop-guard-chain] SOFT BLOCK: execute_code_local chained 12 times
[loop-guard-chain] SOFT BLOCK: execute_code_local chained 13 times
[loop-guard-chain] SOFT BLOCK: execute_code_local chained 14 times
[loop-guard-chain] SOFT BLOCK: execute_code_local chained 15 times
[aria] Tool-call budget warning (150/300) -- one call blocked with notice
[loop-guard-chain] SOFT BLOCK: execute_code_local chained 10 times
[aria] Msgs soft cap warning (msgs 400 >= 400) -- one call blocked with notice
[loop-guard-chain] SOFT BLOCK: execute_code_local chained 10 times
[aria] Cycle complete. Turns: 2, Tool calls: 287, Exit: 0
Tokens: 27069893 in / 50145 out / 27120038 total
Requests: 288
Belt #2c push to origin: To 10.66.0.5:/home/git/repos/iar-personalization.git
   b0c93f96..2680f2e4  HEAD -> main
[0;32m[INF][2026-09-22 02:43:26][0m Cycle 1 succeeded in 1301s (exit 0)

[0;34m[INF][2026-09-22 02:59:11][0m --- Cycle 1/1 ---
Already up to date.
============================================
  Preflight Mount Audit — Emacboros
  2026-09-22T05:59:11Z
============================================

--- Phase 1: /proc/mounts scan ---

--- Phase 2: Writability tests ---
[0;32m[PASS][0m /root/.emacs.d/.git/hooks — does not exist
[0;32m[PASS][0m /var/run/docker.sock — does not exist
[0;32m[PASS][0m /etc/cron.d — does not exist
[0;32m[PASS][0m /var/spool/cron — does not exist
[0;32m[PASS][0m /etc/systemd/system — directory is read-only
[0;32m[PASS][0m /etc/systemd — directory is read-only

--- Phase 3: Capability audit ---
[0;32m[PASS][0m CAP_DAC_OVERRIDE (bit 1) is not set — can bypass file read/write/execute permissions
[0;32m[PASS][0m CAP_SYS_ADMIN (bit 21) is not set — broad system administration (mount, namespaces, etc.)
[0;32m[PASS][0m CAP_SETUID (bit 7) is not set — can change process UID
[0;32m[PASS][0m CAP_SETGID (bit 6) is not set — can change process GID
[0;32m[PASS][0m CAP_MKNOD (bit 27) is not set — can create special device files
[0;32m[PASS][0m CAP_NET_RAW (bit 13) is SET (expected) — can create raw network sockets (needed for nmap/traceroute)
[0;32m[PASS][0m CAP_NET_BIND_SERVICE (bit 10) is SET (expected) — can bind to ports < 1024
[0;32m[PASS][0m CAP_FOWNER (bit 3) is not set — can bypass file ownership checks
[0;32m[PASS][0m CAP_SETFCAP (bit 31) is not set — can set file capabilities

--- Phase 4: Host mount audit ---
Writable real-filesystem mounts:
[0;33m[WARN][0m Host mount: /sys/kernel/security (securityfs, rw,nosuid,nodev,noexec,relatime)
[0;33m[WARN][0m Host mount: /sys/fs/cgroup (cgroup2, rw,seclabel,nosuid,nodev,noexec,relatime,nsdelegate,memory_recursiveprot,memory_hugetlb_accounting)
[0;33m[WARN][0m Host mount: /sys/fs/pstore (pstore, rw,seclabel,nosuid,nodev,noexec,relatime)
[0;33m[WARN][0m Host mount: /sys/firmware/efi/efivars (efivarfs, rw,nosuid,nodev,noexec,relatime)
[0;33m[WARN][0m Host mount: /sys/fs/bpf (bpf, rw,nosuid,nodev,noexec,relatime,mode=700)
[0;33m[WARN][0m Host mount: /sys/kernel/config (configfs, rw,nosuid,nodev,noexec,relatime)
[0;33m[WARN][0m Host mount: /sys/fs/selinux (selinuxfs, rw,nosuid,noexec,relatime)
[0;33m[WARN][0m Host mount: /sys/fs/fuse/connections (fusectl, rw,nosuid,nodev,noexec,relatime)
[0;33m[WARN][0m Host mount: /sys/kernel/debug (debugfs, rw,seclabel,nosuid,nodev,noexec,relatime)
[0;33m[WARN][0m Host mount: /sys/kernel/debug/tracing (tracefs, rw,seclabel,nosuid,nodev,noexec,relatime)
[0;33m[WARN][0m Host mount: /sys/kernel/tracing (tracefs, rw,seclabel,nosuid,nodev,noexec,relatime)
[0;33m[WARN][0m Host mount: /root/.emacs.d (btrfs, rw,seclabel,relatime,compress=zstd:1,ssd,discard=async,space_cache=v2,subvolid=256,subvol=/root)
[0;33m[WARN][0m Host mount: /root/personalization (btrfs, rw,seclabel,relatime,compress=zstd:1,ssd,discard=async,space_cache=v2,subvolid=256,subvol=/root)
[0;33m[WARN][0m Host mount: /root/i.ar (btrfs, rw,seclabel,relatime,compress=zstd:1,ssd,discard=async,space_cache=v2,subvolid=256,subvol=/root)
[0;33m[WARN][0m Host mount: /root/.emacs.d/gptel-fork (btrfs, rw,seclabel,relatime,compress=zstd:1,ssd,discard=async,space_cache=v2,subvolid=256,subvol=/root)
[0;33m[WARN][0m Host mount: /root/.emacs.d/metaconfig (btrfs, rw,seclabel,relatime,compress=zstd:1,ssd,discard=async,space_cache=v2,subvolid=256,subvol=/root)
[0;33m[WARN][0m Host mount: /root/i.ar/prompts (btrfs, rw,seclabel,relatime,compress=zstd:1,ssd,discard=async,space_cache=v2,subvolid=256,subvol=/root)

============================================
[0;32m  PREFLIGHT PASSED[0m
============================================
Loading /root/.emacs.d/configs/paths.el (source)...
Loading /root/.emacs.d/configs/predicates.el (source)...
Loading /root/.emacs.d/configs/keybindings.el (source)...
Loading /root/.emacs.d/configs/delimiters.el (source)...
Loading /root/.emacs.d/configs/git.el (source)...
Loading /root/.emacs.d/configs/fork.el (source)...
Loading /root/.emacs.d/configs/delegate.el (source)...
Loading /root/.emacs.d/configs/cycle.el (source)...
Loading /root/.emacs.d/configs/loop-guard.el (source)...
Loading /root/.emacs.d/configs/memory.el (source)...
Loading /root/.emacs.d/configs/file-guard.el (source)...
Loading /root/.emacs.d/configs/tool-limits.el (source)...
Loading /root/.emacs.d/configs/tasks.el (source)...
Loading /root/.emacs.d/configs/mcp.el (source)...
Loading /root/.emacs.d/init.d/shared/iar-utils.el (source)...
Loading /root/.emacs.d/init.d/shared/iar-agent-utils.el (source)...
Loading /root/.emacs.d/init.d/core/iar-locale.el (source)...
Loading /root/.emacs.d/init.d/core/iar-package-setup.el (source)...
Loading /root/.emacs.d/init.d/core/iar-ui-cleanup.el (source)...
Loading /root/.emacs.d/init.d/core/iar-evil-mode.el (source)...
Loading /root/.emacs.d/init.d/core/iar-gptel-setup.el (source)...
[gptel] Using fork from /root/.emacs.d/gptel-fork (overriding ELPA package)
Loading /root/.emacs.d/configs/gptel.el (source)...
Loading /root/.emacs.d/init.d/core/iar-mcp-setup.el (source)...
Loading /root/.emacs.d/init.d/tool-call/iar-malformed-args.el (source)...
Loading /root/.emacs.d/init.d/tool-call/iar-tool-call.el (source)...
[tool-call] Layer installed
Loading /root/.emacs.d/init.d/tool-call/iar-tool-result-timestamp.el (source)...
Loading /root/.emacs.d/init.d/tool-call/iar-tool-result-budget.el (source)...
Loading /root/.emacs.d/init.d/tool-call/iar-request-log.el (source)...
[request-log] Witness installed
Loading /root/.emacs.d/init.d/tool-call/iar-context-fence.el (source)...
Loading /root/.emacs.d/init.d/tool-call/iar-msgs-fence.el (source)...
Loading /root/.emacs.d/init.d/tool-call/iar-request-watchdog.el (source)...
[watchdog] Request watchdog installed
Loading /root/.emacs.d/init.d/tool-call/iar-thinking-loop-guard.el (source)...
[thinking-loop-guard] installed: enabled=t max-chars=16000 per-model=(("glm-5.3-flash" . 32000) ("nemotron-3-super" . 16000))
Loading /root/.emacs.d/init.d/tool-call/iar-text-mode-detector.el (source)...
Loading /root/.emacs.d/init.d/agent/iar-prompt-loader.el (source)...
Loading /root/.emacs.d/init.d/core/iar-mount-awareness.el (source)...
Loading /root/.emacs.d/init.d/core/iar-rate-limit.el (source)...
Loading /root/.emacs.d/init.d/security/iar-output-sanitizer.el (source)...
Loading /root/.emacs.d/init.d/security/iar-file-guard.el (source)...
Loading /root/.emacs.d/init.d/security/iar-audit-log.el (source)...
Loading /root/.emacs.d/init.d/security/iar-loop-guard.el (source)...
Loading /root/.emacs.d/init.d/security/iar-loop-guard-chain.el (source)...
Loading /root/.emacs.d/init.d/security/iar-tool-guard.el (source)...
Loading /root/.emacs.d/init.d/security/iar-utf8-scrub.el (source)...
Loading /root/.emacs.d/init.d/tools/filesystem/list_directory.el (source)...
Loading /root/.emacs.d/init.d/tools/filesystem/read_file.el (source)...
Loading /root/.emacs.d/init.d/tools/filesystem/write_file.el (source)...
Loading /root/.emacs.d/init.d/tools/filesystem/append_file.el (source)...
Loading /root/.emacs.d/init.d/tools/code/execute_code_local.el (source)...
Loading /root/.emacs.d/init.d/tools/code/execute_code_remote.el (source)...
Loading /root/.emacs.d/init.d/tools/code/check_elisp.el (source)...
Loading /root/.emacs.d/init.d/tools/tasks/read_task.el (source)...
Loading /root/.emacs.d/init.d/tools/tasks/create_task.el (source)...
Loading /root/.emacs.d/init.d/tools/tasks/write_subtask.el (source)...
Loading /root/.emacs.d/init.d/tools/tasks/remove_task.el (source)...
Loading /root/.emacs.d/init.d/tools/tasks/read_history.el (source)...
Loading /root/.emacs.d/init.d/tools/tasks/read_roadmap.el (source)...
Loading /root/.emacs.d/init.d/tools/tasks/write_roadmap.el (source)...
Loading /root/.emacs.d/init.d/tools/notify/telegram.el (source)...
Loading /root/.emacs.d/init.d/tools/git/git_commit.el (source)...
Loading /root/.emacs.d/init.d/tools/knowledge/read_knowledge.el (source)...
Loading /root/.emacs.d/init.d/agent/iar-project-parser.el (source)...
Loading /root/.emacs.d/init.d/agent/iar-prompt-assembly.el (source)...
Loading /root/.emacs.d/init.d/agent/iar-agent-loader.el (source)...
Loading /root/.emacs.d/init.d/agent/iar-knowledge-loader.el (source)...
Loading /root/.emacs.d/init.d/agent/iar-buffer-info.el (source)...
Loading /root/.emacs.d/init.d/tools/agent/delegate.el (source)...
Loading /root/.emacs.d/init.d/tools/agent/reload_os.el (source)...
Loading /root/.emacs.d/init.d/tools/agent/reload_agent.el (source)...
Loading /root/.emacs.d/init.d/tools/agent/read_own_prompt.el (source)...
Loading /root/.emacs.d/init.d/agent/iar-guidelines-checker.el (source)...
Loading /root/.emacs.d/init.d/agent/iar-agent-cycle.el (source)...
Loading /root/.emacs.d/init.d/debug/iar-status-mode.el (source)...
[status-mode] Installed
Loading /root/.emacs.d/init.d/session/iar-quit.el (source)...
[aria] Starting cycle with 3600s timeout (archetype: aria-cycle, project: iar, cycle: aria_daily)
[assembly] DIGEST [iar/aria] HARD CAP: 16235 > 16000 chars, truncating to tail
[aria] Assembled prompt: 49147 chars (~12286 tokens), 21 tools
[aria] Sending cycle prompt to aria agent...
Querying Ollama...
[loop-guard-chain] SOFT BLOCK: execute_code_local chained 10 times
[aria] Same-tool warning: 100 calls to execute_code_local this cycle -- one call blocked with notice
[loop-guard-chain] SOFT BLOCK: execute_code_local chained 10 times
[loop-guard-chain] SOFT BLOCK: execute_code_local chained 11 times
[loop-guard-chain] SOFT BLOCK: execute_code_local chained 12 times
[thinking-loop-guard] Aborting runaway reasoning stream (32000 chars, no content, model=glm-5.3-flash:cloud)
[aria] Turn was guard-aborted (strike 1/2) -- re-prompting with abort-aware prompt
Querying Ollama...
Stopped gptel request in buffer "*aria-cycle*"
[aria] Cycle complete. Turns: 2, Tool calls: 138, Exit: 0
Tokens: 7129724 in / 43917 out / 7173641 total
Requests: 139
Belt #2c push to origin: To 10.66.0.5:/home/git/repos/iar-personalization.git
   453f67a5..f663ca0e  HEAD -> main
[0;32m[INF][2026-09-22 03:22:28][0m Cycle 1 succeeded in 1397s (exit 0)

[0;34m[INF][2026-09-22 03:27:44][0m --- Cycle 1/1 ---
Already up to date.
============================================
  Preflight Mount Audit — Emacboros
  2026-09-22T06:27:45Z
============================================

--- Phase 1: /proc/mounts scan ---

--- Phase 2: Writability tests ---
[0;32m[PASS][0m /root/.emacs.d/.git/hooks — does not exist
[0;32m[PASS][0m /var/run/docker.sock — does not exist
[0;32m[PASS][0m /etc/cron.d — does not exist
[0;32m[PASS][0m /var/spool/cron — does not exist
[0;32m[PASS][0m /etc/systemd/system — directory is read-only
[0;32m[PASS][0m /etc/systemd — directory is read-only

--- Phase 3: Capability audit ---
[0;32m[PASS][0m CAP_DAC_OVERRIDE (bit 1) is not set — can bypass file read/write/execute permissions
[0;32m[PASS][0m CAP_SYS_ADMIN (bit 21) is not set — broad system administration (mount, namespaces, etc.)
[0;32m[PASS][0m CAP_SETUID (bit 7) is not set — can change process UID
[0;32m[PASS][0m CAP_SETGID (bit 6) is not set — can change process GID
[0;32m[PASS][0m CAP_MKNOD (bit 27) is not set — can create special device files
[0;32m[PASS][0m CAP_NET_RAW (bit 13) is SET (expected) — can create raw network sockets (needed for nmap/traceroute)
[0;32m[PASS][0m CAP_NET_BIND_SERVICE (bit 10) is SET (expected) — can bind to ports < 1024
[0;32m[PASS][0m CAP_FOWNER (bit 3) is not set — can bypass file ownership checks
[0;32m[PASS][0m CAP_SETFCAP (bit 31) is not set — can set file capabilities

--- Phase 4: Host mount audit ---
Writable real-filesystem mounts:
[0;33m[WARN][0m Host mount: /sys/kernel/security (securityfs, rw,nosuid,nodev,noexec,relatime)
[0;33m[WARN][0m Host mount: /sys/fs/cgroup (cgroup2, rw,seclabel,nosuid,nodev,noexec,relatime,nsdelegate,memory_recursiveprot,memory_hugetlb_accounting)
[0;33m[WARN][0m Host mount: /sys/fs/pstore (pstore, rw,seclabel,nosuid,nodev,noexec,relatime)
[0;33m[WARN][0m Host mount: /sys/firmware/efi/efivars (efivarfs, rw,nosuid,nodev,noexec,relatime)
[0;33m[WARN][0m Host mount: /sys/fs/bpf (bpf, rw,nosuid,nodev,noexec,relatime,mode=700)
[0;33m[WARN][0m Host mount: /sys/kernel/config (configfs, rw,nosuid,nodev,noexec,relatime)
[0;33m[WARN][0m Host mount: /sys/fs/selinux (selinuxfs, rw,nosuid,noexec,relatime)
[0;33m[WARN][0m Host mount: /sys/fs/fuse/connections (fusectl, rw,nosuid,nodev,noexec,relatime)
[0;33m[WARN][0m Host mount: /sys/kernel/debug (debugfs, rw,seclabel,nosuid,nodev,noexec,relatime)
[0;33m[WARN][0m Host mount: /sys/kernel/debug/tracing (tracefs, rw,seclabel,nosuid,nodev,noexec,relatime)
[0;33m[WARN][0m Host mount: /sys/kernel/tracing (tracefs, rw,seclabel,nosuid,nodev,noexec,relatime)
[0;33m[WARN][0m Host mount: /root/personalization (btrfs, rw,seclabel,relatime,compress=zstd:1,ssd,discard=async,space_cache=v2,subvolid=256,subvol=/root)
[0;33m[WARN][0m Host mount: /root/i.ar (btrfs, rw,seclabel,relatime,compress=zstd:1,ssd,discard=async,space_cache=v2,subvolid=256,subvol=/root)
[0;33m[WARN][0m Host mount: /root/.emacs.d (btrfs, rw,seclabel,relatime,compress=zstd:1,ssd,discard=async,space_cache=v2,subvolid=256,subvol=/root)
[0;33m[WARN][0m Host mount: /root/.emacs.d/metaconfig (btrfs, rw,seclabel,relatime,compress=zstd:1,ssd,discard=async,space_cache=v2,subvolid=256,subvol=/root)
[0;33m[WARN][0m Host mount: /root/i.ar/prompts (btrfs, rw,seclabel,relatime,compress=zstd:1,ssd,discard=async,space_cache=v2,subvolid=256,subvol=/root)
[0;33m[WARN][0m Host mount: /root/.emacs.d/gptel-fork (btrfs, rw,seclabel,relatime,compress=zstd:1,ssd,discard=async,space_cache=v2,subvolid=256,subvol=/root)

============================================
[0;32m  PREFLIGHT PASSED[0m
============================================
Loading /root/.emacs.d/configs/paths.el (source)...
Loading /root/.emacs.d/configs/predicates.el (source)...
Loading /root/.emacs.d/configs/keybindings.el (source)...
Loading /root/.emacs.d/configs/delimiters.el (source)...
Loading /root/.emacs.d/configs/git.el (source)...
Loading /root/.emacs.d/configs/fork.el (source)...
Loading /root/.emacs.d/configs/delegate.el (source)...
Loading /root/.emacs.d/configs/cycle.el (source)...
Loading /root/.emacs.d/configs/loop-guard.el (source)...
Loading /root/.emacs.d/configs/memory.el (source)...
Loading /root/.emacs.d/configs/file-guard.el (source)...
Loading /root/.emacs.d/configs/tool-limits.el (source)...
Loading /root/.emacs.d/configs/tasks.el (source)...
Loading /root/.emacs.d/configs/mcp.el (source)...
Loading /root/.emacs.d/init.d/shared/iar-utils.el (source)...
Loading /root/.emacs.d/init.d/shared/iar-agent-utils.el (source)...
Loading /root/.emacs.d/init.d/core/iar-locale.el (source)...
Loading /root/.emacs.d/init.d/core/iar-package-setup.el (source)...
Loading /root/.emacs.d/init.d/core/iar-ui-cleanup.el (source)...
Loading /root/.emacs.d/init.d/core/iar-evil-mode.el (source)...
Loading /root/.emacs.d/init.d/core/iar-gptel-setup.el (source)...
[gptel] Using fork from /root/.emacs.d/gptel-fork (overriding ELPA package)
Loading /root/.emacs.d/configs/gptel.el (source)...
Loading /root/.emacs.d/init.d/core/iar-mcp-setup.el (source)...
Loading /root/.emacs.d/init.d/tool-call/iar-malformed-args.el (source)...
Loading /root/.emacs.d/init.d/tool-call/iar-tool-call.el (source)...
[tool-call] Layer installed
Loading /root/.emacs.d/init.d/tool-call/iar-tool-result-timestamp.el (source)...
Loading /root/.emacs.d/init.d/tool-call/iar-tool-result-budget.el (source)...
Loading /root/.emacs.d/init.d/tool-call/iar-request-log.el (source)...
[request-log] Witness installed
Loading /root/.emacs.d/init.d/tool-call/iar-context-fence.el (source)...
Loading /root/.emacs.d/init.d/tool-call/iar-msgs-fence.el (source)...
Loading /root/.emacs.d/init.d/tool-call/iar-request-watchdog.el (source)...
[watchdog] Request watchdog installed
Loading /root/.emacs.d/init.d/tool-call/iar-thinking-loop-guard.el (source)...
[thinking-loop-guard] installed: enabled=t max-chars=16000 per-model=(("glm-5.3-flash" . 32000) ("nemotron-3-super" . 16000))
Loading /root/.emacs.d/init.d/tool-call/iar-text-mode-detector.el (source)...
Loading /root/.emacs.d/init.d/agent/iar-prompt-loader.el (source)...
Loading /root/.emacs.d/init.d/core/iar-mount-awareness.el (source)...
Loading /root/.emacs.d/init.d/core/iar-rate-limit.el (source)...
Loading /root/.emacs.d/init.d/security/iar-output-sanitizer.el (source)...
Loading /root/.emacs.d/init.d/security/iar-file-guard.el (source)...
Loading /root/.emacs.d/init.d/security/iar-audit-log.el (source)...
Loading /root/.emacs.d/init.d/security/iar-loop-guard.el (source)...
Loading /root/.emacs.d/init.d/security/iar-loop-guard-chain.el (source)...
Loading /root/.emacs.d/init.d/security/iar-tool-guard.el (source)...
Loading /root/.emacs.d/init.d/security/iar-utf8-scrub.el (source)...
Loading /root/.emacs.d/init.d/tools/filesystem/list_directory.el (source)...
Loading /root/.emacs.d/init.d/tools/filesystem/read_file.el (source)...
Loading /root/.emacs.d/init.d/tools/filesystem/write_file.el (source)...
Loading /root/.emacs.d/init.d/tools/filesystem/append_file.el (source)...
Loading /root/.emacs.d/init.d/tools/code/execute_code_local.el (source)...
Loading /root/.emacs.d/init.d/tools/code/execute_code_remote.el (source)...
Loading /root/.emacs.d/init.d/tools/code/check_elisp.el (source)...
Loading /root/.emacs.d/init.d/tools/tasks/read_task.el (source)...
Loading /root/.emacs.d/init.d/tools/tasks/create_task.el (source)...
Loading /root/.emacs.d/init.d/tools/tasks/write_subtask.el (source)...
Loading /root/.emacs.d/init.d/tools/tasks/remove_task.el (source)...
Loading /root/.emacs.d/init.d/tools/tasks/read_history.el (source)...
Loading /root/.emacs.d/init.d/tools/tasks/read_roadmap.el (source)...
Loading /root/.emacs.d/init.d/tools/tasks/write_roadmap.el (source)...
Loading /root/.emacs.d/init.d/tools/notify/telegram.el (source)...
Loading /root/.emacs.d/init.d/tools/git/git_commit.el (source)...
Loading /root/.emacs.d/init.d/tools/knowledge/read_knowledge.el (source)...
Loading /root/.emacs.d/init.d/agent/iar-project-parser.el (source)...
Loading /root/.emacs.d/init.d/agent/iar-prompt-assembly.el (source)...
Loading /root/.emacs.d/init.d/agent/iar-agent-loader.el (source)...
Loading /root/.emacs.d/init.d/agent/iar-knowledge-loader.el (source)...
Loading /root/.emacs.d/init.d/agent/iar-buffer-info.el (source)...
Loading /root/.emacs.d/init.d/tools/agent/delegate.el (source)...
Loading /root/.emacs.d/init.d/tools/agent/reload_os.el (source)...
Loading /root/.emacs.d/init.d/tools/agent/reload_agent.el (source)...
Loading /root/.emacs.d/init.d/tools/agent/read_own_prompt.el (source)...
Loading /root/.emacs.d/init.d/agent/iar-guidelines-checker.el (source)...
Loading /root/.emacs.d/init.d/agent/iar-agent-cycle.el (source)...
Loading /root/.emacs.d/init.d/debug/iar-status-mode.el (source)...
[status-mode] Installed
Loading /root/.emacs.d/init.d/session/iar-quit.el (source)...
[aria] Starting cycle with 3600s timeout (archetype: aria-cycle, project: iar, cycle: aria_daily)
[assembly] DIGEST [iar/aria] HARD CAP: 16235 > 16000 chars, truncating to tail
[aria] Assembled prompt: 49017 chars (~12254 tokens), 21 tools
[aria] Sending cycle prompt to aria agent...
Querying Ollama...
[loop-guard] SOFT BLOCK: execute_code_local called 3 times identically, sending correction
[loop-guard] SOFT BLOCK: execute_code_local called 3 times identically, sending correction
[loop-guard] SOFT BLOCK: execute_code_local called 3 times identically, sending correction
[loop-guard] SOFT BLOCK: execute_code_local called 3 times identically, sending correction
[loop-guard] SOFT BLOCK: execute_code_local called 4 times identically, sending correction
[loop-guard] SOFT BLOCK: execute_code_local called 5 times identically, sending correction
[loop-guard] HARD STOP: execute_code_local called 6 times identically
Ollama error: (Stopped by hook) Request stopped: agent called execute_code_local with identical arguments 6 times.
The loop guard has blocked 3 attempts and the model has not self-corrected.
Stopping to prevent resource waste.
Querying Ollama...
[thinking-loop-guard] Aborting runaway reasoning stream (32000 chars, no content, model=glm-5.3-flash:cloud)
[aria] Turn was guard-aborted (strike 1/2) -- re-prompting with abort-aware prompt
Querying Ollama...
Stopped gptel request in buffer "*aria-cycle*"
[loop-guard-chain] SOFT BLOCK: execute_code_local chained 10 times
[loop-guard-chain] SOFT BLOCK: execute_code_local chained 11 times
[loop-guard-chain] SOFT BLOCK: execute_code_local chained 11 times
[loop-guard] SOFT BLOCK: execute_code_local called 3 times identically, sending correction
[loop-guard-chain] SOFT BLOCK: execute_code_local chained 13 times
[loop-guard-chain] SOFT BLOCK: execute_code_local chained 13 times
[loop-guard] SOFT BLOCK: execute_code_local called 3 times identically, sending correction
[loop-guard] SOFT BLOCK: execute_code_local called 4 times identically, sending correction
[loop-guard] SOFT BLOCK: execute_code_local called 5 times identically, sending correction
[loop-guard] HARD STOP: execute_code_local called 6 times identically
Ollama error: (Stopped by hook) Request stopped: agent called execute_code_local with identical arguments 6 times.
The loop guard has blocked 3 attempts and the model has not self-corrected.
Stopping to prevent resource waste.
Querying Ollama...
[aria] Same-tool warning: 100 calls to execute_code_local this cycle -- one call blocked with notice
Querying Ollama...
[thinking-loop-guard] Aborting runaway reasoning stream (32000 chars, no content, model=glm-5.3-flash:cloud)
Stopped gptel request in buffer "*gptel-delegate-delegate-reviewer-1-1790058971*"
[aria] Tool-call budget warning (151/300) -- one call blocked with notice
[aria] Cycle complete. Turns: 4, Tool calls: 158, Exit: 0
Tokens: 8410035 in / 47557 out / 8457592 total
Requests: 161
Belt #2c push to origin: To 10.66.0.5:/home/git/repos/iar-personalization.git
   02b1ac96..d06136a8  HEAD -> main
[0;32m[INF][2026-09-22 03:38:52][0m Cycle 1 succeeded in 668s (exit 0)

[0;34m[INF][2026-09-22 03:56:16][0m --- Cycle 1/1 ---
Already up to date.
============================================
  Preflight Mount Audit — Emacboros
  2026-09-22T06:56:16Z
============================================

--- Phase 1: /proc/mounts scan ---

--- Phase 2: Writability tests ---
[0;32m[PASS][0m /root/.emacs.d/.git/hooks — does not exist
[0;32m[PASS][0m /var/run/docker.sock — does not exist
[0;32m[PASS][0m /etc/cron.d — does not exist
[0;32m[PASS][0m /var/spool/cron — does not exist
[0;32m[PASS][0m /etc/systemd/system — directory is read-only
[0;32m[PASS][0m /etc/systemd — directory is read-only

--- Phase 3: Capability audit ---
[0;32m[PASS][0m CAP_DAC_OVERRIDE (bit 1) is not set — can bypass file read/write/execute permissions
[0;32m[PASS][0m CAP_SYS_ADMIN (bit 21) is not set — broad system administration (mount, namespaces, etc.)
[0;32m[PASS][0m CAP_SETUID (bit 7) is not set — can change process UID
[0;32m[PASS][0m CAP_SETGID (bit 6) is not set — can change process GID
[0;32m[PASS][0m CAP_MKNOD (bit 27) is not set — can create special device files
[0;32m[PASS][0m CAP_NET_RAW (bit 13) is SET (expected) — can create raw network sockets (needed for nmap/traceroute)
[0;32m[PASS][0m CAP_NET_BIND_SERVICE (bit 10) is SET (expected) — can bind to ports < 1024
[0;32m[PASS][0m CAP_FOWNER (bit 3) is not set — can bypass file ownership checks
[0;32m[PASS][0m CAP_SETFCAP (bit 31) is not set — can set file capabilities

--- Phase 4: Host mount audit ---
Writable real-filesystem mounts:
[0;33m[WARN][0m Host mount: /sys/kernel/security (securityfs, rw,nosuid,nodev,noexec,relatime)
[0;33m[WARN][0m Host mount: /sys/fs/cgroup (cgroup2, rw,seclabel,nosuid,nodev,noexec,relatime,nsdelegate,memory_recursiveprot,memory_hugetlb_accounting)
[0;33m[WARN][0m Host mount: /sys/fs/pstore (pstore, rw,seclabel,nosuid,nodev,noexec,relatime)
[0;33m[WARN][0m Host mount: /sys/firmware/efi/efivars (efivarfs, rw,nosuid,nodev,noexec,relatime)
[0;33m[WARN][0m Host mount: /sys/fs/bpf (bpf, rw,nosuid,nodev,noexec,relatime,mode=700)
[0;33m[WARN][0m Host mount: /sys/kernel/config (configfs, rw,nosuid,nodev,noexec,relatime)
[0;33m[WARN][0m Host mount: /sys/fs/selinux (selinuxfs, rw,nosuid,noexec,relatime)
[0;33m[WARN][0m Host mount: /sys/fs/fuse/connections (fusectl, rw,nosuid,nodev,noexec,relatime)
[0;33m[WARN][0m Host mount: /sys/kernel/debug (debugfs, rw,seclabel,nosuid,nodev,noexec,relatime)
[0;33m[WARN][0m Host mount: /sys/kernel/debug/tracing (tracefs, rw,seclabel,nosuid,nodev,noexec,relatime)
[0;33m[WARN][0m Host mount: /sys/kernel/tracing (tracefs, rw,seclabel,nosuid,nodev,noexec,relatime)
[0;33m[WARN][0m Host mount: /root/.emacs.d (btrfs, rw,seclabel,relatime,compress=zstd:1,ssd,discard=async,space_cache=v2,subvolid=256,subvol=/root)
[0;33m[WARN][0m Host mount: /root/personalization (btrfs, rw,seclabel,relatime,compress=zstd:1,ssd,discard=async,space_cache=v2,subvolid=256,subvol=/root)
[0;33m[WARN][0m Host mount: /root/i.ar (btrfs, rw,seclabel,relatime,compress=zstd:1,ssd,discard=async,space_cache=v2,subvolid=256,subvol=/root)
[0;33m[WARN][0m Host mount: /root/i.ar/prompts (btrfs, rw,seclabel,relatime,compress=zstd:1,ssd,discard=async,space_cache=v2,subvolid=256,subvol=/root)
[0;33m[WARN][0m Host mount: /root/.emacs.d/gptel-fork (btrfs, rw,seclabel,relatime,compress=zstd:1,ssd,discard=async,space_cache=v2,subvolid=256,subvol=/root)
[0;33m[WARN][0m Host mount: /root/.emacs.d/metaconfig (btrfs, rw,seclabel,relatime,compress=zstd:1,ssd,discard=async,space_cache=v2,subvolid=256,subvol=/root)

============================================
[0;32m  PREFLIGHT PASSED[0m
============================================
Loading /root/.emacs.d/configs/paths.el (source)...
Loading /root/.emacs.d/configs/predicates.el (source)...
Loading /root/.emacs.d/configs/keybindings.el (source)...
Loading /root/.emacs.d/configs/delimiters.el (source)...
Loading /root/.emacs.d/configs/git.el (source)...
Loading /root/.emacs.d/configs/fork.el (source)...
Loading /root/.emacs.d/configs/delegate.el (source)...
Loading /root/.emacs.d/configs/cycle.el (source)...
Loading /root/.emacs.d/configs/loop-guard.el (source)...
Loading /root/.emacs.d/configs/memory.el (source)...
Loading /root/.emacs.d/configs/file-guard.el (source)...
Loading /root/.emacs.d/configs/tool-limits.el (source)...
Loading /root/.emacs.d/configs/tasks.el (source)...
Loading /root/.emacs.d/configs/mcp.el (source)...
Loading /root/.emacs.d/init.d/shared/iar-utils.el (source)...
Loading /root/.emacs.d/init.d/shared/iar-agent-utils.el (source)...
Loading /root/.emacs.d/init.d/core/iar-locale.el (source)...
Loading /root/.emacs.d/init.d/core/iar-package-setup.el (source)...
Loading /root/.emacs.d/init.d/core/iar-ui-cleanup.el (source)...
Loading /root/.emacs.d/init.d/core/iar-evil-mode.el (source)...
Loading /root/.emacs.d/init.d/core/iar-gptel-setup.el (source)...
[gptel] Using fork from /root/.emacs.d/gptel-fork (overriding ELPA package)
Loading /root/.emacs.d/configs/gptel.el (source)...
Loading /root/.emacs.d/init.d/core/iar-mcp-setup.el (source)...
Loading /root/.emacs.d/init.d/tool-call/iar-malformed-args.el (source)...
Loading /root/.emacs.d/init.d/tool-call/iar-tool-call.el (source)...
[tool-call] Layer installed
Loading /root/.emacs.d/init.d/tool-call/iar-tool-result-timestamp.el (source)...
Loading /root/.emacs.d/init.d/tool-call/iar-tool-result-budget.el (source)...
Loading /root/.emacs.d/init.d/tool-call/iar-request-log.el (source)...
[request-log] Witness installed
Loading /root/.emacs.d/init.d/tool-call/iar-context-fence.el (source)...
Loading /root/.emacs.d/init.d/tool-call/iar-msgs-fence.el (source)...
Loading /root/.emacs.d/init.d/tool-call/iar-request-watchdog.el (source)...
[watchdog] Request watchdog installed
Loading /root/.emacs.d/init.d/tool-call/iar-thinking-loop-guard.el (source)...
[thinking-loop-guard] installed: enabled=t max-chars=16000 per-model=(("glm-5.3-flash" . 32000) ("nemotron-3-super" . 32000))
Loading /root/.emacs.d/init.d/tool-call/iar-text-mode-detector.el (source)...
Loading /root/.emacs.d/init.d/agent/iar-prompt-loader.el (source)...
Loading /root/.emacs.d/init.d/core/iar-mount-awareness.el (source)...
Loading /root/.emacs.d/init.d/core/iar-rate-limit.el (source)...
Loading /root/.emacs.d/init.d/security/iar-output-sanitizer.el (source)...
Loading /root/.emacs.d/init.d/security/iar-file-guard.el (source)...
Loading /root/.emacs.d/init.d/security/iar-audit-log.el (source)...
Loading /root/.emacs.d/init.d/security/iar-loop-guard.el (source)...
Loading /root/.emacs.d/init.d/security/iar-loop-guard-chain.el (source)...
Loading /root/.emacs.d/init.d/security/iar-tool-guard.el (source)...
Loading /root/.emacs.d/init.d/security/iar-utf8-scrub.el (source)...
Loading /root/.emacs.d/init.d/tools/filesystem/list_directory.el (source)...
Loading /root/.emacs.d/init.d/tools/filesystem/read_file.el (source)...
Loading /root/.emacs.d/init.d/tools/filesystem/write_file.el (source)...
Loading /root/.emacs.d/init.d/tools/filesystem/append_file.el (source)...
Loading /root/.emacs.d/init.d/tools/code/execute_code_local.el (source)...
Loading /root/.emacs.d/init.d/tools/code/execute_code_remote.el (source)...
Loading /root/.emacs.d/init.d/tools/code/check_elisp.el (source)...
Loading /root/.emacs.d/init.d/tools/tasks/read_task.el (source)...
Loading /root/.emacs.d/init.d/tools/tasks/create_task.el (source)...
Loading /root/.emacs.d/init.d/tools/tasks/write_subtask.el (source)...
Loading /root/.emacs.d/init.d/tools/tasks/remove_task.el (source)...
Loading /root/.emacs.d/init.d/tools/tasks/read_history.el (source)...
Loading /root/.emacs.d/init.d/tools/tasks/read_roadmap.el (source)...
Loading /root/.emacs.d/init.d/tools/tasks/write_roadmap.el (source)...
Loading /root/.emacs.d/init.d/tools/notify/telegram.el (source)...
Loading /root/.emacs.d/init.d/tools/git/git_commit.el (source)...
Loading /root/.emacs.d/init.d/tools/knowledge/read_knowledge.el (source)...
Loading /root/.emacs.d/init.d/agent/iar-project-parser.el (source)...
Loading /root/.emacs.d/init.d/agent/iar-prompt-assembly.el (source)...
Loading /root/.emacs.d/init.d/agent/iar-agent-loader.el (source)...
Loading /root/.emacs.d/init.d/agent/iar-knowledge-loader.el (source)...
Loading /root/.emacs.d/init.d/agent/iar-buffer-info.el (source)...
Loading /root/.emacs.d/init.d/tools/agent/delegate.el (source)...
Loading /root/.emacs.d/init.d/tools/agent/reload_os.el (source)...
Loading /root/.emacs.d/init.d/tools/agent/reload_agent.el (source)...
Loading /root/.emacs.d/init.d/tools/agent/read_own_prompt.el (source)...
Loading /root/.emacs.d/init.d/agent/iar-guidelines-checker.el (source)...
Loading /root/.emacs.d/init.d/agent/iar-agent-cycle.el (source)...
Loading /root/.emacs.d/init.d/debug/iar-status-mode.el (source)...
[status-mode] Installed
Loading /root/.emacs.d/init.d/session/iar-quit.el (source)...
[aria] Starting cycle with 3600s timeout (archetype: aria-cycle, project: iar, cycle: aria_daily)
[assembly] DIGEST [iar/aria] HARD CAP: 16138 > 16000 chars, truncating to tail
[aria] Assembled prompt: 48974 chars (~12243 tokens), 21 tools
[aria] Sending cycle prompt to aria agent...
Querying Ollama...
[thinking-loop-guard] Aborting runaway reasoning stream (32000 chars, no content, model=glm-5.3-flash:cloud)
[aria] Turn was guard-aborted (strike 1/2) -- re-prompting with abort-aware prompt
Querying Ollama...
Stopped gptel request in buffer "*aria-cycle*"
[thinking-loop-guard] Aborting runaway reasoning stream (32000 chars, no content, model=glm-5.3-flash:cloud)
[aria] Turn was guard-aborted (strike 2/2) -- re-prompting with abort-aware prompt
Querying Ollama...
Stopped gptel request in buffer "*aria-cycle*"
[aria] Same-tool warning: 100 calls to execute_code_local this cycle -- one call blocked with notice
[aria] Cycle complete. Turns: 3, Tool calls: 112, Exit: 0
Tokens: 5707884 in / 45222 out / 5753106 total
Requests: 113
Belt #2c push to origin: To 10.66.0.5:/home/git/repos/iar-personalization.git
   2bb57c05..cf583be5  HEAD -> main
[0;32m[INF][2026-09-22 04:07:39][0m Cycle 1 succeeded in 683s (exit 0)

[0;34m[INF][2026-09-22 04:27:02][0m --- Cycle 1/1 ---
Already up to date.
============================================
  Preflight Mount Audit — Emacboros
  2026-09-22T07:27:02Z
============================================

--- Phase 1: /proc/mounts scan ---

--- Phase 2: Writability tests ---
[0;32m[PASS][0m /root/.emacs.d/.git/hooks — does not exist
[0;32m[PASS][0m /var/run/docker.sock — does not exist
[0;32m[PASS][0m /etc/cron.d — does not exist
[0;32m[PASS][0m /var/spool/cron — does not exist
[0;32m[PASS][0m /etc/systemd/system — directory is read-only
[0;32m[PASS][0m /etc/systemd — directory is read-only

--- Phase 3: Capability audit ---
[0;32m[PASS][0m CAP_DAC_OVERRIDE (bit 1) is not set — can bypass file read/write/execute permissions
[0;32m[PASS][0m CAP_SYS_ADMIN (bit 21) is not set — broad system administration (mount, namespaces, etc.)
[0;32m[PASS][0m CAP_SETUID (bit 7) is not set — can change process UID
[0;32m[PASS][0m CAP_SETGID (bit 6) is not set — can change process GID
[0;32m[PASS][0m CAP_MKNOD (bit 27) is not set — can create special device files
[0;32m[PASS][0m CAP_NET_RAW (bit 13) is SET (expected) — can create raw network sockets (needed for nmap/traceroute)
[0;32m[PASS][0m CAP_NET_BIND_SERVICE (bit 10) is SET (expected) — can bind to ports < 1024
[0;32m[PASS][0m CAP_FOWNER (bit 3) is not set — can bypass file ownership checks
[0;32m[PASS][0m CAP_SETFCAP (bit 31) is not set — can set file capabilities

--- Phase 4: Host mount audit ---
Writable real-filesystem mounts:
[0;33m[WARN][0m Host mount: /sys/kernel/security (securityfs, rw,nosuid,nodev,noexec,relatime)
[0;33m[WARN][0m Host mount: /sys/fs/cgroup (cgroup2, rw,seclabel,nosuid,nodev,noexec,relatime,nsdelegate,memory_recursiveprot,memory_hugetlb_accounting)
[0;33m[WARN][0m Host mount: /sys/fs/pstore (pstore, rw,seclabel,nosuid,nodev,noexec,relatime)
[0;33m[WARN][0m Host mount: /sys/firmware/efi/efivars (efivarfs, rw,nosuid,nodev,noexec,relatime)
[0;33m[WARN][0m Host mount: /sys/fs/bpf (bpf, rw,nosuid,nodev,noexec,relatime,mode=700)
[0;33m[WARN][0m Host mount: /sys/kernel/config (configfs, rw,nosuid,nodev,noexec,relatime)
[0;33m[WARN][0m Host mount: /sys/fs/selinux (selinuxfs, rw,nosuid,noexec,relatime)
[0;33m[WARN][0m Host mount: /sys/fs/fuse/connections (fusectl, rw,nosuid,nodev,noexec,relatime)
[0;33m[WARN][0m Host mount: /sys/kernel/debug (debugfs, rw,seclabel,nosuid,nodev,noexec,relatime)
[0;33m[WARN][0m Host mount: /sys/kernel/debug/tracing (tracefs, rw,seclabel,nosuid,nodev,noexec,relatime)
[0;33m[WARN][0m Host mount: /sys/kernel/tracing (tracefs, rw,seclabel,nosuid,nodev,noexec,relatime)
[0;33m[WARN][0m Host mount: /root/.emacs.d (btrfs, rw,seclabel,relatime,compress=zstd:1,ssd,discard=async,space_cache=v2,subvolid=256,subvol=/root)
[0;33m[WARN][0m Host mount: /root/personalization (btrfs, rw,seclabel,relatime,compress=zstd:1,ssd,discard=async,space_cache=v2,subvolid=256,subvol=/root)
[0;33m[WARN][0m Host mount: /root/i.ar (btrfs, rw,seclabel,relatime,compress=zstd:1,ssd,discard=async,space_cache=v2,subvolid=256,subvol=/root)
[0;33m[WARN][0m Host mount: /root/.emacs.d/gptel-fork (btrfs, rw,seclabel,relatime,compress=zstd:1,ssd,discard=async,space_cache=v2,subvolid=256,subvol=/root)
[0;33m[WARN][0m Host mount: /root/i.ar/prompts (btrfs, rw,seclabel,relatime,compress=zstd:1,ssd,discard=async,space_cache=v2,subvolid=256,subvol=/root)
[0;33m[WARN][0m Host mount: /root/.emacs.d/metaconfig (btrfs, rw,seclabel,relatime,compress=zstd:1,ssd,discard=async,space_cache=v2,subvolid=256,subvol=/root)

============================================
[0;32m  PREFLIGHT PASSED[0m
============================================
Loading /root/.emacs.d/configs/paths.el (source)...
Loading /root/.emacs.d/configs/predicates.el (source)...
Loading /root/.emacs.d/configs/keybindings.el (source)...
Loading /root/.emacs.d/configs/delimiters.el (source)...
Loading /root/.emacs.d/configs/git.el (source)...
Loading /root/.emacs.d/configs/fork.el (source)...
Loading /root/.emacs.d/configs/delegate.el (source)...
Loading /root/.emacs.d/configs/cycle.el (source)...
Loading /root/.emacs.d/configs/loop-guard.el (source)...
Loading /root/.emacs.d/configs/memory.el (source)...
Loading /root/.emacs.d/configs/file-guard.el (source)...
Loading /root/.emacs.d/configs/tool-limits.el (source)...
Loading /root/.emacs.d/configs/tasks.el (source)...
Loading /root/.emacs.d/configs/mcp.el (source)...
Loading /root/.emacs.d/init.d/shared/iar-utils.el (source)...
Loading /root/.emacs.d/init.d/shared/iar-agent-utils.el (source)...
Loading /root/.emacs.d/init.d/core/iar-locale.el (source)...
Loading /root/.emacs.d/init.d/core/iar-package-setup.el (source)...
Loading /root/.emacs.d/init.d/core/iar-ui-cleanup.el (source)...
Loading /root/.emacs.d/init.d/core/iar-evil-mode.el (source)...
Loading /root/.emacs.d/init.d/core/iar-gptel-setup.el (source)...
[gptel] Using fork from /root/.emacs.d/gptel-fork (overriding ELPA package)
Loading /root/.emacs.d/configs/gptel.el (source)...
Loading /root/.emacs.d/init.d/core/iar-mcp-setup.el (source)...
Loading /root/.emacs.d/init.d/tool-call/iar-malformed-args.el (source)...
Loading /root/.emacs.d/init.d/tool-call/iar-tool-call.el (source)...
[tool-call] Layer installed
Loading /root/.emacs.d/init.d/tool-call/iar-tool-result-timestamp.el (source)...
Loading /root/.emacs.d/init.d/tool-call/iar-tool-result-budget.el (source)...
Loading /root/.emacs.d/init.d/tool-call/iar-request-log.el (source)...
[request-log] Witness installed
Loading /root/.emacs.d/init.d/tool-call/iar-context-fence.el (source)...
Loading /root/.emacs.d/init.d/tool-call/iar-msgs-fence.el (source)...
Loading /root/.emacs.d/init.d/tool-call/iar-request-watchdog.el (source)...
[watchdog] Request watchdog installed
Loading /root/.emacs.d/init.d/tool-call/iar-thinking-loop-guard.el (source)...
[thinking-loop-guard] installed: enabled=t max-chars=16000 per-model=(("glm-5.3-flash" . 32000) ("nemotron-3-super" . 32000))
Loading /root/.emacs.d/init.d/tool-call/iar-text-mode-detector.el (source)...
Loading /root/.emacs.d/init.d/agent/iar-prompt-loader.el (source)...
Loading /root/.emacs.d/init.d/core/iar-mount-awareness.el (source)...
Loading /root/.emacs.d/init.d/core/iar-rate-limit.el (source)...
Loading /root/.emacs.d/init.d/security/iar-output-sanitizer.el (source)...
Loading /root/.emacs.d/init.d/security/iar-file-guard.el (source)...
Loading /root/.emacs.d/init.d/security/iar-audit-log.el (source)...
Loading /root/.emacs.d/init.d/security/iar-loop-guard.el (source)...
Loading /root/.emacs.d/init.d/security/iar-loop-guard-chain.el (source)...
Loading /root/.emacs.d/init.d/security/iar-tool-guard.el (source)...
Loading /root/.emacs.d/init.d/security/iar-utf8-scrub.el (source)...
Loading /root/.emacs.d/init.d/tools/filesystem/list_directory.el (source)...
Loading /root/.emacs.d/init.d/tools/filesystem/read_file.el (source)...
Loading /root/.emacs.d/init.d/tools/filesystem/write_file.el (source)...
Loading /root/.emacs.d/init.d/tools/filesystem/append_file.el (source)...
Loading /root/.emacs.d/init.d/tools/code/execute_code_local.el (source)...
Loading /root/.emacs.d/init.d/tools/code/execute_code_remote.el (source)...
Loading /root/.emacs.d/init.d/tools/code/check_elisp.el (source)...
Loading /root/.emacs.d/init.d/tools/tasks/read_task.el (source)...
Loading /root/.emacs.d/init.d/tools/tasks/create_task.el (source)...
Loading /root/.emacs.d/init.d/tools/tasks/write_subtask.el (source)...
Loading /root/.emacs.d/init.d/tools/tasks/remove_task.el (source)...
Loading /root/.emacs.d/init.d/tools/tasks/read_history.el (source)...
Loading /root/.emacs.d/init.d/tools/tasks/read_roadmap.el (source)...
Loading /root/.emacs.d/init.d/tools/tasks/write_roadmap.el (source)...
Loading /root/.emacs.d/init.d/tools/notify/telegram.el (source)...
Loading /root/.emacs.d/init.d/tools/git/git_commit.el (source)...
Loading /root/.emacs.d/init.d/tools/knowledge/read_knowledge.el (source)...
Loading /root/.emacs.d/init.d/agent/iar-project-parser.el (source)...
Loading /root/.emacs.d/init.d/agent/iar-prompt-assembly.el (source)...
Loading /root/.emacs.d/init.d/agent/iar-agent-loader.el (source)...
Loading /root/.emacs.d/init.d/agent/iar-knowledge-loader.el (source)...
Loading /root/.emacs.d/init.d/agent/iar-buffer-info.el (source)...
Loading /root/.emacs.d/init.d/tools/agent/delegate.el (source)...
Loading /root/.emacs.d/init.d/tools/agent/reload_os.el (source)...
Loading /root/.emacs.d/init.d/tools/agent/reload_agent.el (source)...
Loading /root/.emacs.d/init.d/tools/agent/read_own_prompt.el (source)...
Loading /root/.emacs.d/init.d/agent/iar-guidelines-checker.el (source)...
Loading /root/.emacs.d/init.d/agent/iar-agent-cycle.el (source)...
Loading /root/.emacs.d/init.d/debug/iar-status-mode.el (source)...
[status-mode] Installed
Loading /root/.emacs.d/init.d/session/iar-quit.el (source)...
[aria] Starting cycle with 3600s timeout (archetype: aria-cycle, project: iar, cycle: aria_daily)
[assembly] DIGEST [iar/aria] HARD CAP: 16138 > 16000 chars, truncating to tail
[aria] Assembled prompt: 49479 chars (~12369 tokens), 21 tools
[aria] Sending cycle prompt to aria agent...
Querying Ollama...
[aria] Same-tool warning: 100 calls to execute_code_local this cycle -- one call blocked with notice
[aria] Cycle complete. Turns: 1, Tool calls: 121, Exit: 0
Tokens: 7023361 in / 45522 out / 7068883 total
Requests: 122
Belt #2c push to origin: To 10.66.0.5:/home/git/repos/iar-personalization.git
   a8a86726..8d0e2219  HEAD -> main
[0;32m[INF][2026-09-22 04:40:49][0m Cycle 1 succeeded in 827s (exit 0)

[0;34m[INF][2026-09-22 04:51:00][0m --- Cycle 1/1 ---
Already up to date.
============================================
  Preflight Mount Audit — Emacboros
  2026-09-22T07:51:01Z
============================================

--- Phase 1: /proc/mounts scan ---

--- Phase 2: Writability tests ---
[0;32m[PASS][0m /root/.emacs.d/.git/hooks — does not exist
[0;32m[PASS][0m /var/run/docker.sock — does not exist
[0;32m[PASS][0m /etc/cron.d — does not exist
[0;32m[PASS][0m /var/spool/cron — does not exist
[0;32m[PASS][0m /etc/systemd/system — directory is read-only
[0;32m[PASS][0m /etc/systemd — directory is read-only

--- Phase 3: Capability audit ---
[0;32m[PASS][0m CAP_DAC_OVERRIDE (bit 1) is not set — can bypass file read/write/execute permissions
[0;32m[PASS][0m CAP_SYS_ADMIN (bit 21) is not set — broad system administration (mount, namespaces, etc.)
[0;32m[PASS][0m CAP_SETUID (bit 7) is not set — can change process UID
[0;32m[PASS][0m CAP_SETGID (bit 6) is not set — can change process GID
[0;32m[PASS][0m CAP_MKNOD (bit 27) is not set — can create special device files
[0;32m[PASS][0m CAP_NET_RAW (bit 13) is SET (expected) — can create raw network sockets (needed for nmap/traceroute)
[0;32m[PASS][0m CAP_NET_BIND_SERVICE (bit 10) is SET (expected) — can bind to ports < 1024
[0;32m[PASS][0m CAP_FOWNER (bit 3) is not set — can bypass file ownership checks
[0;32m[PASS][0m CAP_SETFCAP (bit 31) is not set — can set file capabilities

--- Phase 4: Host mount audit ---
Writable real-filesystem mounts:
[0;33m[WARN][0m Host mount: /sys/kernel/security (securityfs, rw,nosuid,nodev,noexec,relatime)
[0;33m[WARN][0m Host mount: /sys/fs/cgroup (cgroup2, rw,seclabel,nosuid,nodev,noexec,relatime,nsdelegate,memory_recursiveprot,memory_hugetlb_accounting)
[0;33m[WARN][0m Host mount: /sys/fs/pstore (pstore, rw,seclabel,nosuid,nodev,noexec,relatime)
[0;33m[WARN][0m Host mount: /sys/firmware/efi/efivars (efivarfs, rw,nosuid,nodev,noexec,relatime)
[0;33m[WARN][0m Host mount: /sys/fs/bpf (bpf, rw,nosuid,nodev,noexec,relatime,mode=700)
[0;33m[WARN][0m Host mount: /sys/kernel/config (configfs, rw,nosuid,nodev,noexec,relatime)
[0;33m[WARN][0m Host mount: /sys/fs/selinux (selinuxfs, rw,nosuid,noexec,relatime)
[0;33m[WARN][0m Host mount: /sys/fs/fuse/connections (fusectl, rw,nosuid,nodev,noexec,relatime)
[0;33m[WARN][0m Host mount: /sys/kernel/debug (debugfs, rw,seclabel,nosuid,nodev,noexec,relatime)
[0;33m[WARN][0m Host mount: /sys/kernel/debug/tracing (tracefs, rw,seclabel,nosuid,nodev,noexec,relatime)
[0;33m[WARN][0m Host mount: /sys/kernel/tracing (tracefs, rw,seclabel,nosuid,nodev,noexec,relatime)
[0;33m[WARN][0m Host mount: /root/i.ar (btrfs, rw,seclabel,relatime,compress=zstd:1,ssd,discard=async,space_cache=v2,subvolid=256,subvol=/root)
[0;33m[WARN][0m Host mount: /root/personalization (btrfs, rw,seclabel,relatime,compress=zstd:1,ssd,discard=async,space_cache=v2,subvolid=256,subvol=/root)
[0;33m[WARN][0m Host mount: /root/.emacs.d (btrfs, rw,seclabel,relatime,compress=zstd:1,ssd,discard=async,space_cache=v2,subvolid=256,subvol=/root)
[0;33m[WARN][0m Host mount: /root/.emacs.d/metaconfig (btrfs, rw,seclabel,relatime,compress=zstd:1,ssd,discard=async,space_cache=v2,subvolid=256,subvol=/root)
[0;33m[WARN][0m Host mount: /root/.emacs.d/gptel-fork (btrfs, rw,seclabel,relatime,compress=zstd:1,ssd,discard=async,space_cache=v2,subvolid=256,subvol=/root)
[0;33m[WARN][0m Host mount: /root/i.ar/prompts (btrfs, rw,seclabel,relatime,compress=zstd:1,ssd,discard=async,space_cache=v2,subvolid=256,subvol=/root)

============================================
[0;32m  PREFLIGHT PASSED[0m
============================================
Loading /root/.emacs.d/configs/paths.el (source)...
Loading /root/.emacs.d/configs/predicates.el (source)...
Loading /root/.emacs.d/configs/keybindings.el (source)...
Loading /root/.emacs.d/configs/delimiters.el (source)...
Loading /root/.emacs.d/configs/git.el (source)...
Loading /root/.emacs.d/configs/fork.el (source)...
Loading /root/.emacs.d/configs/delegate.el (source)...
Loading /root/.emacs.d/configs/cycle.el (source)...
Loading /root/.emacs.d/configs/loop-guard.el (source)...
Loading /root/.emacs.d/configs/memory.el (source)...
Loading /root/.emacs.d/configs/file-guard.el (source)...
Loading /root/.emacs.d/configs/tool-limits.el (source)...
Loading /root/.emacs.d/configs/tasks.el (source)...
Loading /root/.emacs.d/configs/mcp.el (source)...
Loading /root/.emacs.d/init.d/shared/iar-utils.el (source)...
Loading /root/.emacs.d/init.d/shared/iar-agent-utils.el (source)...
Loading /root/.emacs.d/init.d/core/iar-locale.el (source)...
Loading /root/.emacs.d/init.d/core/iar-package-setup.el (source)...
Loading /root/.emacs.d/init.d/core/iar-ui-cleanup.el (source)...
Loading /root/.emacs.d/init.d/core/iar-evil-mode.el (source)...
Loading /root/.emacs.d/init.d/core/iar-gptel-setup.el (source)...
[gptel] Using fork from /root/.emacs.d/gptel-fork (overriding ELPA package)
Loading /root/.emacs.d/configs/gptel.el (source)...
Loading /root/.emacs.d/init.d/core/iar-mcp-setup.el (source)...
Loading /root/.emacs.d/init.d/tool-call/iar-malformed-args.el (source)...
Loading /root/.emacs.d/init.d/tool-call/iar-tool-call.el (source)...
[tool-call] Layer installed
Loading /root/.emacs.d/init.d/tool-call/iar-tool-result-timestamp.el (source)...
Loading /root/.emacs.d/init.d/tool-call/iar-tool-result-budget.el (source)...
Loading /root/.emacs.d/init.d/tool-call/iar-request-log.el (source)...
[request-log] Witness installed
Loading /root/.emacs.d/init.d/tool-call/iar-context-fence.el (source)...
Loading /root/.emacs.d/init.d/tool-call/iar-msgs-fence.el (source)...
Loading /root/.emacs.d/init.d/tool-call/iar-request-watchdog.el (source)...
[watchdog] Request watchdog installed
Loading /root/.emacs.d/init.d/tool-call/iar-thinking-loop-guard.el (source)...
[thinking-loop-guard] installed: enabled=t max-chars=16000 per-model=(("glm-5.3-flash" . 32000) ("nemotron-3-super" . 32000))
Loading /root/.emacs.d/init.d/tool-call/iar-text-mode-detector.el (source)...
Loading /root/.emacs.d/init.d/agent/iar-prompt-loader.el (source)...
Loading /root/.emacs.d/init.d/core/iar-mount-awareness.el (source)...
Loading /root/.emacs.d/init.d/core/iar-rate-limit.el (source)...
Loading /root/.emacs.d/init.d/security/iar-output-sanitizer.el (source)...
Loading /root/.emacs.d/init.d/security/iar-file-guard.el (source)...
Loading /root/.emacs.d/init.d/security/iar-audit-log.el (source)...
Loading /root/.emacs.d/init.d/security/iar-loop-guard.el (source)...
Loading /root/.emacs.d/init.d/security/iar-loop-guard-chain.el (source)...
Loading /root/.emacs.d/init.d/security/iar-tool-guard.el (source)...
Loading /root/.emacs.d/init.d/security/iar-utf8-scrub.el (source)...
Loading /root/.emacs.d/init.d/tools/filesystem/list_directory.el (source)...
Loading /root/.emacs.d/init.d/tools/filesystem/read_file.el (source)...
Loading /root/.emacs.d/init.d/tools/filesystem/write_file.el (source)...
Loading /root/.emacs.d/init.d/tools/filesystem/append_file.el (source)...
Loading /root/.emacs.d/init.d/tools/code/execute_code_local.el (source)...
Loading /root/.emacs.d/init.d/tools/code/execute_code_remote.el (source)...
Loading /root/.emacs.d/init.d/tools/code/check_elisp.el (source)...
Loading /root/.emacs.d/init.d/tools/tasks/read_task.el (source)...
Loading /root/.emacs.d/init.d/tools/tasks/create_task.el (source)...
Loading /root/.emacs.d/init.d/tools/tasks/write_subtask.el (source)...
Loading /root/.emacs.d/init.d/tools/tasks/remove_task.el (source)...
Loading /root/.emacs.d/init.d/tools/tasks/read_history.el (source)...
Loading /root/.emacs.d/init.d/tools/tasks/read_roadmap.el (source)...
Loading /root/.emacs.d/init.d/tools/tasks/write_roadmap.el (source)...
Loading /root/.emacs.d/init.d/tools/notify/telegram.el (source)...
Loading /root/.emacs.d/init.d/tools/git/git_commit.el (source)...
Loading /root/.emacs.d/init.d/tools/knowledge/read_knowledge.el (source)...
Loading /root/.emacs.d/init.d/agent/iar-project-parser.el (source)...
Loading /root/.emacs.d/init.d/agent/iar-prompt-assembly.el (source)...
Loading /root/.emacs.d/init.d/agent/iar-agent-loader.el (source)...
Loading /root/.emacs.d/init.d/agent/iar-knowledge-loader.el (source)...
Loading /root/.emacs.d/init.d/agent/iar-buffer-info.el (source)...
Loading /root/.emacs.d/init.d/tools/agent/delegate.el (source)...
Loading /root/.emacs.d/init.d/tools/agent/reload_os.el (source)...
Loading /root/.emacs.d/init.d/tools/agent/reload_agent.el (source)...
Loading /root/.emacs.d/init.d/tools/agent/read_own_prompt.el (source)...
Loading /root/.emacs.d/init.d/agent/iar-guidelines-checker.el (source)...
Loading /root/.emacs.d/init.d/agent/iar-agent-cycle.el (source)...
Loading /root/.emacs.d/init.d/debug/iar-status-mode.el (source)...
[status-mode] Installed
Loading /root/.emacs.d/init.d/session/iar-quit.el (source)...
[aria] Starting cycle with 3600s timeout (archetype: aria-cycle, project: iar, cycle: aria_daily)
[assembly] DIGEST [iar/aria] 14970 chars (warn at 12000) -- injected full on every request; diet it
[aria] Assembled prompt: 48248 chars (~12062 tokens), 21 tools
[aria] Sending cycle prompt to aria agent...
Querying Ollama...
[loop-guard-chain] SOFT BLOCK: execute_code_local chained 10 times
[loop-guard-chain] SOFT BLOCK: execute_code_local chained 11 times
[aria] Same-tool warning: 100 calls to execute_code_local this cycle -- one call blocked with notice
[thinking-loop-guard] Aborting runaway reasoning stream (32000 chars, no content, model=glm-5.3-flash:cloud)
[aria] Turn was guard-aborted (strike 1/2) -- re-prompting with abort-aware prompt
Querying Ollama...
Stopped gptel request in buffer "*aria-cycle*"
[aria] Cycle complete. Turns: 2, Tool calls: 137, Exit: 0
Tokens: 7477070 in / 34026 out / 7511096 total
Requests: 138
Belt #2c push to origin: To 10.66.0.5:/home/git/repos/iar-personalization.git
   8a6315a6..8649351e  HEAD -> main
[0;32m[INF][2026-09-22 05:04:40][0m Cycle 1 succeeded in 820s (exit 0)

[0;34m[INF][2026-09-22 05:18:20][0m --- Cycle 1/1 ---
Already up to date.
============================================
  Preflight Mount Audit — Emacboros
  2026-09-22T08:18:21Z
============================================

--- Phase 1: /proc/mounts scan ---

--- Phase 2: Writability tests ---
[0;32m[PASS][0m /root/.emacs.d/.git/hooks — does not exist
[0;32m[PASS][0m /var/run/docker.sock — does not exist
[0;32m[PASS][0m /etc/cron.d — does not exist
[0;32m[PASS][0m /var/spool/cron — does not exist
[0;32m[PASS][0m /etc/systemd/system — directory is read-only
[0;32m[PASS][0m /etc/systemd — directory is read-only

--- Phase 3: Capability audit ---
[0;32m[PASS][0m CAP_DAC_OVERRIDE (bit 1) is not set — can bypass file read/write/execute permissions
[0;32m[PASS][0m CAP_SYS_ADMIN (bit 21) is not set — broad system administration (mount, namespaces, etc.)
[0;32m[PASS][0m CAP_SETUID (bit 7) is not set — can change process UID
[0;32m[PASS][0m CAP_SETGID (bit 6) is not set — can change process GID
[0;32m[PASS][0m CAP_MKNOD (bit 27) is not set — can create special device files
[0;32m[PASS][0m CAP_NET_RAW (bit 13) is SET (expected) — can create raw network sockets (needed for nmap/traceroute)
[0;32m[PASS][0m CAP_NET_BIND_SERVICE (bit 10) is SET (expected) — can bind to ports < 1024
[0;32m[PASS][0m CAP_FOWNER (bit 3) is not set — can bypass file ownership checks
[0;32m[PASS][0m CAP_SETFCAP (bit 31) is not set — can set file capabilities

--- Phase 4: Host mount audit ---
Writable real-filesystem mounts:
[0;33m[WARN][0m Host mount: /sys/kernel/security (securityfs, rw,nosuid,nodev,noexec,relatime)
[0;33m[WARN][0m Host mount: /sys/fs/cgroup (cgroup2, rw,seclabel,nosuid,nodev,noexec,relatime,nsdelegate,memory_recursiveprot,memory_hugetlb_accounting)
[0;33m[WARN][0m Host mount: /sys/fs/pstore (pstore, rw,seclabel,nosuid,nodev,noexec,relatime)
[0;33m[WARN][0m Host mount: /sys/firmware/efi/efivars (efivarfs, rw,nosuid,nodev,noexec,relatime)
[0;33m[WARN][0m Host mount: /sys/fs/bpf (bpf, rw,nosuid,nodev,noexec,relatime,mode=700)
[0;33m[WARN][0m Host mount: /sys/kernel/config (configfs, rw,nosuid,nodev,noexec,relatime)
[0;33m[WARN][0m Host mount: /sys/fs/selinux (selinuxfs, rw,nosuid,noexec,relatime)
[0;33m[WARN][0m Host mount: /sys/fs/fuse/connections (fusectl, rw,nosuid,nodev,noexec,relatime)
[0;33m[WARN][0m Host mount: /sys/kernel/debug (debugfs, rw,seclabel,nosuid,nodev,noexec,relatime)
[0;33m[WARN][0m Host mount: /sys/kernel/debug/tracing (tracefs, rw,seclabel,nosuid,nodev,noexec,relatime)
[0;33m[WARN][0m Host mount: /sys/kernel/tracing (tracefs, rw,seclabel,nosuid,nodev,noexec,relatime)
[0;33m[WARN][0m Host mount: /root/.emacs.d (btrfs, rw,seclabel,relatime,compress=zstd:1,ssd,discard=async,space_cache=v2,subvolid=256,subvol=/root)
[0;33m[WARN][0m Host mount: /root/i.ar (btrfs, rw,seclabel,relatime,compress=zstd:1,ssd,discard=async,space_cache=v2,subvolid=256,subvol=/root)
[0;33m[WARN][0m Host mount: /root/personalization (btrfs, rw,seclabel,relatime,compress=zstd:1,ssd,discard=async,space_cache=v2,subvolid=256,subvol=/root)
[0;33m[WARN][0m Host mount: /root/i.ar/prompts (btrfs, rw,seclabel,relatime,compress=zstd:1,ssd,discard=async,space_cache=v2,subvolid=256,subvol=/root)
[0;33m[WARN][0m Host mount: /root/.emacs.d/metaconfig (btrfs, rw,seclabel,relatime,compress=zstd:1,ssd,discard=async,space_cache=v2,subvolid=256,subvol=/root)
[0;33m[WARN][0m Host mount: /root/.emacs.d/gptel-fork (btrfs, rw,seclabel,relatime,compress=zstd:1,ssd,discard=async,space_cache=v2,subvolid=256,subvol=/root)

============================================
[0;32m  PREFLIGHT PASSED[0m
============================================
Loading /root/.emacs.d/configs/paths.el (source)...
Loading /root/.emacs.d/configs/predicates.el (source)...
Loading /root/.emacs.d/configs/keybindings.el (source)...
Loading /root/.emacs.d/configs/delimiters.el (source)...
Loading /root/.emacs.d/configs/git.el (source)...
Loading /root/.emacs.d/configs/fork.el (source)...
Loading /root/.emacs.d/configs/delegate.el (source)...
Loading /root/.emacs.d/configs/cycle.el (source)...
Loading /root/.emacs.d/configs/loop-guard.el (source)...
Loading /root/.emacs.d/configs/memory.el (source)...
Loading /root/.emacs.d/configs/file-guard.el (source)...
Loading /root/.emacs.d/configs/tool-limits.el (source)...
Loading /root/.emacs.d/configs/tasks.el (source)...
Loading /root/.emacs.d/configs/mcp.el (source)...
Loading /root/.emacs.d/init.d/shared/iar-utils.el (source)...
Loading /root/.emacs.d/init.d/shared/iar-agent-utils.el (source)...
Loading /root/.emacs.d/init.d/core/iar-locale.el (source)...
Loading /root/.emacs.d/init.d/core/iar-package-setup.el (source)...
Loading /root/.emacs.d/init.d/core/iar-ui-cleanup.el (source)...
Loading /root/.emacs.d/init.d/core/iar-evil-mode.el (source)...
Loading /root/.emacs.d/init.d/core/iar-gptel-setup.el (source)...
[gptel] Using fork from /root/.emacs.d/gptel-fork (overriding ELPA package)
Loading /root/.emacs.d/configs/gptel.el (source)...
Loading /root/.emacs.d/init.d/core/iar-mcp-setup.el (source)...
Loading /root/.emacs.d/init.d/tool-call/iar-malformed-args.el (source)...
Loading /root/.emacs.d/init.d/tool-call/iar-tool-call.el (source)...
[tool-call] Layer installed
Loading /root/.emacs.d/init.d/tool-call/iar-tool-result-timestamp.el (source)...
Loading /root/.emacs.d/init.d/tool-call/iar-tool-result-budget.el (source)...
Loading /root/.emacs.d/init.d/tool-call/iar-request-log.el (source)...
[request-log] Witness installed
Loading /root/.emacs.d/init.d/tool-call/iar-context-fence.el (source)...
Loading /root/.emacs.d/init.d/tool-call/iar-msgs-fence.el (source)...
Loading /root/.emacs.d/init.d/tool-call/iar-request-watchdog.el (source)...
[watchdog] Request watchdog installed
Loading /root/.emacs.d/init.d/tool-call/iar-thinking-loop-guard.el (source)...
[thinking-loop-guard] installed: enabled=t max-chars=16000 per-model=(("glm-5.3-flash" . 32000) ("nemotron-3-super" . 32000))
Loading /root/.emacs.d/init.d/tool-call/iar-text-mode-detector.el (source)...
Loading /root/.emacs.d/init.d/agent/iar-prompt-loader.el (source)...
Loading /root/.emacs.d/init.d/core/iar-mount-awareness.el (source)...
Loading /root/.emacs.d/init.d/core/iar-rate-limit.el (source)...
Loading /root/.emacs.d/init.d/security/iar-output-sanitizer.el (source)...
Loading /root/.emacs.d/init.d/security/iar-file-guard.el (source)...
Loading /root/.emacs.d/init.d/security/iar-audit-log.el (source)...
Loading /root/.emacs.d/init.d/security/iar-loop-guard.el (source)...
Loading /root/.emacs.d/init.d/security/iar-loop-guard-chain.el (source)...
Loading /root/.emacs.d/init.d/security/iar-tool-guard.el (source)...
Loading /root/.emacs.d/init.d/security/iar-utf8-scrub.el (source)...
Loading /root/.emacs.d/init.d/tools/filesystem/list_directory.el (source)...
Loading /root/.emacs.d/init.d/tools/filesystem/read_file.el (source)...
Loading /root/.emacs.d/init.d/tools/filesystem/write_file.el (source)...
Loading /root/.emacs.d/init.d/tools/filesystem/append_file.el (source)...
Loading /root/.emacs.d/init.d/tools/code/execute_code_local.el (source)...
Loading /root/.emacs.d/init.d/tools/code/execute_code_remote.el (source)...
Loading /root/.emacs.d/init.d/tools/code/check_elisp.el (source)...
Loading /root/.emacs.d/init.d/tools/tasks/read_task.el (source)...
Loading /root/.emacs.d/init.d/tools/tasks/create_task.el (source)...
Loading /root/.emacs.d/init.d/tools/tasks/write_subtask.el (source)...
Loading /root/.emacs.d/init.d/tools/tasks/remove_task.el (source)...
Loading /root/.emacs.d/init.d/tools/tasks/read_history.el (source)...
Loading /root/.emacs.d/init.d/tools/tasks/read_roadmap.el (source)...
Loading /root/.emacs.d/init.d/tools/tasks/write_roadmap.el (source)...
Loading /root/.emacs.d/init.d/tools/notify/telegram.el (source)...
Loading /root/.emacs.d/init.d/tools/git/git_commit.el (source)...
Loading /root/.emacs.d/init.d/tools/knowledge/read_knowledge.el (source)...
Loading /root/.emacs.d/init.d/agent/iar-project-parser.el (source)...
Loading /root/.emacs.d/init.d/agent/iar-prompt-assembly.el (source)...
Loading /root/.emacs.d/init.d/agent/iar-agent-loader.el (source)...
Loading /root/.emacs.d/init.d/agent/iar-knowledge-loader.el (source)...
Loading /root/.emacs.d/init.d/agent/iar-buffer-info.el (source)...
Loading /root/.emacs.d/init.d/tools/agent/delegate.el (source)...
Loading /root/.emacs.d/init.d/tools/agent/reload_os.el (source)...
Loading /root/.emacs.d/init.d/tools/agent/reload_agent.el (source)...
Loading /root/.emacs.d/init.d/tools/agent/read_own_prompt.el (source)...
Loading /root/.emacs.d/init.d/agent/iar-guidelines-checker.el (source)...
Loading /root/.emacs.d/init.d/agent/iar-agent-cycle.el (source)...
Loading /root/.emacs.d/init.d/debug/iar-status-mode.el (source)...
[status-mode] Installed
Loading /root/.emacs.d/init.d/session/iar-quit.el (source)...
[aria] Starting cycle with 3600s timeout (archetype: aria-cycle, project: iar, cycle: aria_daily)
[assembly] DIGEST [iar/aria] 15100 chars (warn at 12000) -- injected full on every request; diet it
[aria] Assembled prompt: 48121 chars (~12030 tokens), 21 tools
[aria] Sending cycle prompt to aria agent...
Querying Ollama...
[loop-guard-chain] SOFT BLOCK: execute_code_local chained 10 times
[thinking-loop-guard] Aborting runaway reasoning stream (32000 chars, no content, model=glm-5.3-flash:cloud)
[aria] Turn was guard-aborted (strike 1/2) -- re-prompting with abort-aware prompt
Querying Ollama...
Stopped gptel request in buffer "*aria-cycle*"
[thinking-loop-guard] Aborting runaway reasoning stream (32000 chars, no content, model=glm-5.3-flash:cloud)
[aria] Turn was guard-aborted (strike 2/2) -- re-prompting with abort-aware prompt
Querying Ollama...
Stopped gptel request in buffer "*aria-cycle*"
[loop-guard-chain] SOFT BLOCK: execute_code_local chained 11 times
[thinking-loop-guard] Aborting runaway reasoning stream (32000 chars, no content, model=glm-5.3-flash:cloud)
[aria] Aborted turn (guard abort, strike 3) past re-prompt cap 2 -- ending cycle LOUD
Stopped gptel request in buffer "*aria-cycle*"
[aria] Cycle complete. Turns: 3, Tool calls: 94, Exit: 1
Tokens: 4292366 in / 21077 out / 4313443 total
Requests: 94
Belt #2c push to origin: To 10.66.0.5:/home/git/repos/iar-personalization.git
   ad1c0e63..d964d2df  HEAD -> main
[0;31m[ERR][2026-09-22 05:30:02][0m Cycle 1 failed in 702s (exit 1)

[0;34m[INF][2026-09-22 05:37:41][0m --- Cycle 1/1 ---
Already up to date.
============================================
  Preflight Mount Audit — Emacboros
  2026-09-22T08:37:41Z
============================================

--- Phase 1: /proc/mounts scan ---

--- Phase 2: Writability tests ---
[0;32m[PASS][0m /root/.emacs.d/.git/hooks — does not exist
[0;32m[PASS][0m /var/run/docker.sock — does not exist
[0;32m[PASS][0m /etc/cron.d — does not exist
[0;32m[PASS][0m /var/spool/cron — does not exist
[0;32m[PASS][0m /etc/systemd/system — directory is read-only
[0;32m[PASS][0m /etc/systemd — directory is read-only

--- Phase 3: Capability audit ---
[0;32m[PASS][0m CAP_DAC_OVERRIDE (bit 1) is not set — can bypass file read/write/execute permissions
[0;32m[PASS][0m CAP_SYS_ADMIN (bit 21) is not set — broad system administration (mount, namespaces, etc.)
[0;32m[PASS][0m CAP_SETUID (bit 7) is not set — can change process UID
[0;32m[PASS][0m CAP_SETGID (bit 6) is not set — can change process GID
[0;32m[PASS][0m CAP_MKNOD (bit 27) is not set — can create special device files
[0;32m[PASS][0m CAP_NET_RAW (bit 13) is SET (expected) — can create raw network sockets (needed for nmap/traceroute)
[0;32m[PASS][0m CAP_NET_BIND_SERVICE (bit 10) is SET (expected) — can bind to ports < 1024
[0;32m[PASS][0m CAP_FOWNER (bit 3) is not set — can bypass file ownership checks
[0;32m[PASS][0m CAP_SETFCAP (bit 31) is not set — can set file capabilities

--- Phase 4: Host mount audit ---
Writable real-filesystem mounts:
[0;33m[WARN][0m Host mount: /sys/kernel/security (securityfs, rw,nosuid,nodev,noexec,relatime)
[0;33m[WARN][0m Host mount: /sys/fs/cgroup (cgroup2, rw,seclabel,nosuid,nodev,noexec,relatime,nsdelegate,memory_recursiveprot,memory_hugetlb_accounting)
[0;33m[WARN][0m Host mount: /sys/fs/pstore (pstore, rw,seclabel,nosuid,nodev,noexec,relatime)
[0;33m[WARN][0m Host mount: /sys/firmware/efi/efivars (efivarfs, rw,nosuid,nodev,noexec,relatime)
[0;33m[WARN][0m Host mount: /sys/fs/bpf (bpf, rw,nosuid,nodev,noexec,relatime,mode=700)
[0;33m[WARN][0m Host mount: /sys/kernel/config (configfs, rw,nosuid,nodev,noexec,relatime)
[0;33m[WARN][0m Host mount: /sys/fs/selinux (selinuxfs, rw,nosuid,noexec,relatime)
[0;33m[WARN][0m Host mount: /sys/fs/fuse/connections (fusectl, rw,nosuid,nodev,noexec,relatime)
[0;33m[WARN][0m Host mount: /sys/kernel/debug (debugfs, rw,seclabel,nosuid,nodev,noexec,relatime)
[0;33m[WARN][0m Host mount: /sys/kernel/debug/tracing (tracefs, rw,seclabel,nosuid,nodev,noexec,relatime)
[0;33m[WARN][0m Host mount: /sys/kernel/tracing (tracefs, rw,seclabel,nosuid,nodev,noexec,relatime)
[0;33m[WARN][0m Host mount: /root/.emacs.d (btrfs, rw,seclabel,relatime,compress=zstd:1,ssd,discard=async,space_cache=v2,subvolid=256,subvol=/root)
[0;33m[WARN][0m Host mount: /root/personalization (btrfs, rw,seclabel,relatime,compress=zstd:1,ssd,discard=async,space_cache=v2,subvolid=256,subvol=/root)
[0;33m[WARN][0m Host mount: /root/i.ar (btrfs, rw,seclabel,relatime,compress=zstd:1,ssd,discard=async,space_cache=v2,subvolid=256,subvol=/root)
[0;33m[WARN][0m Host mount: /root/.emacs.d/gptel-fork (btrfs, rw,seclabel,relatime,compress=zstd:1,ssd,discard=async,space_cache=v2,subvolid=256,subvol=/root)
[0;33m[WARN][0m Host mount: /root/.emacs.d/metaconfig (btrfs, rw,seclabel,relatime,compress=zstd:1,ssd,discard=async,space_cache=v2,subvolid=256,subvol=/root)
[0;33m[WARN][0m Host mount: /root/i.ar/prompts (btrfs, rw,seclabel,relatime,compress=zstd:1,ssd,discard=async,space_cache=v2,subvolid=256,subvol=/root)

============================================
[0;32m  PREFLIGHT PASSED[0m
============================================
Loading /root/.emacs.d/configs/paths.el (source)...
Loading /root/.emacs.d/configs/predicates.el (source)...
Loading /root/.emacs.d/configs/keybindings.el (source)...
Loading /root/.emacs.d/configs/delimiters.el (source)...
Loading /root/.emacs.d/configs/git.el (source)...
Loading /root/.emacs.d/configs/fork.el (source)...
Loading /root/.emacs.d/configs/delegate.el (source)...
Loading /root/.emacs.d/configs/cycle.el (source)...
Loading /root/.emacs.d/configs/loop-guard.el (source)...
Loading /root/.emacs.d/configs/memory.el (source)...
Loading /root/.emacs.d/configs/file-guard.el (source)...
Loading /root/.emacs.d/configs/tool-limits.el (source)...
Loading /root/.emacs.d/configs/tasks.el (source)...
Loading /root/.emacs.d/configs/mcp.el (source)...
Loading /root/.emacs.d/init.d/shared/iar-utils.el (source)...
Loading /root/.emacs.d/init.d/shared/iar-agent-utils.el (source)...
Loading /root/.emacs.d/init.d/core/iar-locale.el (source)...
Loading /root/.emacs.d/init.d/core/iar-package-setup.el (source)...
Loading /root/.emacs.d/init.d/core/iar-ui-cleanup.el (source)...
Loading /root/.emacs.d/init.d/core/iar-evil-mode.el (source)...
Loading /root/.emacs.d/init.d/core/iar-gptel-setup.el (source)...
[gptel] Using fork from /root/.emacs.d/gptel-fork (overriding ELPA package)
Loading /root/.emacs.d/configs/gptel.el (source)...
Loading /root/.emacs.d/init.d/core/iar-mcp-setup.el (source)...
Loading /root/.emacs.d/init.d/tool-call/iar-malformed-args.el (source)...
Loading /root/.emacs.d/init.d/tool-call/iar-tool-call.el (source)...
[tool-call] Layer installed
Loading /root/.emacs.d/init.d/tool-call/iar-tool-result-timestamp.el (source)...
Loading /root/.emacs.d/init.d/tool-call/iar-tool-result-budget.el (source)...
Loading /root/.emacs.d/init.d/tool-call/iar-request-log.el (source)...
[request-log] Witness installed
Loading /root/.emacs.d/init.d/tool-call/iar-context-fence.el (source)...
Loading /root/.emacs.d/init.d/tool-call/iar-msgs-fence.el (source)...
Loading /root/.emacs.d/init.d/tool-call/iar-request-watchdog.el (source)...
[watchdog] Request watchdog installed
Loading /root/.emacs.d/init.d/tool-call/iar-thinking-loop-guard.el (source)...
[thinking-loop-guard] installed: enabled=t max-chars=16000 per-model=(("glm-5.3-flash" . 32000) ("nemotron-3-super" . 32000))
Loading /root/.emacs.d/init.d/tool-call/iar-text-mode-detector.el (source)...
Loading /root/.emacs.d/init.d/agent/iar-prompt-loader.el (source)...
Loading /root/.emacs.d/init.d/core/iar-mount-awareness.el (source)...
Loading /root/.emacs.d/init.d/core/iar-rate-limit.el (source)...
Loading /root/.emacs.d/init.d/security/iar-output-sanitizer.el (source)...
Loading /root/.emacs.d/init.d/security/iar-file-guard.el (source)...
Loading /root/.emacs.d/init.d/security/iar-audit-log.el (source)...
Loading /root/.emacs.d/init.d/security/iar-loop-guard.el (source)...
Loading /root/.emacs.d/init.d/security/iar-loop-guard-chain.el (source)...
Loading /root/.emacs.d/init.d/security/iar-tool-guard.el (source)...
Loading /root/.emacs.d/init.d/security/iar-utf8-scrub.el (source)...
Loading /root/.emacs.d/init.d/tools/filesystem/list_directory.el (source)...
Loading /root/.emacs.d/init.d/tools/filesystem/read_file.el (source)...
Loading /root/.emacs.d/init.d/tools/filesystem/write_file.el (source)...
Loading /root/.emacs.d/init.d/tools/filesystem/append_file.el (source)...
Loading /root/.emacs.d/init.d/tools/code/execute_code_local.el (source)...
Loading /root/.emacs.d/init.d/tools/code/execute_code_remote.el (source)...
Loading /root/.emacs.d/init.d/tools/code/check_elisp.el (source)...
Loading /root/.emacs.d/init.d/tools/tasks/read_task.el (source)...
Loading /root/.emacs.d/init.d/tools/tasks/create_task.el (source)...
Loading /root/.emacs.d/init.d/tools/tasks/write_subtask.el (source)...
Loading /root/.emacs.d/init.d/tools/tasks/remove_task.el (source)...
Loading /root/.emacs.d/init.d/tools/tasks/read_history.el (source)...
Loading /root/.emacs.d/init.d/tools/tasks/read_roadmap.el (source)...
Loading /root/.emacs.d/init.d/tools/tasks/write_roadmap.el (source)...
Loading /root/.emacs.d/init.d/tools/notify/telegram.el (source)...
Loading /root/.emacs.d/init.d/tools/git/git_commit.el (source)...
Loading /root/.emacs.d/init.d/tools/knowledge/read_knowledge.el (source)...
Loading /root/.emacs.d/init.d/agent/iar-project-parser.el (source)...
Loading /root/.emacs.d/init.d/agent/iar-prompt-assembly.el (source)...
Loading /root/.emacs.d/init.d/agent/iar-agent-loader.el (source)...
Loading /root/.emacs.d/init.d/agent/iar-knowledge-loader.el (source)...
Loading /root/.emacs.d/init.d/agent/iar-buffer-info.el (source)...
Loading /root/.emacs.d/init.d/tools/agent/delegate.el (source)...
Loading /root/.emacs.d/init.d/tools/agent/reload_os.el (source)...
Loading /root/.emacs.d/init.d/tools/agent/reload_agent.el (source)...
Loading /root/.emacs.d/init.d/tools/agent/read_own_prompt.el (source)...
Loading /root/.emacs.d/init.d/agent/iar-guidelines-checker.el (source)...
Loading /root/.emacs.d/init.d/agent/iar-agent-cycle.el (source)...
Loading /root/.emacs.d/init.d/debug/iar-status-mode.el (source)...
[status-mode] Installed
Loading /root/.emacs.d/init.d/session/iar-quit.el (source)...
[aria] Starting cycle with 3600s timeout (archetype: aria-cycle, project: iar, cycle: aria_daily)
[assembly] DIGEST [iar/aria] 15100 chars (warn at 12000) -- injected full on every request; diet it
[aria] Assembled prompt: 48121 chars (~12030 tokens), 21 tools
[aria] Sending cycle prompt to aria agent...
Querying Ollama...
[loop-guard-chain] SOFT BLOCK: execute_code_local chained 10 times
[loop-guard-chain] SOFT BLOCK: execute_code_local chained 11 times
[aria] Same-tool warning: 100 calls to execute_code_local this cycle -- one call blocked with notice
[aria] Tool-call budget warning (150/300) -- one call blocked with notice
[aria] Msgs soft cap warning (msgs 401 >= 400) -- one call blocked with notice
[loop-guard-chain] SOFT BLOCK: execute_code_local chained 10 times
[aria] Cycle complete. Turns: 1, Tool calls: 222, Exit: 0
Tokens: 21807572 in / 49045 out / 21856617 total
Requests: 223
Belt #2c push to origin: To 10.66.0.5:/home/git/repos/iar-personalization.git
   c3426f90..e6008e45  HEAD -> main
[0;32m[INF][2026-09-22 05:56:21][0m Cycle 1 succeeded in 1120s (exit 0)

[0;34m[INF][2026-09-22 06:07:48][0m --- Cycle 1/1 ---
Already up to date.
============================================
  Preflight Mount Audit — Emacboros
  2026-09-22T09:07:49Z
============================================

--- Phase 1: /proc/mounts scan ---

--- Phase 2: Writability tests ---
[0;32m[PASS][0m /root/.emacs.d/.git/hooks — does not exist
[0;32m[PASS][0m /var/run/docker.sock — does not exist
[0;32m[PASS][0m /etc/cron.d — does not exist
[0;32m[PASS][0m /var/spool/cron — does not exist
[0;32m[PASS][0m /etc/systemd/system — directory is read-only
[0;32m[PASS][0m /etc/systemd — directory is read-only

--- Phase 3: Capability audit ---
[0;32m[PASS][0m CAP_DAC_OVERRIDE (bit 1) is not set — can bypass file read/write/execute permissions
[0;32m[PASS][0m CAP_SYS_ADMIN (bit 21) is not set — broad system administration (mount, namespaces, etc.)
[0;32m[PASS][0m CAP_SETUID (bit 7) is not set — can change process UID
[0;32m[PASS][0m CAP_SETGID (bit 6) is not set — can change process GID
[0;32m[PASS][0m CAP_MKNOD (bit 27) is not set — can create special device files
[0;32m[PASS][0m CAP_NET_RAW (bit 13) is SET (expected) — can create raw network sockets (needed for nmap/traceroute)
[0;32m[PASS][0m CAP_NET_BIND_SERVICE (bit 10) is SET (expected) — can bind to ports < 1024
[0;32m[PASS][0m CAP_FOWNER (bit 3) is not set — can bypass file ownership checks
[0;32m[PASS][0m CAP_SETFCAP (bit 31) is not set — can set file capabilities

--- Phase 4: Host mount audit ---
Writable real-filesystem mounts:
[0;33m[WARN][0m Host mount: /sys/kernel/security (securityfs, rw,nosuid,nodev,noexec,relatime)
[0;33m[WARN][0m Host mount: /sys/fs/cgroup (cgroup2, rw,seclabel,nosuid,nodev,noexec,relatime,nsdelegate,memory_recursiveprot,memory_hugetlb_accounting)
[0;33m[WARN][0m Host mount: /sys/fs/pstore (pstore, rw,seclabel,nosuid,nodev,noexec,relatime)
[0;33m[WARN][0m Host mount: /sys/firmware/efi/efivars (efivarfs, rw,nosuid,nodev,noexec,relatime)
[0;33m[WARN][0m Host mount: /sys/fs/bpf (bpf, rw,nosuid,nodev,noexec,relatime,mode=700)
[0;33m[WARN][0m Host mount: /sys/kernel/config (configfs, rw,nosuid,nodev,noexec,relatime)
[0;33m[WARN][0m Host mount: /sys/fs/selinux (selinuxfs, rw,nosuid,noexec,relatime)
[0;33m[WARN][0m Host mount: /sys/fs/fuse/connections (fusectl, rw,nosuid,nodev,noexec,relatime)
[0;33m[WARN][0m Host mount: /sys/kernel/debug (debugfs, rw,seclabel,nosuid,nodev,noexec,relatime)
[0;33m[WARN][0m Host mount: /sys/kernel/debug/tracing (tracefs, rw,seclabel,nosuid,nodev,noexec,relatime)
[0;33m[WARN][0m Host mount: /sys/kernel/tracing (tracefs, rw,seclabel,nosuid,nodev,noexec,relatime)
[0;33m[WARN][0m Host mount: /root/i.ar (btrfs, rw,seclabel,relatime,compress=zstd:1,ssd,discard=async,space_cache=v2,subvolid=256,subvol=/root)
[0;33m[WARN][0m Host mount: /root/personalization (btrfs, rw,seclabel,relatime,compress=zstd:1,ssd,discard=async,space_cache=v2,subvolid=256,subvol=/root)
[0;33m[WARN][0m Host mount: /root/.emacs.d (btrfs, rw,seclabel,relatime,compress=zstd:1,ssd,discard=async,space_cache=v2,subvolid=256,subvol=/root)
[0;33m[WARN][0m Host mount: /root/.emacs.d/metaconfig (btrfs, rw,seclabel,relatime,compress=zstd:1,ssd,discard=async,space_cache=v2,subvolid=256,subvol=/root)
[0;33m[WARN][0m Host mount: /root/.emacs.d/gptel-fork (btrfs, rw,seclabel,relatime,compress=zstd:1,ssd,discard=async,space_cache=v2,subvolid=256,subvol=/root)
[0;33m[WARN][0m Host mount: /root/i.ar/prompts (btrfs, rw,seclabel,relatime,compress=zstd:1,ssd,discard=async,space_cache=v2,subvolid=256,subvol=/root)

============================================
[0;32m  PREFLIGHT PASSED[0m
============================================
Loading /root/.emacs.d/configs/paths.el (source)...
Loading /root/.emacs.d/configs/predicates.el (source)...
Loading /root/.emacs.d/configs/keybindings.el (source)...
Loading /root/.emacs.d/configs/delimiters.el (source)...
Loading /root/.emacs.d/configs/git.el (source)...
Loading /root/.emacs.d/configs/fork.el (source)...
Loading /root/.emacs.d/configs/delegate.el (source)...
Loading /root/.emacs.d/configs/cycle.el (source)...
Loading /root/.emacs.d/configs/loop-guard.el (source)...
Loading /root/.emacs.d/configs/memory.el (source)...
Loading /root/.emacs.d/configs/file-guard.el (source)...
Loading /root/.emacs.d/configs/tool-limits.el (source)...
Loading /root/.emacs.d/configs/tasks.el (source)...
Loading /root/.emacs.d/configs/mcp.el (source)...
Loading /root/.emacs.d/init.d/shared/iar-utils.el (source)...
Loading /root/.emacs.d/init.d/shared/iar-agent-utils.el (source)...
Loading /root/.emacs.d/init.d/core/iar-locale.el (source)...
Loading /root/.emacs.d/init.d/core/iar-package-setup.el (source)...
Loading /root/.emacs.d/init.d/core/iar-ui-cleanup.el (source)...
Loading /root/.emacs.d/init.d/core/iar-evil-mode.el (source)...
Loading /root/.emacs.d/init.d/core/iar-gptel-setup.el (source)...
[gptel] Using fork from /root/.emacs.d/gptel-fork (overriding ELPA package)
Loading /root/.emacs.d/configs/gptel.el (source)...
Loading /root/.emacs.d/init.d/core/iar-mcp-setup.el (source)...
Loading /root/.emacs.d/init.d/tool-call/iar-malformed-args.el (source)...
Loading /root/.emacs.d/init.d/tool-call/iar-tool-call.el (source)...
[tool-call] Layer installed
Loading /root/.emacs.d/init.d/tool-call/iar-tool-result-timestamp.el (source)...
Loading /root/.emacs.d/init.d/tool-call/iar-tool-result-budget.el (source)...
Loading /root/.emacs.d/init.d/tool-call/iar-request-log.el (source)...
[request-log] Witness installed
Loading /root/.emacs.d/init.d/tool-call/iar-context-fence.el (source)...
Loading /root/.emacs.d/init.d/tool-call/iar-msgs-fence.el (source)...
Loading /root/.emacs.d/init.d/tool-call/iar-request-watchdog.el (source)...
[watchdog] Request watchdog installed
Loading /root/.emacs.d/init.d/tool-call/iar-thinking-loop-guard.el (source)...
[thinking-loop-guard] installed: enabled=t max-chars=16000 per-model=(("glm-5.3-flash" . 32000) ("nemotron-3-super" . 32000))
Loading /root/.emacs.d/init.d/tool-call/iar-text-mode-detector.el (source)...
Loading /root/.emacs.d/init.d/agent/iar-prompt-loader.el (source)...
Loading /root/.emacs.d/init.d/core/iar-mount-awareness.el (source)...
Loading /root/.emacs.d/init.d/core/iar-rate-limit.el (source)...
Loading /root/.emacs.d/init.d/security/iar-output-sanitizer.el (source)...
Loading /root/.emacs.d/init.d/security/iar-file-guard.el (source)...
Loading /root/.emacs.d/init.d/security/iar-audit-log.el (source)...
Loading /root/.emacs.d/init.d/security/iar-loop-guard.el (source)...
Loading /root/.emacs.d/init.d/security/iar-loop-guard-chain.el (source)...
Loading /root/.emacs.d/init.d/security/iar-tool-guard.el (source)...
Loading /root/.emacs.d/init.d/security/iar-utf8-scrub.el (source)...
Loading /root/.emacs.d/init.d/tools/filesystem/list_directory.el (source)...
Loading /root/.emacs.d/init.d/tools/filesystem/read_file.el (source)...
Loading /root/.emacs.d/init.d/tools/filesystem/write_file.el (source)...
Loading /root/.emacs.d/init.d/tools/filesystem/append_file.el (source)...
Loading /root/.emacs.d/init.d/tools/code/execute_code_local.el (source)...
Loading /root/.emacs.d/init.d/tools/code/execute_code_remote.el (source)...
Loading /root/.emacs.d/init.d/tools/code/check_elisp.el (source)...
Loading /root/.emacs.d/init.d/tools/tasks/read_task.el (source)...
Loading /root/.emacs.d/init.d/tools/tasks/create_task.el (source)...
Loading /root/.emacs.d/init.d/tools/tasks/write_subtask.el (source)...
Loading /root/.emacs.d/init.d/tools/tasks/remove_task.el (source)...
Loading /root/.emacs.d/init.d/tools/tasks/read_history.el (source)...
Loading /root/.emacs.d/init.d/tools/tasks/read_roadmap.el (source)...
Loading /root/.emacs.d/init.d/tools/tasks/write_roadmap.el (source)...
Loading /root/.emacs.d/init.d/tools/notify/telegram.el (source)...
Loading /root/.emacs.d/init.d/tools/git/git_commit.el (source)...
Loading /root/.emacs.d/init.d/tools/knowledge/read_knowledge.el (source)...
Loading /root/.emacs.d/init.d/agent/iar-project-parser.el (source)...
Loading /root/.emacs.d/init.d/agent/iar-prompt-assembly.el (source)...
Loading /root/.emacs.d/init.d/agent/iar-agent-loader.el (source)...
Loading /root/.emacs.d/init.d/agent/iar-knowledge-loader.el (source)...
Loading /root/.emacs.d/init.d/agent/iar-buffer-info.el (source)...
Loading /root/.emacs.d/init.d/tools/agent/delegate.el (source)...
Loading /root/.emacs.d/init.d/tools/agent/reload_os.el (source)...
Loading /root/.emacs.d/init.d/tools/agent/reload_agent.el (source)...
Loading /root/.emacs.d/init.d/tools/agent/read_own_prompt.el (source)...
Loading /root/.emacs.d/init.d/agent/iar-guidelines-checker.el (source)...
Loading /root/.emacs.d/init.d/agent/iar-agent-cycle.el (source)...
Loading /root/.emacs.d/init.d/debug/iar-status-mode.el (source)...
[status-mode] Installed
Loading /root/.emacs.d/init.d/session/iar-quit.el (source)...
[aria] Starting cycle with 3600s timeout (archetype: aria-cycle, project: iar, cycle: aria_daily)
[assembly] DIGEST [iar/aria] 15100 chars (warn at 12000) -- injected full on every request; diet it
[aria] Assembled prompt: 47904 chars (~11976 tokens), 21 tools
[aria] Sending cycle prompt to aria agent...
Querying Ollama...
[thinking-loop-guard] Aborting runaway reasoning stream (32000 chars, no content, model=glm-5.3-flash:cloud)
[aria] Turn was guard-aborted (strike 1/2) -- re-prompting with abort-aware prompt
Querying Ollama...
Stopped gptel request in buffer "*aria-cycle*"
[aria] Cycle complete. Turns: 2, Tool calls: 81, Exit: 0
Tokens: 3828450 in / 24764 out / 3853214 total
Requests: 82
