
[0;34m[INF][2026-09-13 00:37:59][0m --- Cycle 1/1 ---
Already up to date.
============================================
  Preflight Mount Audit — Emacboros
  2026-09-13T03:38:00Z
============================================

--- Phase 1: /proc/mounts scan ---

--- Phase 2: Writability tests ---
[0;32m[PASS][0m /root/.emacs.d/.git/hooks — does not exist
[0;32m[PASS][0m /var/run/docker.sock — does not exist
[0;32m[PASS][0m /etc/cron.d — does not exist
[0;32m[PASS][0m /var/spool/cron — does not exist
[0;32m[PASS][0m /etc/systemd/system — directory is read-only
[0;32m[PASS][0m /etc/systemd — directory is read-only

--- Phase 3: Capability audit ---
[0;32m[PASS][0m CAP_DAC_OVERRIDE (bit 1) is not set — can bypass file read/write/execute permissions
[0;32m[PASS][0m CAP_SYS_ADMIN (bit 21) is not set — broad system administration (mount, namespaces, etc.)
[0;32m[PASS][0m CAP_SETUID (bit 7) is not set — can change process UID
[0;32m[PASS][0m CAP_SETGID (bit 6) is not set — can change process GID
[0;32m[PASS][0m CAP_MKNOD (bit 27) is not set — can create special device files
[0;32m[PASS][0m CAP_NET_RAW (bit 13) is SET (expected) — can create raw network sockets (needed for nmap/traceroute)
[0;32m[PASS][0m CAP_NET_BIND_SERVICE (bit 10) is SET (expected) — can bind to ports < 1024
[0;32m[PASS][0m CAP_FOWNER (bit 3) is not set — can bypass file ownership checks
[0;32m[PASS][0m CAP_SETFCAP (bit 31) is not set — can set file capabilities

--- Phase 4: Host mount audit ---
Writable real-filesystem mounts:
[0;33m[WARN][0m Host mount: /sys/kernel/security (securityfs, rw,nosuid,nodev,noexec,relatime)
[0;33m[WARN][0m Host mount: /sys/fs/cgroup (cgroup2, rw,seclabel,nosuid,nodev,noexec,relatime,nsdelegate,memory_recursiveprot,memory_hugetlb_accounting)
[0;33m[WARN][0m Host mount: /sys/fs/pstore (pstore, rw,seclabel,nosuid,nodev,noexec,relatime)
[0;33m[WARN][0m Host mount: /sys/firmware/efi/efivars (efivarfs, rw,nosuid,nodev,noexec,relatime)
[0;33m[WARN][0m Host mount: /sys/fs/bpf (bpf, rw,nosuid,nodev,noexec,relatime,mode=700)
[0;33m[WARN][0m Host mount: /sys/kernel/config (configfs, rw,nosuid,nodev,noexec,relatime)
[0;33m[WARN][0m Host mount: /sys/fs/selinux (selinuxfs, rw,nosuid,noexec,relatime)
[0;33m[WARN][0m Host mount: /sys/fs/fuse/connections (fusectl, rw,nosuid,nodev,noexec,relatime)
[0;33m[WARN][0m Host mount: /sys/kernel/debug (debugfs, rw,seclabel,nosuid,nodev,noexec,relatime)
[0;33m[WARN][0m Host mount: /sys/kernel/debug/tracing (tracefs, rw,seclabel,nosuid,nodev,noexec,relatime)
[0;33m[WARN][0m Host mount: /sys/kernel/tracing (tracefs, rw,seclabel,nosuid,nodev,noexec,relatime)
[0;33m[WARN][0m Host mount: /root/personalization (btrfs, rw,seclabel,relatime,compress=zstd:1,ssd,discard=async,space_cache=v2,subvolid=256,subvol=/root)
[0;33m[WARN][0m Host mount: /root/i.ar (btrfs, rw,seclabel,relatime,compress=zstd:1,ssd,discard=async,space_cache=v2,subvolid=256,subvol=/root)
[0;33m[WARN][0m Host mount: /root/.emacs.d (btrfs, rw,seclabel,relatime,compress=zstd:1,ssd,discard=async,space_cache=v2,subvolid=256,subvol=/root)
[0;33m[WARN][0m Host mount: /root/.emacs.d/metaconfig (btrfs, rw,seclabel,relatime,compress=zstd:1,ssd,discard=async,space_cache=v2,subvolid=256,subvol=/root)
[0;33m[WARN][0m Host mount: /root/i.ar/prompts (btrfs, rw,seclabel,relatime,compress=zstd:1,ssd,discard=async,space_cache=v2,subvolid=256,subvol=/root)
[0;33m[WARN][0m Host mount: /root/.emacs.d/gptel-fork (btrfs, rw,seclabel,relatime,compress=zstd:1,ssd,discard=async,space_cache=v2,subvolid=256,subvol=/root)

============================================
[0;32m  PREFLIGHT PASSED[0m
============================================
Loading /root/.emacs.d/configs/paths.el (source)...
Loading /root/.emacs.d/configs/predicates.el (source)...
Loading /root/.emacs.d/configs/keybindings.el (source)...
Loading /root/.emacs.d/configs/delimiters.el (source)...
Loading /root/.emacs.d/configs/git.el (source)...
Loading /root/.emacs.d/configs/fork.el (source)...
Loading /root/.emacs.d/configs/delegate.el (source)...
Loading /root/.emacs.d/configs/cycle.el (source)...
Loading /root/.emacs.d/configs/loop-guard.el (source)...
Loading /root/.emacs.d/configs/memory.el (source)...
Loading /root/.emacs.d/configs/file-guard.el (source)...
Loading /root/.emacs.d/configs/tool-limits.el (source)...
Loading /root/.emacs.d/configs/tasks.el (source)...
Loading /root/.emacs.d/configs/mcp.el (source)...
Loading /root/.emacs.d/init.d/shared/iar-utils.el (source)...
Loading /root/.emacs.d/init.d/shared/iar-agent-utils.el (source)...
Loading /root/.emacs.d/init.d/core/iar-locale.el (source)...
Loading /root/.emacs.d/init.d/core/iar-package-setup.el (source)...
Loading /root/.emacs.d/init.d/core/iar-ui-cleanup.el (source)...
Loading /root/.emacs.d/init.d/core/iar-evil-mode.el (source)...
Loading /root/.emacs.d/init.d/core/iar-gptel-setup.el (source)...
[gptel] Using fork from /root/.emacs.d/gptel-fork (overriding ELPA package)
Loading /root/.emacs.d/configs/gptel.el (source)...
Loading /root/.emacs.d/init.d/core/iar-mcp-setup.el (source)...
Loading /root/.emacs.d/init.d/tool-call/iar-malformed-args.el (source)...
Loading /root/.emacs.d/init.d/tool-call/iar-tool-call.el (source)...
[tool-call] Layer installed
Loading /root/.emacs.d/init.d/tool-call/iar-tool-result-timestamp.el (source)...
Loading /root/.emacs.d/init.d/tool-call/iar-tool-result-budget.el (source)...
Loading /root/.emacs.d/init.d/tool-call/iar-request-log.el (source)...
[request-log] Witness installed
Loading /root/.emacs.d/init.d/tool-call/iar-context-fence.el (source)...
Loading /root/.emacs.d/init.d/tool-call/iar-msgs-fence.el (source)...
Loading /root/.emacs.d/init.d/tool-call/iar-request-watchdog.el (source)...
[watchdog] Request watchdog installed
Loading /root/.emacs.d/init.d/tool-call/iar-text-mode-detector.el (source)...
Loading /root/.emacs.d/init.d/agent/iar-prompt-loader.el (source)...
Loading /root/.emacs.d/init.d/core/iar-mount-awareness.el (source)...
Loading /root/.emacs.d/init.d/core/iar-rate-limit.el (source)...
Loading /root/.emacs.d/init.d/security/iar-output-sanitizer.el (source)...
Loading /root/.emacs.d/init.d/security/iar-file-guard.el (source)...
Loading /root/.emacs.d/init.d/security/iar-audit-log.el (source)...
Loading /root/.emacs.d/init.d/security/iar-loop-guard.el (source)...
Loading /root/.emacs.d/init.d/security/iar-loop-guard-chain.el (source)...
Loading /root/.emacs.d/init.d/security/iar-tool-guard.el (source)...
Loading /root/.emacs.d/init.d/security/iar-utf8-scrub.el (source)...
Loading /root/.emacs.d/init.d/tools/filesystem/list_directory.el (source)...
Loading /root/.emacs.d/init.d/tools/filesystem/read_file.el (source)...
Loading /root/.emacs.d/init.d/tools/filesystem/write_file.el (source)...
Loading /root/.emacs.d/init.d/tools/filesystem/append_file.el (source)...
Loading /root/.emacs.d/init.d/tools/code/execute_code_local.el (source)...
Loading /root/.emacs.d/init.d/tools/code/execute_code_remote.el (source)...
Loading /root/.emacs.d/init.d/tools/code/check_elisp.el (source)...
Loading /root/.emacs.d/init.d/tools/tasks/read_task.el (source)...
Loading /root/.emacs.d/init.d/tools/tasks/create_task.el (source)...
Loading /root/.emacs.d/init.d/tools/tasks/write_subtask.el (source)...
Loading /root/.emacs.d/init.d/tools/tasks/remove_task.el (source)...
Loading /root/.emacs.d/init.d/tools/tasks/read_history.el (source)...
Loading /root/.emacs.d/init.d/tools/tasks/read_roadmap.el (source)...
Loading /root/.emacs.d/init.d/tools/tasks/write_roadmap.el (source)...
Loading /root/.emacs.d/init.d/tools/notify/telegram.el (source)...
Loading /root/.emacs.d/init.d/tools/git/git_commit.el (source)...
Loading /root/.emacs.d/init.d/tools/knowledge/read_knowledge.el (source)...
Loading /root/.emacs.d/init.d/agent/iar-project-parser.el (source)...
Loading /root/.emacs.d/init.d/agent/iar-prompt-assembly.el (source)...
Loading /root/.emacs.d/init.d/agent/iar-agent-loader.el (source)...
Loading /root/.emacs.d/init.d/agent/iar-knowledge-loader.el (source)...
Loading /root/.emacs.d/init.d/agent/iar-buffer-info.el (source)...
Loading /root/.emacs.d/init.d/tools/agent/delegate.el (source)...
Loading /root/.emacs.d/init.d/tools/agent/reload_os.el (source)...
Loading /root/.emacs.d/init.d/tools/agent/reload_agent.el (source)...
Loading /root/.emacs.d/init.d/tools/agent/read_own_prompt.el (source)...
Loading /root/.emacs.d/init.d/agent/iar-guidelines-checker.el (source)...
Loading /root/.emacs.d/init.d/agent/iar-agent-cycle.el (source)...
Loading /root/.emacs.d/init.d/debug/iar-status-mode.el (source)...
[status-mode] Installed
Loading /root/.emacs.d/init.d/session/iar-quit.el (source)...
[aria] Starting cycle with 3600s timeout (archetype: aria-cycle, project: iar, cycle: aria_daily)
[assembly] DIGEST [iar/aria] 13307 chars (warn at 12000) -- injected full on every request; diet it
[aria] Assembled prompt: 48985 chars (~12246 tokens), 21 tools
[aria] Sending cycle prompt to aria agent...
Querying Ollama...
[aria] Cycle complete. Turns: 1, Tool calls: 43, Exit: 0
Tokens: 1532921 in / 79949 out / 1612870 total
Requests: 44
[0;32m[INF][2026-09-13 00:50:47][0m Cycle 1 succeeded in 768s (exit 0)

[0;34m[INF][2026-09-13 00:57:18][0m --- Cycle 1/1 ---
Already up to date.
============================================
  Preflight Mount Audit — Emacboros
  2026-09-13T03:57:19Z
============================================

--- Phase 1: /proc/mounts scan ---

--- Phase 2: Writability tests ---
[0;32m[PASS][0m /root/.emacs.d/.git/hooks — does not exist
[0;32m[PASS][0m /var/run/docker.sock — does not exist
[0;32m[PASS][0m /etc/cron.d — does not exist
[0;32m[PASS][0m /var/spool/cron — does not exist
[0;32m[PASS][0m /etc/systemd/system — directory is read-only
[0;32m[PASS][0m /etc/systemd — directory is read-only

--- Phase 3: Capability audit ---
[0;32m[PASS][0m CAP_DAC_OVERRIDE (bit 1) is not set — can bypass file read/write/execute permissions
[0;32m[PASS][0m CAP_SYS_ADMIN (bit 21) is not set — broad system administration (mount, namespaces, etc.)
[0;32m[PASS][0m CAP_SETUID (bit 7) is not set — can change process UID
[0;32m[PASS][0m CAP_SETGID (bit 6) is not set — can change process GID
[0;32m[PASS][0m CAP_MKNOD (bit 27) is not set — can create special device files
[0;32m[PASS][0m CAP_NET_RAW (bit 13) is SET (expected) — can create raw network sockets (needed for nmap/traceroute)
[0;32m[PASS][0m CAP_NET_BIND_SERVICE (bit 10) is SET (expected) — can bind to ports < 1024
[0;32m[PASS][0m CAP_FOWNER (bit 3) is not set — can bypass file ownership checks
[0;32m[PASS][0m CAP_SETFCAP (bit 31) is not set — can set file capabilities

--- Phase 4: Host mount audit ---
Writable real-filesystem mounts:
[0;33m[WARN][0m Host mount: /sys/kernel/security (securityfs, rw,nosuid,nodev,noexec,relatime)
[0;33m[WARN][0m Host mount: /sys/fs/cgroup (cgroup2, rw,seclabel,nosuid,nodev,noexec,relatime,nsdelegate,memory_recursiveprot,memory_hugetlb_accounting)
[0;33m[WARN][0m Host mount: /sys/fs/pstore (pstore, rw,seclabel,nosuid,nodev,noexec,relatime)
[0;33m[WARN][0m Host mount: /sys/firmware/efi/efivars (efivarfs, rw,nosuid,nodev,noexec,relatime)
[0;33m[WARN][0m Host mount: /sys/fs/bpf (bpf, rw,nosuid,nodev,noexec,relatime,mode=700)
[0;33m[WARN][0m Host mount: /sys/kernel/config (configfs, rw,nosuid,nodev,noexec,relatime)
[0;33m[WARN][0m Host mount: /sys/fs/selinux (selinuxfs, rw,nosuid,noexec,relatime)
[0;33m[WARN][0m Host mount: /sys/fs/fuse/connections (fusectl, rw,nosuid,nodev,noexec,relatime)
[0;33m[WARN][0m Host mount: /sys/kernel/debug (debugfs, rw,seclabel,nosuid,nodev,noexec,relatime)
[0;33m[WARN][0m Host mount: /sys/kernel/debug/tracing (tracefs, rw,seclabel,nosuid,nodev,noexec,relatime)
[0;33m[WARN][0m Host mount: /sys/kernel/tracing (tracefs, rw,seclabel,nosuid,nodev,noexec,relatime)
[0;33m[WARN][0m Host mount: /root/.emacs.d (btrfs, rw,seclabel,relatime,compress=zstd:1,ssd,discard=async,space_cache=v2,subvolid=256,subvol=/root)
[0;33m[WARN][0m Host mount: /root/personalization (btrfs, rw,seclabel,relatime,compress=zstd:1,ssd,discard=async,space_cache=v2,subvolid=256,subvol=/root)
[0;33m[WARN][0m Host mount: /root/i.ar (btrfs, rw,seclabel,relatime,compress=zstd:1,ssd,discard=async,space_cache=v2,subvolid=256,subvol=/root)
[0;33m[WARN][0m Host mount: /root/.emacs.d/metaconfig (btrfs, rw,seclabel,relatime,compress=zstd:1,ssd,discard=async,space_cache=v2,subvolid=256,subvol=/root)
[0;33m[WARN][0m Host mount: /root/.emacs.d/gptel-fork (btrfs, rw,seclabel,relatime,compress=zstd:1,ssd,discard=async,space_cache=v2,subvolid=256,subvol=/root)
[0;33m[WARN][0m Host mount: /root/i.ar/prompts (btrfs, rw,seclabel,relatime,compress=zstd:1,ssd,discard=async,space_cache=v2,subvolid=256,subvol=/root)

============================================
[0;32m  PREFLIGHT PASSED[0m
============================================
Loading /root/.emacs.d/configs/paths.el (source)...
Loading /root/.emacs.d/configs/predicates.el (source)...
Loading /root/.emacs.d/configs/keybindings.el (source)...
Loading /root/.emacs.d/configs/delimiters.el (source)...
Loading /root/.emacs.d/configs/git.el (source)...
Loading /root/.emacs.d/configs/fork.el (source)...
Loading /root/.emacs.d/configs/delegate.el (source)...
Loading /root/.emacs.d/configs/cycle.el (source)...
Loading /root/.emacs.d/configs/loop-guard.el (source)...
Loading /root/.emacs.d/configs/memory.el (source)...
Loading /root/.emacs.d/configs/file-guard.el (source)...
Loading /root/.emacs.d/configs/tool-limits.el (source)...
Loading /root/.emacs.d/configs/tasks.el (source)...
Loading /root/.emacs.d/configs/mcp.el (source)...
Loading /root/.emacs.d/init.d/shared/iar-utils.el (source)...
Loading /root/.emacs.d/init.d/shared/iar-agent-utils.el (source)...
Loading /root/.emacs.d/init.d/core/iar-locale.el (source)...
Loading /root/.emacs.d/init.d/core/iar-package-setup.el (source)...
Loading /root/.emacs.d/init.d/core/iar-ui-cleanup.el (source)...
Loading /root/.emacs.d/init.d/core/iar-evil-mode.el (source)...
Loading /root/.emacs.d/init.d/core/iar-gptel-setup.el (source)...
[gptel] Using fork from /root/.emacs.d/gptel-fork (overriding ELPA package)
Loading /root/.emacs.d/configs/gptel.el (source)...
Loading /root/.emacs.d/init.d/core/iar-mcp-setup.el (source)...
Loading /root/.emacs.d/init.d/tool-call/iar-malformed-args.el (source)...
Loading /root/.emacs.d/init.d/tool-call/iar-tool-call.el (source)...
[tool-call] Layer installed
Loading /root/.emacs.d/init.d/tool-call/iar-tool-result-timestamp.el (source)...
Loading /root/.emacs.d/init.d/tool-call/iar-tool-result-budget.el (source)...
Loading /root/.emacs.d/init.d/tool-call/iar-request-log.el (source)...
[request-log] Witness installed
Loading /root/.emacs.d/init.d/tool-call/iar-context-fence.el (source)...
Loading /root/.emacs.d/init.d/tool-call/iar-msgs-fence.el (source)...
Loading /root/.emacs.d/init.d/tool-call/iar-request-watchdog.el (source)...
[watchdog] Request watchdog installed
Loading /root/.emacs.d/init.d/tool-call/iar-text-mode-detector.el (source)...
Loading /root/.emacs.d/init.d/agent/iar-prompt-loader.el (source)...
Loading /root/.emacs.d/init.d/core/iar-mount-awareness.el (source)...
Loading /root/.emacs.d/init.d/core/iar-rate-limit.el (source)...
Loading /root/.emacs.d/init.d/security/iar-output-sanitizer.el (source)...
Loading /root/.emacs.d/init.d/security/iar-file-guard.el (source)...
Loading /root/.emacs.d/init.d/security/iar-audit-log.el (source)...
Loading /root/.emacs.d/init.d/security/iar-loop-guard.el (source)...
Loading /root/.emacs.d/init.d/security/iar-loop-guard-chain.el (source)...
Loading /root/.emacs.d/init.d/security/iar-tool-guard.el (source)...
Loading /root/.emacs.d/init.d/security/iar-utf8-scrub.el (source)...
Loading /root/.emacs.d/init.d/tools/filesystem/list_directory.el (source)...
Loading /root/.emacs.d/init.d/tools/filesystem/read_file.el (source)...
Loading /root/.emacs.d/init.d/tools/filesystem/write_file.el (source)...
Loading /root/.emacs.d/init.d/tools/filesystem/append_file.el (source)...
Loading /root/.emacs.d/init.d/tools/code/execute_code_local.el (source)...
Loading /root/.emacs.d/init.d/tools/code/execute_code_remote.el (source)...
Loading /root/.emacs.d/init.d/tools/code/check_elisp.el (source)...
Loading /root/.emacs.d/init.d/tools/tasks/read_task.el (source)...
Loading /root/.emacs.d/init.d/tools/tasks/create_task.el (source)...
Loading /root/.emacs.d/init.d/tools/tasks/write_subtask.el (source)...
Loading /root/.emacs.d/init.d/tools/tasks/remove_task.el (source)...
Loading /root/.emacs.d/init.d/tools/tasks/read_history.el (source)...
Loading /root/.emacs.d/init.d/tools/tasks/read_roadmap.el (source)...
Loading /root/.emacs.d/init.d/tools/tasks/write_roadmap.el (source)...
Loading /root/.emacs.d/init.d/tools/notify/telegram.el (source)...
Loading /root/.emacs.d/init.d/tools/git/git_commit.el (source)...
Loading /root/.emacs.d/init.d/tools/knowledge/read_knowledge.el (source)...
Loading /root/.emacs.d/init.d/agent/iar-project-parser.el (source)...
Loading /root/.emacs.d/init.d/agent/iar-prompt-assembly.el (source)...
Loading /root/.emacs.d/init.d/agent/iar-agent-loader.el (source)...
Loading /root/.emacs.d/init.d/agent/iar-knowledge-loader.el (source)...
Loading /root/.emacs.d/init.d/agent/iar-buffer-info.el (source)...
Loading /root/.emacs.d/init.d/tools/agent/delegate.el (source)...
Loading /root/.emacs.d/init.d/tools/agent/reload_os.el (source)...
Loading /root/.emacs.d/init.d/tools/agent/reload_agent.el (source)...
Loading /root/.emacs.d/init.d/tools/agent/read_own_prompt.el (source)...
Loading /root/.emacs.d/init.d/agent/iar-guidelines-checker.el (source)...
Loading /root/.emacs.d/init.d/agent/iar-agent-cycle.el (source)...
Loading /root/.emacs.d/init.d/debug/iar-status-mode.el (source)...
[status-mode] Installed
Loading /root/.emacs.d/init.d/session/iar-quit.el (source)...
[aria] Starting cycle with 3600s timeout (archetype: aria-cycle, project: iar, cycle: aria_daily)
[assembly] DIGEST [iar/aria] 13307 chars (warn at 12000) -- injected full on every request; diet it
[aria] Assembled prompt: 48940 chars (~12235 tokens), 21 tools
[aria] Sending cycle prompt to aria agent...
Querying Ollama...
[loop-guard-chain] SOFT BLOCK: execute_code_local chained 10 times
[aria] Cycle complete. Turns: 1, Tool calls: 66, Exit: 0
Tokens: 3675467 in / 59030 out / 3734497 total
Requests: 67
[0;32m[INF][2026-09-13 01:12:57][0m Cycle 1 succeeded in 939s (exit 0)

[0;34m[INF][2026-09-13 01:16:54][0m --- Cycle 1/1 ---
Already up to date.
============================================
  Preflight Mount Audit — Emacboros
  2026-09-13T04:16:55Z
============================================

--- Phase 1: /proc/mounts scan ---

--- Phase 2: Writability tests ---
[0;32m[PASS][0m /root/.emacs.d/.git/hooks — does not exist
[0;32m[PASS][0m /var/run/docker.sock — does not exist
[0;32m[PASS][0m /etc/cron.d — does not exist
[0;32m[PASS][0m /var/spool/cron — does not exist
[0;32m[PASS][0m /etc/systemd/system — directory is read-only
[0;32m[PASS][0m /etc/systemd — directory is read-only

--- Phase 3: Capability audit ---
[0;32m[PASS][0m CAP_DAC_OVERRIDE (bit 1) is not set — can bypass file read/write/execute permissions
[0;32m[PASS][0m CAP_SYS_ADMIN (bit 21) is not set — broad system administration (mount, namespaces, etc.)
[0;32m[PASS][0m CAP_SETUID (bit 7) is not set — can change process UID
[0;32m[PASS][0m CAP_SETGID (bit 6) is not set — can change process GID
[0;32m[PASS][0m CAP_MKNOD (bit 27) is not set — can create special device files
[0;32m[PASS][0m CAP_NET_RAW (bit 13) is SET (expected) — can create raw network sockets (needed for nmap/traceroute)
[0;32m[PASS][0m CAP_NET_BIND_SERVICE (bit 10) is SET (expected) — can bind to ports < 1024
[0;32m[PASS][0m CAP_FOWNER (bit 3) is not set — can bypass file ownership checks
[0;32m[PASS][0m CAP_SETFCAP (bit 31) is not set — can set file capabilities

--- Phase 4: Host mount audit ---
Writable real-filesystem mounts:
[0;33m[WARN][0m Host mount: /sys/kernel/security (securityfs, rw,nosuid,nodev,noexec,relatime)
[0;33m[WARN][0m Host mount: /sys/fs/cgroup (cgroup2, rw,seclabel,nosuid,nodev,noexec,relatime,nsdelegate,memory_recursiveprot,memory_hugetlb_accounting)
[0;33m[WARN][0m Host mount: /sys/fs/pstore (pstore, rw,seclabel,nosuid,nodev,noexec,relatime)
[0;33m[WARN][0m Host mount: /sys/firmware/efi/efivars (efivarfs, rw,nosuid,nodev,noexec,relatime)
[0;33m[WARN][0m Host mount: /sys/fs/bpf (bpf, rw,nosuid,nodev,noexec,relatime,mode=700)
[0;33m[WARN][0m Host mount: /sys/kernel/config (configfs, rw,nosuid,nodev,noexec,relatime)
[0;33m[WARN][0m Host mount: /sys/fs/selinux (selinuxfs, rw,nosuid,noexec,relatime)
[0;33m[WARN][0m Host mount: /sys/fs/fuse/connections (fusectl, rw,nosuid,nodev,noexec,relatime)
[0;33m[WARN][0m Host mount: /sys/kernel/debug (debugfs, rw,seclabel,nosuid,nodev,noexec,relatime)
[0;33m[WARN][0m Host mount: /sys/kernel/debug/tracing (tracefs, rw,seclabel,nosuid,nodev,noexec,relatime)
[0;33m[WARN][0m Host mount: /sys/kernel/tracing (tracefs, rw,seclabel,nosuid,nodev,noexec,relatime)
[0;33m[WARN][0m Host mount: /root/.emacs.d (btrfs, rw,seclabel,relatime,compress=zstd:1,ssd,discard=async,space_cache=v2,subvolid=256,subvol=/root)
[0;33m[WARN][0m Host mount: /root/i.ar (btrfs, rw,seclabel,relatime,compress=zstd:1,ssd,discard=async,space_cache=v2,subvolid=256,subvol=/root)
[0;33m[WARN][0m Host mount: /root/personalization (btrfs, rw,seclabel,relatime,compress=zstd:1,ssd,discard=async,space_cache=v2,subvolid=256,subvol=/root)
[0;33m[WARN][0m Host mount: /root/.emacs.d/metaconfig (btrfs, rw,seclabel,relatime,compress=zstd:1,ssd,discard=async,space_cache=v2,subvolid=256,subvol=/root)
[0;33m[WARN][0m Host mount: /root/i.ar/prompts (btrfs, rw,seclabel,relatime,compress=zstd:1,ssd,discard=async,space_cache=v2,subvolid=256,subvol=/root)
[0;33m[WARN][0m Host mount: /root/.emacs.d/gptel-fork (btrfs, rw,seclabel,relatime,compress=zstd:1,ssd,discard=async,space_cache=v2,subvolid=256,subvol=/root)

============================================
[0;32m  PREFLIGHT PASSED[0m
============================================
Loading /root/.emacs.d/configs/paths.el (source)...
Loading /root/.emacs.d/configs/predicates.el (source)...
Loading /root/.emacs.d/configs/keybindings.el (source)...
Loading /root/.emacs.d/configs/delimiters.el (source)...
Loading /root/.emacs.d/configs/git.el (source)...
Loading /root/.emacs.d/configs/fork.el (source)...
Loading /root/.emacs.d/configs/delegate.el (source)...
Loading /root/.emacs.d/configs/cycle.el (source)...
Loading /root/.emacs.d/configs/loop-guard.el (source)...
Loading /root/.emacs.d/configs/memory.el (source)...
Loading /root/.emacs.d/configs/file-guard.el (source)...
Loading /root/.emacs.d/configs/tool-limits.el (source)...
Loading /root/.emacs.d/configs/tasks.el (source)...
Loading /root/.emacs.d/configs/mcp.el (source)...
Loading /root/.emacs.d/init.d/shared/iar-utils.el (source)...
Loading /root/.emacs.d/init.d/shared/iar-agent-utils.el (source)...
Loading /root/.emacs.d/init.d/core/iar-locale.el (source)...
Loading /root/.emacs.d/init.d/core/iar-package-setup.el (source)...
Loading /root/.emacs.d/init.d/core/iar-ui-cleanup.el (source)...
Loading /root/.emacs.d/init.d/core/iar-evil-mode.el (source)...
Loading /root/.emacs.d/init.d/core/iar-gptel-setup.el (source)...
[gptel] Using fork from /root/.emacs.d/gptel-fork (overriding ELPA package)
Loading /root/.emacs.d/configs/gptel.el (source)...
Loading /root/.emacs.d/init.d/core/iar-mcp-setup.el (source)...
Loading /root/.emacs.d/init.d/tool-call/iar-malformed-args.el (source)...
Loading /root/.emacs.d/init.d/tool-call/iar-tool-call.el (source)...
[tool-call] Layer installed
Loading /root/.emacs.d/init.d/tool-call/iar-tool-result-timestamp.el (source)...
Loading /root/.emacs.d/init.d/tool-call/iar-tool-result-budget.el (source)...
Loading /root/.emacs.d/init.d/tool-call/iar-request-log.el (source)...
[request-log] Witness installed
Loading /root/.emacs.d/init.d/tool-call/iar-context-fence.el (source)...
Loading /root/.emacs.d/init.d/tool-call/iar-msgs-fence.el (source)...
Loading /root/.emacs.d/init.d/tool-call/iar-request-watchdog.el (source)...
[watchdog] Request watchdog installed
Loading /root/.emacs.d/init.d/tool-call/iar-text-mode-detector.el (source)...
Loading /root/.emacs.d/init.d/agent/iar-prompt-loader.el (source)...
Loading /root/.emacs.d/init.d/core/iar-mount-awareness.el (source)...
Loading /root/.emacs.d/init.d/core/iar-rate-limit.el (source)...
Loading /root/.emacs.d/init.d/security/iar-output-sanitizer.el (source)...
Loading /root/.emacs.d/init.d/security/iar-file-guard.el (source)...
Loading /root/.emacs.d/init.d/security/iar-audit-log.el (source)...
Loading /root/.emacs.d/init.d/security/iar-loop-guard.el (source)...
Loading /root/.emacs.d/init.d/security/iar-loop-guard-chain.el (source)...
Loading /root/.emacs.d/init.d/security/iar-tool-guard.el (source)...
Loading /root/.emacs.d/init.d/security/iar-utf8-scrub.el (source)...
Loading /root/.emacs.d/init.d/tools/filesystem/list_directory.el (source)...
Loading /root/.emacs.d/init.d/tools/filesystem/read_file.el (source)...
Loading /root/.emacs.d/init.d/tools/filesystem/write_file.el (source)...
Loading /root/.emacs.d/init.d/tools/filesystem/append_file.el (source)...
Loading /root/.emacs.d/init.d/tools/code/execute_code_local.el (source)...
Loading /root/.emacs.d/init.d/tools/code/execute_code_remote.el (source)...
Loading /root/.emacs.d/init.d/tools/code/check_elisp.el (source)...
Loading /root/.emacs.d/init.d/tools/tasks/read_task.el (source)...
Loading /root/.emacs.d/init.d/tools/tasks/create_task.el (source)...
Loading /root/.emacs.d/init.d/tools/tasks/write_subtask.el (source)...
Loading /root/.emacs.d/init.d/tools/tasks/remove_task.el (source)...
Loading /root/.emacs.d/init.d/tools/tasks/read_history.el (source)...
Loading /root/.emacs.d/init.d/tools/tasks/read_roadmap.el (source)...
Loading /root/.emacs.d/init.d/tools/tasks/write_roadmap.el (source)...
Loading /root/.emacs.d/init.d/tools/notify/telegram.el (source)...
Loading /root/.emacs.d/init.d/tools/git/git_commit.el (source)...
Loading /root/.emacs.d/init.d/tools/knowledge/read_knowledge.el (source)...
Loading /root/.emacs.d/init.d/agent/iar-project-parser.el (source)...
Loading /root/.emacs.d/init.d/agent/iar-prompt-assembly.el (source)...
Loading /root/.emacs.d/init.d/agent/iar-agent-loader.el (source)...
Loading /root/.emacs.d/init.d/agent/iar-knowledge-loader.el (source)...
Loading /root/.emacs.d/init.d/agent/iar-buffer-info.el (source)...
Loading /root/.emacs.d/init.d/tools/agent/delegate.el (source)...
Loading /root/.emacs.d/init.d/tools/agent/reload_os.el (source)...
Loading /root/.emacs.d/init.d/tools/agent/reload_agent.el (source)...
Loading /root/.emacs.d/init.d/tools/agent/read_own_prompt.el (source)...
Loading /root/.emacs.d/init.d/agent/iar-guidelines-checker.el (source)...
Loading /root/.emacs.d/init.d/agent/iar-agent-cycle.el (source)...
Loading /root/.emacs.d/init.d/debug/iar-status-mode.el (source)...
[status-mode] Installed
Loading /root/.emacs.d/init.d/session/iar-quit.el (source)...
[aria] Starting cycle with 3600s timeout (archetype: aria-cycle, project: iar, cycle: aria_daily)
[assembly] DIGEST [iar/aria] 13307 chars (warn at 12000) -- injected full on every request; diet it
[aria] Assembled prompt: 49001 chars (~12250 tokens), 21 tools
[aria] Sending cycle prompt to aria agent...
Querying Ollama...
[aria] Cycle complete. Turns: 1, Tool calls: 60, Exit: 0
Tokens: 2292157 in / 70343 out / 2362500 total
Requests: 61
[0;32m[INF][2026-09-13 01:31:57][0m Cycle 1 succeeded in 903s (exit 0)

[0;34m[INF][2026-09-13 01:40:30][0m --- Cycle 1/1 ---
Already up to date.
============================================
  Preflight Mount Audit — Emacboros
  2026-09-13T04:40:30Z
============================================

--- Phase 1: /proc/mounts scan ---

--- Phase 2: Writability tests ---
[0;32m[PASS][0m /root/.emacs.d/.git/hooks — does not exist
[0;32m[PASS][0m /var/run/docker.sock — does not exist
[0;32m[PASS][0m /etc/cron.d — does not exist
[0;32m[PASS][0m /var/spool/cron — does not exist
[0;32m[PASS][0m /etc/systemd/system — directory is read-only
[0;32m[PASS][0m /etc/systemd — directory is read-only

--- Phase 3: Capability audit ---
[0;32m[PASS][0m CAP_DAC_OVERRIDE (bit 1) is not set — can bypass file read/write/execute permissions
[0;32m[PASS][0m CAP_SYS_ADMIN (bit 21) is not set — broad system administration (mount, namespaces, etc.)
[0;32m[PASS][0m CAP_SETUID (bit 7) is not set — can change process UID
[0;32m[PASS][0m CAP_SETGID (bit 6) is not set — can change process GID
[0;32m[PASS][0m CAP_MKNOD (bit 27) is not set — can create special device files
[0;32m[PASS][0m CAP_NET_RAW (bit 13) is SET (expected) — can create raw network sockets (needed for nmap/traceroute)
[0;32m[PASS][0m CAP_NET_BIND_SERVICE (bit 10) is SET (expected) — can bind to ports < 1024
[0;32m[PASS][0m CAP_FOWNER (bit 3) is not set — can bypass file ownership checks
[0;32m[PASS][0m CAP_SETFCAP (bit 31) is not set — can set file capabilities

--- Phase 4: Host mount audit ---
Writable real-filesystem mounts:
[0;33m[WARN][0m Host mount: /sys/kernel/security (securityfs, rw,nosuid,nodev,noexec,relatime)
[0;33m[WARN][0m Host mount: /sys/fs/cgroup (cgroup2, rw,seclabel,nosuid,nodev,noexec,relatime,nsdelegate,memory_recursiveprot,memory_hugetlb_accounting)
[0;33m[WARN][0m Host mount: /sys/fs/pstore (pstore, rw,seclabel,nosuid,nodev,noexec,relatime)
[0;33m[WARN][0m Host mount: /sys/firmware/efi/efivars (efivarfs, rw,nosuid,nodev,noexec,relatime)
[0;33m[WARN][0m Host mount: /sys/fs/bpf (bpf, rw,nosuid,nodev,noexec,relatime,mode=700)
[0;33m[WARN][0m Host mount: /sys/kernel/config (configfs, rw,nosuid,nodev,noexec,relatime)
[0;33m[WARN][0m Host mount: /sys/fs/selinux (selinuxfs, rw,nosuid,noexec,relatime)
[0;33m[WARN][0m Host mount: /sys/fs/fuse/connections (fusectl, rw,nosuid,nodev,noexec,relatime)
[0;33m[WARN][0m Host mount: /sys/kernel/debug (debugfs, rw,seclabel,nosuid,nodev,noexec,relatime)
[0;33m[WARN][0m Host mount: /sys/kernel/debug/tracing (tracefs, rw,seclabel,nosuid,nodev,noexec,relatime)
[0;33m[WARN][0m Host mount: /sys/kernel/tracing (tracefs, rw,seclabel,nosuid,nodev,noexec,relatime)
[0;33m[WARN][0m Host mount: /root/i.ar (btrfs, rw,seclabel,relatime,compress=zstd:1,ssd,discard=async,space_cache=v2,subvolid=256,subvol=/root)
[0;33m[WARN][0m Host mount: /root/personalization (btrfs, rw,seclabel,relatime,compress=zstd:1,ssd,discard=async,space_cache=v2,subvolid=256,subvol=/root)
[0;33m[WARN][0m Host mount: /root/.emacs.d (btrfs, rw,seclabel,relatime,compress=zstd:1,ssd,discard=async,space_cache=v2,subvolid=256,subvol=/root)
[0;33m[WARN][0m Host mount: /root/.emacs.d/metaconfig (btrfs, rw,seclabel,relatime,compress=zstd:1,ssd,discard=async,space_cache=v2,subvolid=256,subvol=/root)
[0;33m[WARN][0m Host mount: /root/.emacs.d/gptel-fork (btrfs, rw,seclabel,relatime,compress=zstd:1,ssd,discard=async,space_cache=v2,subvolid=256,subvol=/root)
[0;33m[WARN][0m Host mount: /root/i.ar/prompts (btrfs, rw,seclabel,relatime,compress=zstd:1,ssd,discard=async,space_cache=v2,subvolid=256,subvol=/root)

============================================
[0;32m  PREFLIGHT PASSED[0m
============================================
Loading /root/.emacs.d/configs/paths.el (source)...
Loading /root/.emacs.d/configs/predicates.el (source)...
Loading /root/.emacs.d/configs/keybindings.el (source)...
Loading /root/.emacs.d/configs/delimiters.el (source)...
Loading /root/.emacs.d/configs/git.el (source)...
Loading /root/.emacs.d/configs/fork.el (source)...
Loading /root/.emacs.d/configs/delegate.el (source)...
Loading /root/.emacs.d/configs/cycle.el (source)...
Loading /root/.emacs.d/configs/loop-guard.el (source)...
Loading /root/.emacs.d/configs/memory.el (source)...
Loading /root/.emacs.d/configs/file-guard.el (source)...
Loading /root/.emacs.d/configs/tool-limits.el (source)...
Loading /root/.emacs.d/configs/tasks.el (source)...
Loading /root/.emacs.d/configs/mcp.el (source)...
Loading /root/.emacs.d/init.d/shared/iar-utils.el (source)...
Loading /root/.emacs.d/init.d/shared/iar-agent-utils.el (source)...
Loading /root/.emacs.d/init.d/core/iar-locale.el (source)...
Loading /root/.emacs.d/init.d/core/iar-package-setup.el (source)...
Loading /root/.emacs.d/init.d/core/iar-ui-cleanup.el (source)...
Loading /root/.emacs.d/init.d/core/iar-evil-mode.el (source)...
Loading /root/.emacs.d/init.d/core/iar-gptel-setup.el (source)...
[gptel] Using fork from /root/.emacs.d/gptel-fork (overriding ELPA package)
Loading /root/.emacs.d/configs/gptel.el (source)...
Loading /root/.emacs.d/init.d/core/iar-mcp-setup.el (source)...
Loading /root/.emacs.d/init.d/tool-call/iar-malformed-args.el (source)...
Loading /root/.emacs.d/init.d/tool-call/iar-tool-call.el (source)...
[tool-call] Layer installed
Loading /root/.emacs.d/init.d/tool-call/iar-tool-result-timestamp.el (source)...
Loading /root/.emacs.d/init.d/tool-call/iar-tool-result-budget.el (source)...
Loading /root/.emacs.d/init.d/tool-call/iar-request-log.el (source)...
[request-log] Witness installed
Loading /root/.emacs.d/init.d/tool-call/iar-context-fence.el (source)...
Loading /root/.emacs.d/init.d/tool-call/iar-msgs-fence.el (source)...
Loading /root/.emacs.d/init.d/tool-call/iar-request-watchdog.el (source)...
[watchdog] Request watchdog installed
Loading /root/.emacs.d/init.d/tool-call/iar-text-mode-detector.el (source)...
Loading /root/.emacs.d/init.d/agent/iar-prompt-loader.el (source)...
Loading /root/.emacs.d/init.d/core/iar-mount-awareness.el (source)...
Loading /root/.emacs.d/init.d/core/iar-rate-limit.el (source)...
Loading /root/.emacs.d/init.d/security/iar-output-sanitizer.el (source)...
Loading /root/.emacs.d/init.d/security/iar-file-guard.el (source)...
Loading /root/.emacs.d/init.d/security/iar-audit-log.el (source)...
Loading /root/.emacs.d/init.d/security/iar-loop-guard.el (source)...
Loading /root/.emacs.d/init.d/security/iar-loop-guard-chain.el (source)...
Loading /root/.emacs.d/init.d/security/iar-tool-guard.el (source)...
Loading /root/.emacs.d/init.d/security/iar-utf8-scrub.el (source)...
Loading /root/.emacs.d/init.d/tools/filesystem/list_directory.el (source)...
Loading /root/.emacs.d/init.d/tools/filesystem/read_file.el (source)...
Loading /root/.emacs.d/init.d/tools/filesystem/write_file.el (source)...
Loading /root/.emacs.d/init.d/tools/filesystem/append_file.el (source)...
Loading /root/.emacs.d/init.d/tools/code/execute_code_local.el (source)...
Loading /root/.emacs.d/init.d/tools/code/execute_code_remote.el (source)...
Loading /root/.emacs.d/init.d/tools/code/check_elisp.el (source)...
Loading /root/.emacs.d/init.d/tools/tasks/read_task.el (source)...
Loading /root/.emacs.d/init.d/tools/tasks/create_task.el (source)...
Loading /root/.emacs.d/init.d/tools/tasks/write_subtask.el (source)...
Loading /root/.emacs.d/init.d/tools/tasks/remove_task.el (source)...
Loading /root/.emacs.d/init.d/tools/tasks/read_history.el (source)...
Loading /root/.emacs.d/init.d/tools/tasks/read_roadmap.el (source)...
Loading /root/.emacs.d/init.d/tools/tasks/write_roadmap.el (source)...
Loading /root/.emacs.d/init.d/tools/notify/telegram.el (source)...
Loading /root/.emacs.d/init.d/tools/git/git_commit.el (source)...
Loading /root/.emacs.d/init.d/tools/knowledge/read_knowledge.el (source)...
Loading /root/.emacs.d/init.d/agent/iar-project-parser.el (source)...
Loading /root/.emacs.d/init.d/agent/iar-prompt-assembly.el (source)...
Loading /root/.emacs.d/init.d/agent/iar-agent-loader.el (source)...
Loading /root/.emacs.d/init.d/agent/iar-knowledge-loader.el (source)...
Loading /root/.emacs.d/init.d/agent/iar-buffer-info.el (source)...
Loading /root/.emacs.d/init.d/tools/agent/delegate.el (source)...
Loading /root/.emacs.d/init.d/tools/agent/reload_os.el (source)...
Loading /root/.emacs.d/init.d/tools/agent/reload_agent.el (source)...
Loading /root/.emacs.d/init.d/tools/agent/read_own_prompt.el (source)...
Loading /root/.emacs.d/init.d/agent/iar-guidelines-checker.el (source)...
Loading /root/.emacs.d/init.d/agent/iar-agent-cycle.el (source)...
Loading /root/.emacs.d/init.d/debug/iar-status-mode.el (source)...
[status-mode] Installed
Loading /root/.emacs.d/init.d/session/iar-quit.el (source)...
[aria] Starting cycle with 3600s timeout (archetype: aria-cycle, project: iar, cycle: aria_daily)
[assembly] DIGEST [iar/aria] 13307 chars (warn at 12000) -- injected full on every request; diet it
[aria] Assembled prompt: 49167 chars (~12291 tokens), 21 tools
[aria] Sending cycle prompt to aria agent...
Querying Ollama...
[aria] Cycle complete. Turns: 1, Tool calls: 27, Exit: 0
Tokens: 797809 in / 32551 out / 830360 total
Requests: 28
[0;32m[INF][2026-09-13 01:46:44][0m Cycle 1 succeeded in 374s (exit 0)

[0;34m[INF][2026-09-13 01:53:54][0m --- Cycle 1/1 ---
Already up to date.
============================================
  Preflight Mount Audit — Emacboros
  2026-09-13T04:53:54Z
============================================

--- Phase 1: /proc/mounts scan ---

--- Phase 2: Writability tests ---
[0;32m[PASS][0m /root/.emacs.d/.git/hooks — does not exist
[0;32m[PASS][0m /var/run/docker.sock — does not exist
[0;32m[PASS][0m /etc/cron.d — does not exist
[0;32m[PASS][0m /var/spool/cron — does not exist
[0;32m[PASS][0m /etc/systemd/system — directory is read-only
[0;32m[PASS][0m /etc/systemd — directory is read-only

--- Phase 3: Capability audit ---
[0;32m[PASS][0m CAP_DAC_OVERRIDE (bit 1) is not set — can bypass file read/write/execute permissions
[0;32m[PASS][0m CAP_SYS_ADMIN (bit 21) is not set — broad system administration (mount, namespaces, etc.)
[0;32m[PASS][0m CAP_SETUID (bit 7) is not set — can change process UID
[0;32m[PASS][0m CAP_SETGID (bit 6) is not set — can change process GID
[0;32m[PASS][0m CAP_MKNOD (bit 27) is not set — can create special device files
[0;32m[PASS][0m CAP_NET_RAW (bit 13) is SET (expected) — can create raw network sockets (needed for nmap/traceroute)
[0;32m[PASS][0m CAP_NET_BIND_SERVICE (bit 10) is SET (expected) — can bind to ports < 1024
[0;32m[PASS][0m CAP_FOWNER (bit 3) is not set — can bypass file ownership checks
[0;32m[PASS][0m CAP_SETFCAP (bit 31) is not set — can set file capabilities

--- Phase 4: Host mount audit ---
Writable real-filesystem mounts:
[0;33m[WARN][0m Host mount: /sys/kernel/security (securityfs, rw,nosuid,nodev,noexec,relatime)
[0;33m[WARN][0m Host mount: /sys/fs/cgroup (cgroup2, rw,seclabel,nosuid,nodev,noexec,relatime,nsdelegate,memory_recursiveprot,memory_hugetlb_accounting)
[0;33m[WARN][0m Host mount: /sys/fs/pstore (pstore, rw,seclabel,nosuid,nodev,noexec,relatime)
[0;33m[WARN][0m Host mount: /sys/firmware/efi/efivars (efivarfs, rw,nosuid,nodev,noexec,relatime)
[0;33m[WARN][0m Host mount: /sys/fs/bpf (bpf, rw,nosuid,nodev,noexec,relatime,mode=700)
[0;33m[WARN][0m Host mount: /sys/kernel/config (configfs, rw,nosuid,nodev,noexec,relatime)
[0;33m[WARN][0m Host mount: /sys/fs/selinux (selinuxfs, rw,nosuid,noexec,relatime)
[0;33m[WARN][0m Host mount: /sys/fs/fuse/connections (fusectl, rw,nosuid,nodev,noexec,relatime)
[0;33m[WARN][0m Host mount: /sys/kernel/debug (debugfs, rw,seclabel,nosuid,nodev,noexec,relatime)
[0;33m[WARN][0m Host mount: /sys/kernel/debug/tracing (tracefs, rw,seclabel,nosuid,nodev,noexec,relatime)
[0;33m[WARN][0m Host mount: /sys/kernel/tracing (tracefs, rw,seclabel,nosuid,nodev,noexec,relatime)
[0;33m[WARN][0m Host mount: /root/.emacs.d (btrfs, rw,seclabel,relatime,compress=zstd:1,ssd,discard=async,space_cache=v2,subvolid=256,subvol=/root)
[0;33m[WARN][0m Host mount: /root/i.ar (btrfs, rw,seclabel,relatime,compress=zstd:1,ssd,discard=async,space_cache=v2,subvolid=256,subvol=/root)
[0;33m[WARN][0m Host mount: /root/personalization (btrfs, rw,seclabel,relatime,compress=zstd:1,ssd,discard=async,space_cache=v2,subvolid=256,subvol=/root)
[0;33m[WARN][0m Host mount: /root/i.ar/prompts (btrfs, rw,seclabel,relatime,compress=zstd:1,ssd,discard=async,space_cache=v2,subvolid=256,subvol=/root)
[0;33m[WARN][0m Host mount: /root/.emacs.d/gptel-fork (btrfs, rw,seclabel,relatime,compress=zstd:1,ssd,discard=async,space_cache=v2,subvolid=256,subvol=/root)
[0;33m[WARN][0m Host mount: /root/.emacs.d/metaconfig (btrfs, rw,seclabel,relatime,compress=zstd:1,ssd,discard=async,space_cache=v2,subvolid=256,subvol=/root)

============================================
[0;32m  PREFLIGHT PASSED[0m
============================================
Loading /root/.emacs.d/configs/paths.el (source)...
Loading /root/.emacs.d/configs/predicates.el (source)...
Loading /root/.emacs.d/configs/keybindings.el (source)...
Loading /root/.emacs.d/configs/delimiters.el (source)...
Loading /root/.emacs.d/configs/git.el (source)...
Loading /root/.emacs.d/configs/fork.el (source)...
Loading /root/.emacs.d/configs/delegate.el (source)...
Loading /root/.emacs.d/configs/cycle.el (source)...
Loading /root/.emacs.d/configs/loop-guard.el (source)...
Loading /root/.emacs.d/configs/memory.el (source)...
Loading /root/.emacs.d/configs/file-guard.el (source)...
Loading /root/.emacs.d/configs/tool-limits.el (source)...
Loading /root/.emacs.d/configs/tasks.el (source)...
Loading /root/.emacs.d/configs/mcp.el (source)...
Loading /root/.emacs.d/init.d/shared/iar-utils.el (source)...
Loading /root/.emacs.d/init.d/shared/iar-agent-utils.el (source)...
Loading /root/.emacs.d/init.d/core/iar-locale.el (source)...
Loading /root/.emacs.d/init.d/core/iar-package-setup.el (source)...
Loading /root/.emacs.d/init.d/core/iar-ui-cleanup.el (source)...
Loading /root/.emacs.d/init.d/core/iar-evil-mode.el (source)...
Loading /root/.emacs.d/init.d/core/iar-gptel-setup.el (source)...
[gptel] Using fork from /root/.emacs.d/gptel-fork (overriding ELPA package)
Loading /root/.emacs.d/configs/gptel.el (source)...
Loading /root/.emacs.d/init.d/core/iar-mcp-setup.el (source)...
Loading /root/.emacs.d/init.d/tool-call/iar-malformed-args.el (source)...
Loading /root/.emacs.d/init.d/tool-call/iar-tool-call.el (source)...
[tool-call] Layer installed
Loading /root/.emacs.d/init.d/tool-call/iar-tool-result-timestamp.el (source)...
Loading /root/.emacs.d/init.d/tool-call/iar-tool-result-budget.el (source)...
Loading /root/.emacs.d/init.d/tool-call/iar-request-log.el (source)...
[request-log] Witness installed
Loading /root/.emacs.d/init.d/tool-call/iar-context-fence.el (source)...
Loading /root/.emacs.d/init.d/tool-call/iar-msgs-fence.el (source)...
Loading /root/.emacs.d/init.d/tool-call/iar-request-watchdog.el (source)...
[watchdog] Request watchdog installed
Loading /root/.emacs.d/init.d/tool-call/iar-text-mode-detector.el (source)...
Loading /root/.emacs.d/init.d/agent/iar-prompt-loader.el (source)...
Loading /root/.emacs.d/init.d/core/iar-mount-awareness.el (source)...
Loading /root/.emacs.d/init.d/core/iar-rate-limit.el (source)...
Loading /root/.emacs.d/init.d/security/iar-output-sanitizer.el (source)...
Loading /root/.emacs.d/init.d/security/iar-file-guard.el (source)...
Loading /root/.emacs.d/init.d/security/iar-audit-log.el (source)...
Loading /root/.emacs.d/init.d/security/iar-loop-guard.el (source)...
Loading /root/.emacs.d/init.d/security/iar-loop-guard-chain.el (source)...
Loading /root/.emacs.d/init.d/security/iar-tool-guard.el (source)...
Loading /root/.emacs.d/init.d/security/iar-utf8-scrub.el (source)...
Loading /root/.emacs.d/init.d/tools/filesystem/list_directory.el (source)...
Loading /root/.emacs.d/init.d/tools/filesystem/read_file.el (source)...
Loading /root/.emacs.d/init.d/tools/filesystem/write_file.el (source)...
Loading /root/.emacs.d/init.d/tools/filesystem/append_file.el (source)...
Loading /root/.emacs.d/init.d/tools/code/execute_code_local.el (source)...
Loading /root/.emacs.d/init.d/tools/code/execute_code_remote.el (source)...
Loading /root/.emacs.d/init.d/tools/code/check_elisp.el (source)...
Loading /root/.emacs.d/init.d/tools/tasks/read_task.el (source)...
Loading /root/.emacs.d/init.d/tools/tasks/create_task.el (source)...
Loading /root/.emacs.d/init.d/tools/tasks/write_subtask.el (source)...
Loading /root/.emacs.d/init.d/tools/tasks/remove_task.el (source)...
Loading /root/.emacs.d/init.d/tools/tasks/read_history.el (source)...
Loading /root/.emacs.d/init.d/tools/tasks/read_roadmap.el (source)...
Loading /root/.emacs.d/init.d/tools/tasks/write_roadmap.el (source)...
Loading /root/.emacs.d/init.d/tools/notify/telegram.el (source)...
Loading /root/.emacs.d/init.d/tools/git/git_commit.el (source)...
Loading /root/.emacs.d/init.d/tools/knowledge/read_knowledge.el (source)...
Loading /root/.emacs.d/init.d/agent/iar-project-parser.el (source)...
Loading /root/.emacs.d/init.d/agent/iar-prompt-assembly.el (source)...
Loading /root/.emacs.d/init.d/agent/iar-agent-loader.el (source)...
Loading /root/.emacs.d/init.d/agent/iar-knowledge-loader.el (source)...
Loading /root/.emacs.d/init.d/agent/iar-buffer-info.el (source)...
Loading /root/.emacs.d/init.d/tools/agent/delegate.el (source)...
Loading /root/.emacs.d/init.d/tools/agent/reload_os.el (source)...
Loading /root/.emacs.d/init.d/tools/agent/reload_agent.el (source)...
Loading /root/.emacs.d/init.d/tools/agent/read_own_prompt.el (source)...
Loading /root/.emacs.d/init.d/agent/iar-guidelines-checker.el (source)...
Loading /root/.emacs.d/init.d/agent/iar-agent-cycle.el (source)...
Loading /root/.emacs.d/init.d/debug/iar-status-mode.el (source)...
[status-mode] Installed
Loading /root/.emacs.d/init.d/session/iar-quit.el (source)...
[aria] Starting cycle with 3600s timeout (archetype: aria-cycle, project: iar, cycle: aria_daily)
[assembly] DIGEST [iar/aria] 13307 chars (warn at 12000) -- injected full on every request; diet it
[aria] Assembled prompt: 48889 chars (~12222 tokens), 21 tools
[aria] Sending cycle prompt to aria agent...
Querying Ollama...
[aria] Same-tool warning: 100 calls to execute_code_local this cycle -- one call blocked with notice
[aria] Cycle complete. Turns: 1, Tool calls: 122, Exit: 0
Tokens: 9210981 in / 67769 out / 9278750 total
Requests: 123
[0;32m[INF][2026-09-13 02:12:36][0m Cycle 1 succeeded in 1122s (exit 0)

[0;34m[INF][2026-09-13 02:15:43][0m --- Cycle 1/1 ---
Already up to date.
============================================
  Preflight Mount Audit — Emacboros
  2026-09-13T05:15:43Z
============================================

--- Phase 1: /proc/mounts scan ---

--- Phase 2: Writability tests ---
[0;32m[PASS][0m /root/.emacs.d/.git/hooks — does not exist
[0;32m[PASS][0m /var/run/docker.sock — does not exist
[0;32m[PASS][0m /etc/cron.d — does not exist
[0;32m[PASS][0m /var/spool/cron — does not exist
[0;32m[PASS][0m /etc/systemd/system — directory is read-only
[0;32m[PASS][0m /etc/systemd — directory is read-only

--- Phase 3: Capability audit ---
[0;32m[PASS][0m CAP_DAC_OVERRIDE (bit 1) is not set — can bypass file read/write/execute permissions
[0;32m[PASS][0m CAP_SYS_ADMIN (bit 21) is not set — broad system administration (mount, namespaces, etc.)
[0;32m[PASS][0m CAP_SETUID (bit 7) is not set — can change process UID
[0;32m[PASS][0m CAP_SETGID (bit 6) is not set — can change process GID
[0;32m[PASS][0m CAP_MKNOD (bit 27) is not set — can create special device files
[0;32m[PASS][0m CAP_NET_RAW (bit 13) is SET (expected) — can create raw network sockets (needed for nmap/traceroute)
[0;32m[PASS][0m CAP_NET_BIND_SERVICE (bit 10) is SET (expected) — can bind to ports < 1024
[0;32m[PASS][0m CAP_FOWNER (bit 3) is not set — can bypass file ownership checks
[0;32m[PASS][0m CAP_SETFCAP (bit 31) is not set — can set file capabilities

--- Phase 4: Host mount audit ---
Writable real-filesystem mounts:
[0;33m[WARN][0m Host mount: /sys/kernel/security (securityfs, rw,nosuid,nodev,noexec,relatime)
[0;33m[WARN][0m Host mount: /sys/fs/cgroup (cgroup2, rw,seclabel,nosuid,nodev,noexec,relatime,nsdelegate,memory_recursiveprot,memory_hugetlb_accounting)
[0;33m[WARN][0m Host mount: /sys/fs/pstore (pstore, rw,seclabel,nosuid,nodev,noexec,relatime)
[0;33m[WARN][0m Host mount: /sys/firmware/efi/efivars (efivarfs, rw,nosuid,nodev,noexec,relatime)
[0;33m[WARN][0m Host mount: /sys/fs/bpf (bpf, rw,nosuid,nodev,noexec,relatime,mode=700)
[0;33m[WARN][0m Host mount: /sys/kernel/config (configfs, rw,nosuid,nodev,noexec,relatime)
[0;33m[WARN][0m Host mount: /sys/fs/selinux (selinuxfs, rw,nosuid,noexec,relatime)
[0;33m[WARN][0m Host mount: /sys/fs/fuse/connections (fusectl, rw,nosuid,nodev,noexec,relatime)
[0;33m[WARN][0m Host mount: /sys/kernel/debug (debugfs, rw,seclabel,nosuid,nodev,noexec,relatime)
[0;33m[WARN][0m Host mount: /sys/kernel/debug/tracing (tracefs, rw,seclabel,nosuid,nodev,noexec,relatime)
[0;33m[WARN][0m Host mount: /sys/kernel/tracing (tracefs, rw,seclabel,nosuid,nodev,noexec,relatime)
[0;33m[WARN][0m Host mount: /root/i.ar (btrfs, rw,seclabel,relatime,compress=zstd:1,ssd,discard=async,space_cache=v2,subvolid=256,subvol=/root)
[0;33m[WARN][0m Host mount: /root/personalization (btrfs, rw,seclabel,relatime,compress=zstd:1,ssd,discard=async,space_cache=v2,subvolid=256,subvol=/root)
[0;33m[WARN][0m Host mount: /root/.emacs.d (btrfs, rw,seclabel,relatime,compress=zstd:1,ssd,discard=async,space_cache=v2,subvolid=256,subvol=/root)
[0;33m[WARN][0m Host mount: /root/.emacs.d/gptel-fork (btrfs, rw,seclabel,relatime,compress=zstd:1,ssd,discard=async,space_cache=v2,subvolid=256,subvol=/root)
[0;33m[WARN][0m Host mount: /root/i.ar/prompts (btrfs, rw,seclabel,relatime,compress=zstd:1,ssd,discard=async,space_cache=v2,subvolid=256,subvol=/root)
[0;33m[WARN][0m Host mount: /root/.emacs.d/metaconfig (btrfs, rw,seclabel,relatime,compress=zstd:1,ssd,discard=async,space_cache=v2,subvolid=256,subvol=/root)

============================================
[0;32m  PREFLIGHT PASSED[0m
============================================
Loading /root/.emacs.d/configs/paths.el (source)...
Loading /root/.emacs.d/configs/predicates.el (source)...
Loading /root/.emacs.d/configs/keybindings.el (source)...
Loading /root/.emacs.d/configs/delimiters.el (source)...
Loading /root/.emacs.d/configs/git.el (source)...
Loading /root/.emacs.d/configs/fork.el (source)...
Loading /root/.emacs.d/configs/delegate.el (source)...
Loading /root/.emacs.d/configs/cycle.el (source)...
Loading /root/.emacs.d/configs/loop-guard.el (source)...
Loading /root/.emacs.d/configs/memory.el (source)...
Loading /root/.emacs.d/configs/file-guard.el (source)...
Loading /root/.emacs.d/configs/tool-limits.el (source)...
Loading /root/.emacs.d/configs/tasks.el (source)...
Loading /root/.emacs.d/configs/mcp.el (source)...
Loading /root/.emacs.d/init.d/shared/iar-utils.el (source)...
Loading /root/.emacs.d/init.d/shared/iar-agent-utils.el (source)...
Loading /root/.emacs.d/init.d/core/iar-locale.el (source)...
Loading /root/.emacs.d/init.d/core/iar-package-setup.el (source)...
Loading /root/.emacs.d/init.d/core/iar-ui-cleanup.el (source)...
Loading /root/.emacs.d/init.d/core/iar-evil-mode.el (source)...
Loading /root/.emacs.d/init.d/core/iar-gptel-setup.el (source)...
[gptel] Using fork from /root/.emacs.d/gptel-fork (overriding ELPA package)
Loading /root/.emacs.d/configs/gptel.el (source)...
Loading /root/.emacs.d/init.d/core/iar-mcp-setup.el (source)...
Loading /root/.emacs.d/init.d/tool-call/iar-malformed-args.el (source)...
Loading /root/.emacs.d/init.d/tool-call/iar-tool-call.el (source)...
[tool-call] Layer installed
Loading /root/.emacs.d/init.d/tool-call/iar-tool-result-timestamp.el (source)...
Loading /root/.emacs.d/init.d/tool-call/iar-tool-result-budget.el (source)...
Loading /root/.emacs.d/init.d/tool-call/iar-request-log.el (source)...
[request-log] Witness installed
Loading /root/.emacs.d/init.d/tool-call/iar-context-fence.el (source)...
Loading /root/.emacs.d/init.d/tool-call/iar-msgs-fence.el (source)...
Loading /root/.emacs.d/init.d/tool-call/iar-request-watchdog.el (source)...
[watchdog] Request watchdog installed
Loading /root/.emacs.d/init.d/tool-call/iar-text-mode-detector.el (source)...
Loading /root/.emacs.d/init.d/agent/iar-prompt-loader.el (source)...
Loading /root/.emacs.d/init.d/core/iar-mount-awareness.el (source)...
Loading /root/.emacs.d/init.d/core/iar-rate-limit.el (source)...
Loading /root/.emacs.d/init.d/security/iar-output-sanitizer.el (source)...
Loading /root/.emacs.d/init.d/security/iar-file-guard.el (source)...
Loading /root/.emacs.d/init.d/security/iar-audit-log.el (source)...
Loading /root/.emacs.d/init.d/security/iar-loop-guard.el (source)...
Loading /root/.emacs.d/init.d/security/iar-loop-guard-chain.el (source)...
Loading /root/.emacs.d/init.d/security/iar-tool-guard.el (source)...
Loading /root/.emacs.d/init.d/security/iar-utf8-scrub.el (source)...
Loading /root/.emacs.d/init.d/tools/filesystem/list_directory.el (source)...
Loading /root/.emacs.d/init.d/tools/filesystem/read_file.el (source)...
Loading /root/.emacs.d/init.d/tools/filesystem/write_file.el (source)...
Loading /root/.emacs.d/init.d/tools/filesystem/append_file.el (source)...
Loading /root/.emacs.d/init.d/tools/code/execute_code_local.el (source)...
Loading /root/.emacs.d/init.d/tools/code/execute_code_remote.el (source)...
Loading /root/.emacs.d/init.d/tools/code/check_elisp.el (source)...
Loading /root/.emacs.d/init.d/tools/tasks/read_task.el (source)...
Loading /root/.emacs.d/init.d/tools/tasks/create_task.el (source)...
Loading /root/.emacs.d/init.d/tools/tasks/write_subtask.el (source)...
Loading /root/.emacs.d/init.d/tools/tasks/remove_task.el (source)...
Loading /root/.emacs.d/init.d/tools/tasks/read_history.el (source)...
Loading /root/.emacs.d/init.d/tools/tasks/read_roadmap.el (source)...
Loading /root/.emacs.d/init.d/tools/tasks/write_roadmap.el (source)...
Loading /root/.emacs.d/init.d/tools/notify/telegram.el (source)...
Loading /root/.emacs.d/init.d/tools/git/git_commit.el (source)...
Loading /root/.emacs.d/init.d/tools/knowledge/read_knowledge.el (source)...
Loading /root/.emacs.d/init.d/agent/iar-project-parser.el (source)...
Loading /root/.emacs.d/init.d/agent/iar-prompt-assembly.el (source)...
Loading /root/.emacs.d/init.d/agent/iar-agent-loader.el (source)...
Loading /root/.emacs.d/init.d/agent/iar-knowledge-loader.el (source)...
Loading /root/.emacs.d/init.d/agent/iar-buffer-info.el (source)...
Loading /root/.emacs.d/init.d/tools/agent/delegate.el (source)...
Loading /root/.emacs.d/init.d/tools/agent/reload_os.el (source)...
Loading /root/.emacs.d/init.d/tools/agent/reload_agent.el (source)...
Loading /root/.emacs.d/init.d/tools/agent/read_own_prompt.el (source)...
Loading /root/.emacs.d/init.d/agent/iar-guidelines-checker.el (source)...
Loading /root/.emacs.d/init.d/agent/iar-agent-cycle.el (source)...
Loading /root/.emacs.d/init.d/debug/iar-status-mode.el (source)...
[status-mode] Installed
Loading /root/.emacs.d/init.d/session/iar-quit.el (source)...
[aria] Starting cycle with 3600s timeout (archetype: aria-cycle, project: iar, cycle: aria_daily)
[assembly] DIGEST [iar/aria] 13307 chars (warn at 12000) -- injected full on every request; diet it
[aria] Assembled prompt: 48989 chars (~12247 tokens), 21 tools
[aria] Sending cycle prompt to aria agent...
Querying Ollama...
[aria] Same-tool warning: 100 calls to execute_code_local this cycle -- one call blocked with notice
[aria] Tool-call budget warning (150/300) -- one call blocked with notice
[aria] Cycle complete. Turns: 1, Tool calls: 151, Exit: 0
Tokens: 14935076 in / 70498 out / 15005574 total
Requests: 152
[0;32m[INF][2026-09-13 03:02:58][0m Cycle 1 succeeded in 2835s (exit 0)

[0;34m[INF][2026-09-13 03:06:53][0m --- Cycle 1/1 ---
Already up to date.
============================================
  Preflight Mount Audit — Emacboros
  2026-09-13T06:06:54Z
============================================

--- Phase 1: /proc/mounts scan ---

--- Phase 2: Writability tests ---
[0;32m[PASS][0m /root/.emacs.d/.git/hooks — does not exist
[0;32m[PASS][0m /var/run/docker.sock — does not exist
[0;32m[PASS][0m /etc/cron.d — does not exist
[0;32m[PASS][0m /var/spool/cron — does not exist
[0;32m[PASS][0m /etc/systemd/system — directory is read-only
[0;32m[PASS][0m /etc/systemd — directory is read-only

--- Phase 3: Capability audit ---
[0;32m[PASS][0m CAP_DAC_OVERRIDE (bit 1) is not set — can bypass file read/write/execute permissions
[0;32m[PASS][0m CAP_SYS_ADMIN (bit 21) is not set — broad system administration (mount, namespaces, etc.)
[0;32m[PASS][0m CAP_SETUID (bit 7) is not set — can change process UID
[0;32m[PASS][0m CAP_SETGID (bit 6) is not set — can change process GID
[0;32m[PASS][0m CAP_MKNOD (bit 27) is not set — can create special device files
[0;32m[PASS][0m CAP_NET_RAW (bit 13) is SET (expected) — can create raw network sockets (needed for nmap/traceroute)
[0;32m[PASS][0m CAP_NET_BIND_SERVICE (bit 10) is SET (expected) — can bind to ports < 1024
[0;32m[PASS][0m CAP_FOWNER (bit 3) is not set — can bypass file ownership checks
[0;32m[PASS][0m CAP_SETFCAP (bit 31) is not set — can set file capabilities

--- Phase 4: Host mount audit ---
Writable real-filesystem mounts:
[0;33m[WARN][0m Host mount: /sys/kernel/security (securityfs, rw,nosuid,nodev,noexec,relatime)
[0;33m[WARN][0m Host mount: /sys/fs/cgroup (cgroup2, rw,seclabel,nosuid,nodev,noexec,relatime,nsdelegate,memory_recursiveprot,memory_hugetlb_accounting)
[0;33m[WARN][0m Host mount: /sys/fs/pstore (pstore, rw,seclabel,nosuid,nodev,noexec,relatime)
[0;33m[WARN][0m Host mount: /sys/firmware/efi/efivars (efivarfs, rw,nosuid,nodev,noexec,relatime)
[0;33m[WARN][0m Host mount: /sys/fs/bpf (bpf, rw,nosuid,nodev,noexec,relatime,mode=700)
[0;33m[WARN][0m Host mount: /sys/kernel/config (configfs, rw,nosuid,nodev,noexec,relatime)
[0;33m[WARN][0m Host mount: /sys/fs/selinux (selinuxfs, rw,nosuid,noexec,relatime)
[0;33m[WARN][0m Host mount: /sys/fs/fuse/connections (fusectl, rw,nosuid,nodev,noexec,relatime)
[0;33m[WARN][0m Host mount: /sys/kernel/debug (debugfs, rw,seclabel,nosuid,nodev,noexec,relatime)
[0;33m[WARN][0m Host mount: /sys/kernel/debug/tracing (tracefs, rw,seclabel,nosuid,nodev,noexec,relatime)
[0;33m[WARN][0m Host mount: /sys/kernel/tracing (tracefs, rw,seclabel,nosuid,nodev,noexec,relatime)
[0;33m[WARN][0m Host mount: /root/i.ar (btrfs, rw,seclabel,relatime,compress=zstd:1,ssd,discard=async,space_cache=v2,subvolid=256,subvol=/root)
[0;33m[WARN][0m Host mount: /root/personalization (btrfs, rw,seclabel,relatime,compress=zstd:1,ssd,discard=async,space_cache=v2,subvolid=256,subvol=/root)
[0;33m[WARN][0m Host mount: /root/.emacs.d (btrfs, rw,seclabel,relatime,compress=zstd:1,ssd,discard=async,space_cache=v2,subvolid=256,subvol=/root)
[0;33m[WARN][0m Host mount: /root/i.ar/prompts (btrfs, rw,seclabel,relatime,compress=zstd:1,ssd,discard=async,space_cache=v2,subvolid=256,subvol=/root)
[0;33m[WARN][0m Host mount: /root/.emacs.d/metaconfig (btrfs, rw,seclabel,relatime,compress=zstd:1,ssd,discard=async,space_cache=v2,subvolid=256,subvol=/root)
[0;33m[WARN][0m Host mount: /root/.emacs.d/gptel-fork (btrfs, rw,seclabel,relatime,compress=zstd:1,ssd,discard=async,space_cache=v2,subvolid=256,subvol=/root)

============================================
[0;32m  PREFLIGHT PASSED[0m
============================================
Loading /root/.emacs.d/configs/paths.el (source)...
Loading /root/.emacs.d/configs/predicates.el (source)...
Loading /root/.emacs.d/configs/keybindings.el (source)...
Loading /root/.emacs.d/configs/delimiters.el (source)...
Loading /root/.emacs.d/configs/git.el (source)...
Loading /root/.emacs.d/configs/fork.el (source)...
Loading /root/.emacs.d/configs/delegate.el (source)...
Loading /root/.emacs.d/configs/cycle.el (source)...
Loading /root/.emacs.d/configs/loop-guard.el (source)...
Loading /root/.emacs.d/configs/memory.el (source)...
Loading /root/.emacs.d/configs/file-guard.el (source)...
Loading /root/.emacs.d/configs/tool-limits.el (source)...
Loading /root/.emacs.d/configs/tasks.el (source)...
Loading /root/.emacs.d/configs/mcp.el (source)...
Loading /root/.emacs.d/init.d/shared/iar-utils.el (source)...
Loading /root/.emacs.d/init.d/shared/iar-agent-utils.el (source)...
Loading /root/.emacs.d/init.d/core/iar-locale.el (source)...
Loading /root/.emacs.d/init.d/core/iar-package-setup.el (source)...
Loading /root/.emacs.d/init.d/core/iar-ui-cleanup.el (source)...
Loading /root/.emacs.d/init.d/core/iar-evil-mode.el (source)...
Loading /root/.emacs.d/init.d/core/iar-gptel-setup.el (source)...
[gptel] Using fork from /root/.emacs.d/gptel-fork (overriding ELPA package)
Loading /root/.emacs.d/configs/gptel.el (source)...
Loading /root/.emacs.d/init.d/core/iar-mcp-setup.el (source)...
Loading /root/.emacs.d/init.d/tool-call/iar-malformed-args.el (source)...
Loading /root/.emacs.d/init.d/tool-call/iar-tool-call.el (source)...
[tool-call] Layer installed
Loading /root/.emacs.d/init.d/tool-call/iar-tool-result-timestamp.el (source)...
Loading /root/.emacs.d/init.d/tool-call/iar-tool-result-budget.el (source)...
Loading /root/.emacs.d/init.d/tool-call/iar-request-log.el (source)...
[request-log] Witness installed
Loading /root/.emacs.d/init.d/tool-call/iar-context-fence.el (source)...
Loading /root/.emacs.d/init.d/tool-call/iar-msgs-fence.el (source)...
Loading /root/.emacs.d/init.d/tool-call/iar-request-watchdog.el (source)...
[watchdog] Request watchdog installed
Loading /root/.emacs.d/init.d/tool-call/iar-text-mode-detector.el (source)...
Loading /root/.emacs.d/init.d/agent/iar-prompt-loader.el (source)...
Loading /root/.emacs.d/init.d/core/iar-mount-awareness.el (source)...
Loading /root/.emacs.d/init.d/core/iar-rate-limit.el (source)...
Loading /root/.emacs.d/init.d/security/iar-output-sanitizer.el (source)...
Loading /root/.emacs.d/init.d/security/iar-file-guard.el (source)...
Loading /root/.emacs.d/init.d/security/iar-audit-log.el (source)...
Loading /root/.emacs.d/init.d/security/iar-loop-guard.el (source)...
Loading /root/.emacs.d/init.d/security/iar-loop-guard-chain.el (source)...
Loading /root/.emacs.d/init.d/security/iar-tool-guard.el (source)...
Loading /root/.emacs.d/init.d/security/iar-utf8-scrub.el (source)...
Loading /root/.emacs.d/init.d/tools/filesystem/list_directory.el (source)...
Loading /root/.emacs.d/init.d/tools/filesystem/read_file.el (source)...
Loading /root/.emacs.d/init.d/tools/filesystem/write_file.el (source)...
Loading /root/.emacs.d/init.d/tools/filesystem/append_file.el (source)...
Loading /root/.emacs.d/init.d/tools/code/execute_code_local.el (source)...
Loading /root/.emacs.d/init.d/tools/code/execute_code_remote.el (source)...
Loading /root/.emacs.d/init.d/tools/code/check_elisp.el (source)...
Loading /root/.emacs.d/init.d/tools/tasks/read_task.el (source)...
Loading /root/.emacs.d/init.d/tools/tasks/create_task.el (source)...
Loading /root/.emacs.d/init.d/tools/tasks/write_subtask.el (source)...
Loading /root/.emacs.d/init.d/tools/tasks/remove_task.el (source)...
Loading /root/.emacs.d/init.d/tools/tasks/read_history.el (source)...
Loading /root/.emacs.d/init.d/tools/tasks/read_roadmap.el (source)...
Loading /root/.emacs.d/init.d/tools/tasks/write_roadmap.el (source)...
Loading /root/.emacs.d/init.d/tools/notify/telegram.el (source)...
Loading /root/.emacs.d/init.d/tools/git/git_commit.el (source)...
Loading /root/.emacs.d/init.d/tools/knowledge/read_knowledge.el (source)...
Loading /root/.emacs.d/init.d/agent/iar-project-parser.el (source)...
Loading /root/.emacs.d/init.d/agent/iar-prompt-assembly.el (source)...
Loading /root/.emacs.d/init.d/agent/iar-agent-loader.el (source)...
Loading /root/.emacs.d/init.d/agent/iar-knowledge-loader.el (source)...
Loading /root/.emacs.d/init.d/agent/iar-buffer-info.el (source)...
Loading /root/.emacs.d/init.d/tools/agent/delegate.el (source)...
Loading /root/.emacs.d/init.d/tools/agent/reload_os.el (source)...
Loading /root/.emacs.d/init.d/tools/agent/reload_agent.el (source)...
Loading /root/.emacs.d/init.d/tools/agent/read_own_prompt.el (source)...
Loading /root/.emacs.d/init.d/agent/iar-guidelines-checker.el (source)...
Loading /root/.emacs.d/init.d/agent/iar-agent-cycle.el (source)...
Loading /root/.emacs.d/init.d/debug/iar-status-mode.el (source)...
[status-mode] Installed
Loading /root/.emacs.d/init.d/session/iar-quit.el (source)...
[aria] Starting cycle with 3600s timeout (archetype: aria-cycle, project: iar, cycle: aria_daily)
[assembly] DIGEST [iar/aria] 13307 chars (warn at 12000) -- injected full on every request; diet it
[aria] Assembled prompt: 49255 chars (~12313 tokens), 21 tools
[aria] Sending cycle prompt to aria agent...
Querying Ollama...
[aria] Same-tool warning: 100 calls to execute_code_local this cycle -- one call blocked with notice
[aria] Cycle complete. Turns: 1, Tool calls: 138, Exit: 0
Tokens: 8419790 in / 74512 out / 8494302 total
Requests: 139
[0;32m[INF][2026-09-13 03:35:28][0m Cycle 1 succeeded in 1715s (exit 0)

[0;34m[INF][2026-09-13 03:44:26][0m --- Cycle 1/1 ---
Already up to date.
============================================
  Preflight Mount Audit — Emacboros
  2026-09-13T06:44:26Z
============================================

--- Phase 1: /proc/mounts scan ---

--- Phase 2: Writability tests ---
[0;32m[PASS][0m /root/.emacs.d/.git/hooks — does not exist
[0;32m[PASS][0m /var/run/docker.sock — does not exist
[0;32m[PASS][0m /etc/cron.d — does not exist
[0;32m[PASS][0m /var/spool/cron — does not exist
[0;32m[PASS][0m /etc/systemd/system — directory is read-only
[0;32m[PASS][0m /etc/systemd — directory is read-only

--- Phase 3: Capability audit ---
[0;32m[PASS][0m CAP_DAC_OVERRIDE (bit 1) is not set — can bypass file read/write/execute permissions
[0;32m[PASS][0m CAP_SYS_ADMIN (bit 21) is not set — broad system administration (mount, namespaces, etc.)
[0;32m[PASS][0m CAP_SETUID (bit 7) is not set — can change process UID
[0;32m[PASS][0m CAP_SETGID (bit 6) is not set — can change process GID
[0;32m[PASS][0m CAP_MKNOD (bit 27) is not set — can create special device files
[0;32m[PASS][0m CAP_NET_RAW (bit 13) is SET (expected) — can create raw network sockets (needed for nmap/traceroute)
[0;32m[PASS][0m CAP_NET_BIND_SERVICE (bit 10) is SET (expected) — can bind to ports < 1024
[0;32m[PASS][0m CAP_FOWNER (bit 3) is not set — can bypass file ownership checks
[0;32m[PASS][0m CAP_SETFCAP (bit 31) is not set — can set file capabilities

--- Phase 4: Host mount audit ---
Writable real-filesystem mounts:
[0;33m[WARN][0m Host mount: /sys/kernel/security (securityfs, rw,nosuid,nodev,noexec,relatime)
[0;33m[WARN][0m Host mount: /sys/fs/cgroup (cgroup2, rw,seclabel,nosuid,nodev,noexec,relatime,nsdelegate,memory_recursiveprot,memory_hugetlb_accounting)
[0;33m[WARN][0m Host mount: /sys/fs/pstore (pstore, rw,seclabel,nosuid,nodev,noexec,relatime)
[0;33m[WARN][0m Host mount: /sys/firmware/efi/efivars (efivarfs, rw,nosuid,nodev,noexec,relatime)
[0;33m[WARN][0m Host mount: /sys/fs/bpf (bpf, rw,nosuid,nodev,noexec,relatime,mode=700)
[0;33m[WARN][0m Host mount: /sys/kernel/config (configfs, rw,nosuid,nodev,noexec,relatime)
[0;33m[WARN][0m Host mount: /sys/fs/selinux (selinuxfs, rw,nosuid,noexec,relatime)
[0;33m[WARN][0m Host mount: /sys/fs/fuse/connections (fusectl, rw,nosuid,nodev,noexec,relatime)
[0;33m[WARN][0m Host mount: /sys/kernel/debug (debugfs, rw,seclabel,nosuid,nodev,noexec,relatime)
[0;33m[WARN][0m Host mount: /sys/kernel/debug/tracing (tracefs, rw,seclabel,nosuid,nodev,noexec,relatime)
[0;33m[WARN][0m Host mount: /sys/kernel/tracing (tracefs, rw,seclabel,nosuid,nodev,noexec,relatime)
[0;33m[WARN][0m Host mount: /root/i.ar (btrfs, rw,seclabel,relatime,compress=zstd:1,ssd,discard=async,space_cache=v2,subvolid=256,subvol=/root)
[0;33m[WARN][0m Host mount: /root/.emacs.d (btrfs, rw,seclabel,relatime,compress=zstd:1,ssd,discard=async,space_cache=v2,subvolid=256,subvol=/root)
[0;33m[WARN][0m Host mount: /root/personalization (btrfs, rw,seclabel,relatime,compress=zstd:1,ssd,discard=async,space_cache=v2,subvolid=256,subvol=/root)
[0;33m[WARN][0m Host mount: /root/i.ar/prompts (btrfs, rw,seclabel,relatime,compress=zstd:1,ssd,discard=async,space_cache=v2,subvolid=256,subvol=/root)
[0;33m[WARN][0m Host mount: /root/.emacs.d/gptel-fork (btrfs, rw,seclabel,relatime,compress=zstd:1,ssd,discard=async,space_cache=v2,subvolid=256,subvol=/root)
[0;33m[WARN][0m Host mount: /root/.emacs.d/metaconfig (btrfs, rw,seclabel,relatime,compress=zstd:1,ssd,discard=async,space_cache=v2,subvolid=256,subvol=/root)

============================================
[0;32m  PREFLIGHT PASSED[0m
============================================
Loading /root/.emacs.d/configs/paths.el (source)...
Loading /root/.emacs.d/configs/predicates.el (source)...
Loading /root/.emacs.d/configs/keybindings.el (source)...
Loading /root/.emacs.d/configs/delimiters.el (source)...
Loading /root/.emacs.d/configs/git.el (source)...
Loading /root/.emacs.d/configs/fork.el (source)...
Loading /root/.emacs.d/configs/delegate.el (source)...
Loading /root/.emacs.d/configs/cycle.el (source)...
Loading /root/.emacs.d/configs/loop-guard.el (source)...
Loading /root/.emacs.d/configs/memory.el (source)...
Loading /root/.emacs.d/configs/file-guard.el (source)...
Loading /root/.emacs.d/configs/tool-limits.el (source)...
Loading /root/.emacs.d/configs/tasks.el (source)...
Loading /root/.emacs.d/configs/mcp.el (source)...
Loading /root/.emacs.d/init.d/shared/iar-utils.el (source)...
Loading /root/.emacs.d/init.d/shared/iar-agent-utils.el (source)...
Loading /root/.emacs.d/init.d/core/iar-locale.el (source)...
Loading /root/.emacs.d/init.d/core/iar-package-setup.el (source)...
Loading /root/.emacs.d/init.d/core/iar-ui-cleanup.el (source)...
Loading /root/.emacs.d/init.d/core/iar-evil-mode.el (source)...
Loading /root/.emacs.d/init.d/core/iar-gptel-setup.el (source)...
[gptel] Using fork from /root/.emacs.d/gptel-fork (overriding ELPA package)
Loading /root/.emacs.d/configs/gptel.el (source)...
Loading /root/.emacs.d/init.d/core/iar-mcp-setup.el (source)...
Loading /root/.emacs.d/init.d/tool-call/iar-malformed-args.el (source)...
Loading /root/.emacs.d/init.d/tool-call/iar-tool-call.el (source)...
[tool-call] Layer installed
Loading /root/.emacs.d/init.d/tool-call/iar-tool-result-timestamp.el (source)...
Loading /root/.emacs.d/init.d/tool-call/iar-tool-result-budget.el (source)...
Loading /root/.emacs.d/init.d/tool-call/iar-request-log.el (source)...
[request-log] Witness installed
Loading /root/.emacs.d/init.d/tool-call/iar-context-fence.el (source)...
Loading /root/.emacs.d/init.d/tool-call/iar-msgs-fence.el (source)...
Loading /root/.emacs.d/init.d/tool-call/iar-request-watchdog.el (source)...
[watchdog] Request watchdog installed
Loading /root/.emacs.d/init.d/tool-call/iar-text-mode-detector.el (source)...
Loading /root/.emacs.d/init.d/agent/iar-prompt-loader.el (source)...
Loading /root/.emacs.d/init.d/core/iar-mount-awareness.el (source)...
Loading /root/.emacs.d/init.d/core/iar-rate-limit.el (source)...
Loading /root/.emacs.d/init.d/security/iar-output-sanitizer.el (source)...
Loading /root/.emacs.d/init.d/security/iar-file-guard.el (source)...
Loading /root/.emacs.d/init.d/security/iar-audit-log.el (source)...
Loading /root/.emacs.d/init.d/security/iar-loop-guard.el (source)...
Loading /root/.emacs.d/init.d/security/iar-loop-guard-chain.el (source)...
Loading /root/.emacs.d/init.d/security/iar-tool-guard.el (source)...
Loading /root/.emacs.d/init.d/security/iar-utf8-scrub.el (source)...
Loading /root/.emacs.d/init.d/tools/filesystem/list_directory.el (source)...
Loading /root/.emacs.d/init.d/tools/filesystem/read_file.el (source)...
Loading /root/.emacs.d/init.d/tools/filesystem/write_file.el (source)...
Loading /root/.emacs.d/init.d/tools/filesystem/append_file.el (source)...
Loading /root/.emacs.d/init.d/tools/code/execute_code_local.el (source)...
Loading /root/.emacs.d/init.d/tools/code/execute_code_remote.el (source)...
Loading /root/.emacs.d/init.d/tools/code/check_elisp.el (source)...
Loading /root/.emacs.d/init.d/tools/tasks/read_task.el (source)...
Loading /root/.emacs.d/init.d/tools/tasks/create_task.el (source)...
Loading /root/.emacs.d/init.d/tools/tasks/write_subtask.el (source)...
Loading /root/.emacs.d/init.d/tools/tasks/remove_task.el (source)...
Loading /root/.emacs.d/init.d/tools/tasks/read_history.el (source)...
Loading /root/.emacs.d/init.d/tools/tasks/read_roadmap.el (source)...
Loading /root/.emacs.d/init.d/tools/tasks/write_roadmap.el (source)...
Loading /root/.emacs.d/init.d/tools/notify/telegram.el (source)...
Loading /root/.emacs.d/init.d/tools/git/git_commit.el (source)...
Loading /root/.emacs.d/init.d/tools/knowledge/read_knowledge.el (source)...
Loading /root/.emacs.d/init.d/agent/iar-project-parser.el (source)...
Loading /root/.emacs.d/init.d/agent/iar-prompt-assembly.el (source)...
Loading /root/.emacs.d/init.d/agent/iar-agent-loader.el (source)...
Loading /root/.emacs.d/init.d/agent/iar-knowledge-loader.el (source)...
Loading /root/.emacs.d/init.d/agent/iar-buffer-info.el (source)...
Loading /root/.emacs.d/init.d/tools/agent/delegate.el (source)...
Loading /root/.emacs.d/init.d/tools/agent/reload_os.el (source)...
Loading /root/.emacs.d/init.d/tools/agent/reload_agent.el (source)...
Loading /root/.emacs.d/init.d/tools/agent/read_own_prompt.el (source)...
Loading /root/.emacs.d/init.d/agent/iar-guidelines-checker.el (source)...
Loading /root/.emacs.d/init.d/agent/iar-agent-cycle.el (source)...
Loading /root/.emacs.d/init.d/debug/iar-status-mode.el (source)...
[status-mode] Installed
Loading /root/.emacs.d/init.d/session/iar-quit.el (source)...
[aria] Starting cycle with 3600s timeout (archetype: aria-cycle, project: iar, cycle: aria_daily)
[assembly] DIGEST [iar/aria] 13307 chars (warn at 12000) -- injected full on every request; diet it
[aria] Assembled prompt: 49243 chars (~12310 tokens), 21 tools
[aria] Sending cycle prompt to aria agent...
Querying Ollama...
[loop-guard] SOFT BLOCK: execute_code_local called 3 times identically, sending correction
[aria] Same-tool warning: 100 calls to execute_code_local this cycle -- one call blocked with notice
[aria] Tool-call budget warning (150/300) -- one call blocked with notice
[aria] Msgs soft cap warning (msgs 401 >= 400) -- one call blocked with notice
[aria] Cycle complete. Turns: 1, Tool calls: 287, Exit: 0
Tokens: 26731493 in / 93253 out / 26824746 total
Requests: 288
[0;32m[INF][2026-09-13 04:11:39][0m Cycle 1 succeeded in 1633s (exit 0)

[0;34m[INF][2026-09-13 04:17:53][0m --- Cycle 1/1 ---
Already up to date.
============================================
  Preflight Mount Audit — Emacboros
  2026-09-13T07:17:54Z
============================================

--- Phase 1: /proc/mounts scan ---

--- Phase 2: Writability tests ---
[0;32m[PASS][0m /root/.emacs.d/.git/hooks — does not exist
[0;32m[PASS][0m /var/run/docker.sock — does not exist
[0;32m[PASS][0m /etc/cron.d — does not exist
[0;32m[PASS][0m /var/spool/cron — does not exist
[0;32m[PASS][0m /etc/systemd/system — directory is read-only
[0;32m[PASS][0m /etc/systemd — directory is read-only

--- Phase 3: Capability audit ---
[0;32m[PASS][0m CAP_DAC_OVERRIDE (bit 1) is not set — can bypass file read/write/execute permissions
[0;32m[PASS][0m CAP_SYS_ADMIN (bit 21) is not set — broad system administration (mount, namespaces, etc.)
[0;32m[PASS][0m CAP_SETUID (bit 7) is not set — can change process UID
[0;32m[PASS][0m CAP_SETGID (bit 6) is not set — can change process GID
[0;32m[PASS][0m CAP_MKNOD (bit 27) is not set — can create special device files
[0;32m[PASS][0m CAP_NET_RAW (bit 13) is SET (expected) — can create raw network sockets (needed for nmap/traceroute)
[0;32m[PASS][0m CAP_NET_BIND_SERVICE (bit 10) is SET (expected) — can bind to ports < 1024
[0;32m[PASS][0m CAP_FOWNER (bit 3) is not set — can bypass file ownership checks
[0;32m[PASS][0m CAP_SETFCAP (bit 31) is not set — can set file capabilities

--- Phase 4: Host mount audit ---
Writable real-filesystem mounts:
[0;33m[WARN][0m Host mount: /sys/kernel/security (securityfs, rw,nosuid,nodev,noexec,relatime)
[0;33m[WARN][0m Host mount: /sys/fs/cgroup (cgroup2, rw,seclabel,nosuid,nodev,noexec,relatime,nsdelegate,memory_recursiveprot,memory_hugetlb_accounting)
[0;33m[WARN][0m Host mount: /sys/fs/pstore (pstore, rw,seclabel,nosuid,nodev,noexec,relatime)
[0;33m[WARN][0m Host mount: /sys/firmware/efi/efivars (efivarfs, rw,nosuid,nodev,noexec,relatime)
[0;33m[WARN][0m Host mount: /sys/fs/bpf (bpf, rw,nosuid,nodev,noexec,relatime,mode=700)
[0;33m[WARN][0m Host mount: /sys/kernel/config (configfs, rw,nosuid,nodev,noexec,relatime)
[0;33m[WARN][0m Host mount: /sys/fs/selinux (selinuxfs, rw,nosuid,noexec,relatime)
[0;33m[WARN][0m Host mount: /sys/fs/fuse/connections (fusectl, rw,nosuid,nodev,noexec,relatime)
[0;33m[WARN][0m Host mount: /sys/kernel/debug (debugfs, rw,seclabel,nosuid,nodev,noexec,relatime)
[0;33m[WARN][0m Host mount: /sys/kernel/debug/tracing (tracefs, rw,seclabel,nosuid,nodev,noexec,relatime)
[0;33m[WARN][0m Host mount: /sys/kernel/tracing (tracefs, rw,seclabel,nosuid,nodev,noexec,relatime)
[0;33m[WARN][0m Host mount: /root/i.ar (btrfs, rw,seclabel,relatime,compress=zstd:1,ssd,discard=async,space_cache=v2,subvolid=256,subvol=/root)
[0;33m[WARN][0m Host mount: /root/personalization (btrfs, rw,seclabel,relatime,compress=zstd:1,ssd,discard=async,space_cache=v2,subvolid=256,subvol=/root)
[0;33m[WARN][0m Host mount: /root/.emacs.d (btrfs, rw,seclabel,relatime,compress=zstd:1,ssd,discard=async,space_cache=v2,subvolid=256,subvol=/root)
[0;33m[WARN][0m Host mount: /root/.emacs.d/gptel-fork (btrfs, rw,seclabel,relatime,compress=zstd:1,ssd,discard=async,space_cache=v2,subvolid=256,subvol=/root)
[0;33m[WARN][0m Host mount: /root/.emacs.d/metaconfig (btrfs, rw,seclabel,relatime,compress=zstd:1,ssd,discard=async,space_cache=v2,subvolid=256,subvol=/root)
[0;33m[WARN][0m Host mount: /root/i.ar/prompts (btrfs, rw,seclabel,relatime,compress=zstd:1,ssd,discard=async,space_cache=v2,subvolid=256,subvol=/root)

============================================
[0;32m  PREFLIGHT PASSED[0m
============================================
Loading /root/.emacs.d/configs/paths.el (source)...
Loading /root/.emacs.d/configs/predicates.el (source)...
Loading /root/.emacs.d/configs/keybindings.el (source)...
Loading /root/.emacs.d/configs/delimiters.el (source)...
Loading /root/.emacs.d/configs/git.el (source)...
Loading /root/.emacs.d/configs/fork.el (source)...
Loading /root/.emacs.d/configs/delegate.el (source)...
Loading /root/.emacs.d/configs/cycle.el (source)...
Loading /root/.emacs.d/configs/loop-guard.el (source)...
Loading /root/.emacs.d/configs/memory.el (source)...
Loading /root/.emacs.d/configs/file-guard.el (source)...
Loading /root/.emacs.d/configs/tool-limits.el (source)...
Loading /root/.emacs.d/configs/tasks.el (source)...
Loading /root/.emacs.d/configs/mcp.el (source)...
Loading /root/.emacs.d/init.d/shared/iar-utils.el (source)...
Loading /root/.emacs.d/init.d/shared/iar-agent-utils.el (source)...
Loading /root/.emacs.d/init.d/core/iar-locale.el (source)...
Loading /root/.emacs.d/init.d/core/iar-package-setup.el (source)...
Loading /root/.emacs.d/init.d/core/iar-ui-cleanup.el (source)...
Loading /root/.emacs.d/init.d/core/iar-evil-mode.el (source)...
Loading /root/.emacs.d/init.d/core/iar-gptel-setup.el (source)...
[gptel] Using fork from /root/.emacs.d/gptel-fork (overriding ELPA package)
Loading /root/.emacs.d/configs/gptel.el (source)...
Loading /root/.emacs.d/init.d/core/iar-mcp-setup.el (source)...
Loading /root/.emacs.d/init.d/tool-call/iar-malformed-args.el (source)...
Loading /root/.emacs.d/init.d/tool-call/iar-tool-call.el (source)...
[tool-call] Layer installed
Loading /root/.emacs.d/init.d/tool-call/iar-tool-result-timestamp.el (source)...
Loading /root/.emacs.d/init.d/tool-call/iar-tool-result-budget.el (source)...
Loading /root/.emacs.d/init.d/tool-call/iar-request-log.el (source)...
[request-log] Witness installed
Loading /root/.emacs.d/init.d/tool-call/iar-context-fence.el (source)...
Loading /root/.emacs.d/init.d/tool-call/iar-msgs-fence.el (source)...
Loading /root/.emacs.d/init.d/tool-call/iar-request-watchdog.el (source)...
[watchdog] Request watchdog installed
Loading /root/.emacs.d/init.d/tool-call/iar-text-mode-detector.el (source)...
Loading /root/.emacs.d/init.d/agent/iar-prompt-loader.el (source)...
Loading /root/.emacs.d/init.d/core/iar-mount-awareness.el (source)...
Loading /root/.emacs.d/init.d/core/iar-rate-limit.el (source)...
Loading /root/.emacs.d/init.d/security/iar-output-sanitizer.el (source)...
Loading /root/.emacs.d/init.d/security/iar-file-guard.el (source)...
Loading /root/.emacs.d/init.d/security/iar-audit-log.el (source)...
Loading /root/.emacs.d/init.d/security/iar-loop-guard.el (source)...
Loading /root/.emacs.d/init.d/security/iar-loop-guard-chain.el (source)...
Loading /root/.emacs.d/init.d/security/iar-tool-guard.el (source)...
Loading /root/.emacs.d/init.d/security/iar-utf8-scrub.el (source)...
Loading /root/.emacs.d/init.d/tools/filesystem/list_directory.el (source)...
Loading /root/.emacs.d/init.d/tools/filesystem/read_file.el (source)...
Loading /root/.emacs.d/init.d/tools/filesystem/write_file.el (source)...
Loading /root/.emacs.d/init.d/tools/filesystem/append_file.el (source)...
Loading /root/.emacs.d/init.d/tools/code/execute_code_local.el (source)...
Loading /root/.emacs.d/init.d/tools/code/execute_code_remote.el (source)...
Loading /root/.emacs.d/init.d/tools/code/check_elisp.el (source)...
Loading /root/.emacs.d/init.d/tools/tasks/read_task.el (source)...
Loading /root/.emacs.d/init.d/tools/tasks/create_task.el (source)...
Loading /root/.emacs.d/init.d/tools/tasks/write_subtask.el (source)...
Loading /root/.emacs.d/init.d/tools/tasks/remove_task.el (source)...
Loading /root/.emacs.d/init.d/tools/tasks/read_history.el (source)...
Loading /root/.emacs.d/init.d/tools/tasks/read_roadmap.el (source)...
Loading /root/.emacs.d/init.d/tools/tasks/write_roadmap.el (source)...
Loading /root/.emacs.d/init.d/tools/notify/telegram.el (source)...
Loading /root/.emacs.d/init.d/tools/git/git_commit.el (source)...
Loading /root/.emacs.d/init.d/tools/knowledge/read_knowledge.el (source)...
Loading /root/.emacs.d/init.d/agent/iar-project-parser.el (source)...
Loading /root/.emacs.d/init.d/agent/iar-prompt-assembly.el (source)...
Loading /root/.emacs.d/init.d/agent/iar-agent-loader.el (source)...
Loading /root/.emacs.d/init.d/agent/iar-knowledge-loader.el (source)...
Loading /root/.emacs.d/init.d/agent/iar-buffer-info.el (source)...
Loading /root/.emacs.d/init.d/tools/agent/delegate.el (source)...
Loading /root/.emacs.d/init.d/tools/agent/reload_os.el (source)...
Loading /root/.emacs.d/init.d/tools/agent/reload_agent.el (source)...
Loading /root/.emacs.d/init.d/tools/agent/read_own_prompt.el (source)...
Loading /root/.emacs.d/init.d/agent/iar-guidelines-checker.el (source)...
Loading /root/.emacs.d/init.d/agent/iar-agent-cycle.el (source)...
Loading /root/.emacs.d/init.d/debug/iar-status-mode.el (source)...
[status-mode] Installed
Loading /root/.emacs.d/init.d/session/iar-quit.el (source)...
[aria] Starting cycle with 3600s timeout (archetype: aria-cycle, project: iar, cycle: aria_daily)
[assembly] DIGEST [iar/aria] 13307 chars (warn at 12000) -- injected full on every request; diet it
[aria] Assembled prompt: 49106 chars (~12276 tokens), 21 tools
[aria] Sending cycle prompt to aria agent...
Querying Ollama...
[aria] Same-tool warning: 100 calls to execute_code_local this cycle -- one call blocked with notice
[aria] Tool-call budget warning (150/300) -- one call blocked with notice
[aria] Cycle complete. Turns: 1, Tool calls: 188, Exit: 0
Tokens: 14219683 in / 67579 out / 14287262 total
Requests: 189
[0;32m[INF][2026-09-13 04:41:21][0m Cycle 1 succeeded in 1408s (exit 0)

[0;34m[INF][2026-09-13 04:44:22][0m --- Cycle 1/1 ---
Already up to date.
============================================
  Preflight Mount Audit — Emacboros
  2026-09-13T07:44:23Z
============================================

--- Phase 1: /proc/mounts scan ---

--- Phase 2: Writability tests ---
[0;32m[PASS][0m /root/.emacs.d/.git/hooks — does not exist
[0;32m[PASS][0m /var/run/docker.sock — does not exist
[0;32m[PASS][0m /etc/cron.d — does not exist
[0;32m[PASS][0m /var/spool/cron — does not exist
[0;32m[PASS][0m /etc/systemd/system — directory is read-only
[0;32m[PASS][0m /etc/systemd — directory is read-only

--- Phase 3: Capability audit ---
[0;32m[PASS][0m CAP_DAC_OVERRIDE (bit 1) is not set — can bypass file read/write/execute permissions
[0;32m[PASS][0m CAP_SYS_ADMIN (bit 21) is not set — broad system administration (mount, namespaces, etc.)
[0;32m[PASS][0m CAP_SETUID (bit 7) is not set — can change process UID
[0;32m[PASS][0m CAP_SETGID (bit 6) is not set — can change process GID
[0;32m[PASS][0m CAP_MKNOD (bit 27) is not set — can create special device files
[0;32m[PASS][0m CAP_NET_RAW (bit 13) is SET (expected) — can create raw network sockets (needed for nmap/traceroute)
[0;32m[PASS][0m CAP_NET_BIND_SERVICE (bit 10) is SET (expected) — can bind to ports < 1024
[0;32m[PASS][0m CAP_FOWNER (bit 3) is not set — can bypass file ownership checks
[0;32m[PASS][0m CAP_SETFCAP (bit 31) is not set — can set file capabilities

--- Phase 4: Host mount audit ---
Writable real-filesystem mounts:
[0;33m[WARN][0m Host mount: /sys/kernel/security (securityfs, rw,nosuid,nodev,noexec,relatime)
[0;33m[WARN][0m Host mount: /sys/fs/cgroup (cgroup2, rw,seclabel,nosuid,nodev,noexec,relatime,nsdelegate,memory_recursiveprot,memory_hugetlb_accounting)
[0;33m[WARN][0m Host mount: /sys/fs/pstore (pstore, rw,seclabel,nosuid,nodev,noexec,relatime)
[0;33m[WARN][0m Host mount: /sys/firmware/efi/efivars (efivarfs, rw,nosuid,nodev,noexec,relatime)
[0;33m[WARN][0m Host mount: /sys/fs/bpf (bpf, rw,nosuid,nodev,noexec,relatime,mode=700)
[0;33m[WARN][0m Host mount: /sys/kernel/config (configfs, rw,nosuid,nodev,noexec,relatime)
[0;33m[WARN][0m Host mount: /sys/fs/selinux (selinuxfs, rw,nosuid,noexec,relatime)
[0;33m[WARN][0m Host mount: /sys/fs/fuse/connections (fusectl, rw,nosuid,nodev,noexec,relatime)
[0;33m[WARN][0m Host mount: /sys/kernel/debug (debugfs, rw,seclabel,nosuid,nodev,noexec,relatime)
[0;33m[WARN][0m Host mount: /sys/kernel/debug/tracing (tracefs, rw,seclabel,nosuid,nodev,noexec,relatime)
[0;33m[WARN][0m Host mount: /sys/kernel/tracing (tracefs, rw,seclabel,nosuid,nodev,noexec,relatime)
[0;33m[WARN][0m Host mount: /root/i.ar (btrfs, rw,seclabel,relatime,compress=zstd:1,ssd,discard=async,space_cache=v2,subvolid=256,subvol=/root)
[0;33m[WARN][0m Host mount: /root/.emacs.d (btrfs, rw,seclabel,relatime,compress=zstd:1,ssd,discard=async,space_cache=v2,subvolid=256,subvol=/root)
[0;33m[WARN][0m Host mount: /root/personalization (btrfs, rw,seclabel,relatime,compress=zstd:1,ssd,discard=async,space_cache=v2,subvolid=256,subvol=/root)
[0;33m[WARN][0m Host mount: /root/.emacs.d/gptel-fork (btrfs, rw,seclabel,relatime,compress=zstd:1,ssd,discard=async,space_cache=v2,subvolid=256,subvol=/root)
[0;33m[WARN][0m Host mount: /root/i.ar/prompts (btrfs, rw,seclabel,relatime,compress=zstd:1,ssd,discard=async,space_cache=v2,subvolid=256,subvol=/root)
[0;33m[WARN][0m Host mount: /root/.emacs.d/metaconfig (btrfs, rw,seclabel,relatime,compress=zstd:1,ssd,discard=async,space_cache=v2,subvolid=256,subvol=/root)

============================================
[0;32m  PREFLIGHT PASSED[0m
============================================
Loading /root/.emacs.d/configs/paths.el (source)...
Loading /root/.emacs.d/configs/predicates.el (source)...
Loading /root/.emacs.d/configs/keybindings.el (source)...
Loading /root/.emacs.d/configs/delimiters.el (source)...
Loading /root/.emacs.d/configs/git.el (source)...
Loading /root/.emacs.d/configs/fork.el (source)...
Loading /root/.emacs.d/configs/delegate.el (source)...
Loading /root/.emacs.d/configs/cycle.el (source)...
Loading /root/.emacs.d/configs/loop-guard.el (source)...
Loading /root/.emacs.d/configs/memory.el (source)...
Loading /root/.emacs.d/configs/file-guard.el (source)...
Loading /root/.emacs.d/configs/tool-limits.el (source)...
Loading /root/.emacs.d/configs/tasks.el (source)...
Loading /root/.emacs.d/configs/mcp.el (source)...
Loading /root/.emacs.d/init.d/shared/iar-utils.el (source)...
Loading /root/.emacs.d/init.d/shared/iar-agent-utils.el (source)...
Loading /root/.emacs.d/init.d/core/iar-locale.el (source)...
Loading /root/.emacs.d/init.d/core/iar-package-setup.el (source)...
Loading /root/.emacs.d/init.d/core/iar-ui-cleanup.el (source)...
Loading /root/.emacs.d/init.d/core/iar-evil-mode.el (source)...
Loading /root/.emacs.d/init.d/core/iar-gptel-setup.el (source)...
[gptel] Using fork from /root/.emacs.d/gptel-fork (overriding ELPA package)
Loading /root/.emacs.d/configs/gptel.el (source)...
Loading /root/.emacs.d/init.d/core/iar-mcp-setup.el (source)...
Loading /root/.emacs.d/init.d/tool-call/iar-malformed-args.el (source)...
Loading /root/.emacs.d/init.d/tool-call/iar-tool-call.el (source)...
[tool-call] Layer installed
Loading /root/.emacs.d/init.d/tool-call/iar-tool-result-timestamp.el (source)...
Loading /root/.emacs.d/init.d/tool-call/iar-tool-result-budget.el (source)...
Loading /root/.emacs.d/init.d/tool-call/iar-request-log.el (source)...
[request-log] Witness installed
Loading /root/.emacs.d/init.d/tool-call/iar-context-fence.el (source)...
Loading /root/.emacs.d/init.d/tool-call/iar-msgs-fence.el (source)...
Loading /root/.emacs.d/init.d/tool-call/iar-request-watchdog.el (source)...
[watchdog] Request watchdog installed
Loading /root/.emacs.d/init.d/tool-call/iar-text-mode-detector.el (source)...
Loading /root/.emacs.d/init.d/agent/iar-prompt-loader.el (source)...
Loading /root/.emacs.d/init.d/core/iar-mount-awareness.el (source)...
Loading /root/.emacs.d/init.d/core/iar-rate-limit.el (source)...
Loading /root/.emacs.d/init.d/security/iar-output-sanitizer.el (source)...
Loading /root/.emacs.d/init.d/security/iar-file-guard.el (source)...
Loading /root/.emacs.d/init.d/security/iar-audit-log.el (source)...
Loading /root/.emacs.d/init.d/security/iar-loop-guard.el (source)...
Loading /root/.emacs.d/init.d/security/iar-loop-guard-chain.el (source)...
Loading /root/.emacs.d/init.d/security/iar-tool-guard.el (source)...
Loading /root/.emacs.d/init.d/security/iar-utf8-scrub.el (source)...
Loading /root/.emacs.d/init.d/tools/filesystem/list_directory.el (source)...
Loading /root/.emacs.d/init.d/tools/filesystem/read_file.el (source)...
Loading /root/.emacs.d/init.d/tools/filesystem/write_file.el (source)...
Loading /root/.emacs.d/init.d/tools/filesystem/append_file.el (source)...
Loading /root/.emacs.d/init.d/tools/code/execute_code_local.el (source)...
Loading /root/.emacs.d/init.d/tools/code/execute_code_remote.el (source)...
Loading /root/.emacs.d/init.d/tools/code/check_elisp.el (source)...
Loading /root/.emacs.d/init.d/tools/tasks/read_task.el (source)...
Loading /root/.emacs.d/init.d/tools/tasks/create_task.el (source)...
Loading /root/.emacs.d/init.d/tools/tasks/write_subtask.el (source)...
Loading /root/.emacs.d/init.d/tools/tasks/remove_task.el (source)...
Loading /root/.emacs.d/init.d/tools/tasks/read_history.el (source)...
Loading /root/.emacs.d/init.d/tools/tasks/read_roadmap.el (source)...
Loading /root/.emacs.d/init.d/tools/tasks/write_roadmap.el (source)...
Loading /root/.emacs.d/init.d/tools/notify/telegram.el (source)...
Loading /root/.emacs.d/init.d/tools/git/git_commit.el (source)...
Loading /root/.emacs.d/init.d/tools/knowledge/read_knowledge.el (source)...
Loading /root/.emacs.d/init.d/agent/iar-project-parser.el (source)...
Loading /root/.emacs.d/init.d/agent/iar-prompt-assembly.el (source)...
Loading /root/.emacs.d/init.d/agent/iar-agent-loader.el (source)...
Loading /root/.emacs.d/init.d/agent/iar-knowledge-loader.el (source)...
Loading /root/.emacs.d/init.d/agent/iar-buffer-info.el (source)...
Loading /root/.emacs.d/init.d/tools/agent/delegate.el (source)...
Loading /root/.emacs.d/init.d/tools/agent/reload_os.el (source)...
Loading /root/.emacs.d/init.d/tools/agent/reload_agent.el (source)...
Loading /root/.emacs.d/init.d/tools/agent/read_own_prompt.el (source)...
Loading /root/.emacs.d/init.d/agent/iar-guidelines-checker.el (source)...
Loading /root/.emacs.d/init.d/agent/iar-agent-cycle.el (source)...
Loading /root/.emacs.d/init.d/debug/iar-status-mode.el (source)...
[status-mode] Installed
Loading /root/.emacs.d/init.d/session/iar-quit.el (source)...
[aria] Starting cycle with 3600s timeout (archetype: aria-cycle, project: iar, cycle: aria_daily)
[assembly] DIGEST [iar/aria] 13307 chars (warn at 12000) -- injected full on every request; diet it
[aria] Assembled prompt: 48959 chars (~12239 tokens), 21 tools
[aria] Sending cycle prompt to aria agent...
Querying Ollama...
Ollama error: (HTTP/1.1 429 Too Many Requests) you (Randazzo) have reached your weekly usage limit, add usage credits: https://ollama.com/settings (ref: 5a4eb403-126b-4636-99fd-2e6a82b55d48)
Querying Ollama...
Ollama error: (HTTP/1.1 429 Too Many Requests) you (Randazzo) have reached your weekly usage limit, add usage credits: https://ollama.com/settings (ref: 8c90d198-842c-4487-a91e-cae695953ddb)
[aria] Cycle request FAILED (strike 1/3)
[aria] No active requests for 1800s -- stalled, exit 1
[aria] Cycle complete. Turns: 1, Tool calls: 37, Exit: 1
Tokens: 1434184 in / 46792 out / 1480976 total
Requests: 39
[0;31m[ERR][2026-09-13 05:24:59][0m Cycle 1 failed in 2437s (exit 1)

[0;34m[INF][2026-09-13 05:55:19][0m --- Cycle 1/1 ---
Already up to date.
============================================
  Preflight Mount Audit — Emacboros
  2026-09-13T08:55:19Z
============================================

--- Phase 1: /proc/mounts scan ---

--- Phase 2: Writability tests ---
[0;32m[PASS][0m /root/.emacs.d/.git/hooks — does not exist
[0;32m[PASS][0m /var/run/docker.sock — does not exist
[0;32m[PASS][0m /etc/cron.d — does not exist
[0;32m[PASS][0m /var/spool/cron — does not exist
[0;32m[PASS][0m /etc/systemd/system — directory is read-only
[0;32m[PASS][0m /etc/systemd — directory is read-only

--- Phase 3: Capability audit ---
[0;32m[PASS][0m CAP_DAC_OVERRIDE (bit 1) is not set — can bypass file read/write/execute permissions
[0;32m[PASS][0m CAP_SYS_ADMIN (bit 21) is not set — broad system administration (mount, namespaces, etc.)
[0;32m[PASS][0m CAP_SETUID (bit 7) is not set — can change process UID
[0;32m[PASS][0m CAP_SETGID (bit 6) is not set — can change process GID
[0;32m[PASS][0m CAP_MKNOD (bit 27) is not set — can create special device files
[0;32m[PASS][0m CAP_NET_RAW (bit 13) is SET (expected) — can create raw network sockets (needed for nmap/traceroute)
[0;32m[PASS][0m CAP_NET_BIND_SERVICE (bit 10) is SET (expected) — can bind to ports < 1024
[0;32m[PASS][0m CAP_FOWNER (bit 3) is not set — can bypass file ownership checks
[0;32m[PASS][0m CAP_SETFCAP (bit 31) is not set — can set file capabilities

--- Phase 4: Host mount audit ---
Writable real-filesystem mounts:
[0;33m[WARN][0m Host mount: /sys/kernel/security (securityfs, rw,nosuid,nodev,noexec,relatime)
[0;33m[WARN][0m Host mount: /sys/fs/cgroup (cgroup2, rw,seclabel,nosuid,nodev,noexec,relatime,nsdelegate,memory_recursiveprot,memory_hugetlb_accounting)
[0;33m[WARN][0m Host mount: /sys/fs/pstore (pstore, rw,seclabel,nosuid,nodev,noexec,relatime)
[0;33m[WARN][0m Host mount: /sys/firmware/efi/efivars (efivarfs, rw,nosuid,nodev,noexec,relatime)
[0;33m[WARN][0m Host mount: /sys/fs/bpf (bpf, rw,nosuid,nodev,noexec,relatime,mode=700)
[0;33m[WARN][0m Host mount: /sys/kernel/config (configfs, rw,nosuid,nodev,noexec,relatime)
[0;33m[WARN][0m Host mount: /sys/fs/selinux (selinuxfs, rw,nosuid,noexec,relatime)
[0;33m[WARN][0m Host mount: /sys/fs/fuse/connections (fusectl, rw,nosuid,nodev,noexec,relatime)
[0;33m[WARN][0m Host mount: /sys/kernel/debug (debugfs, rw,seclabel,nosuid,nodev,noexec,relatime)
[0;33m[WARN][0m Host mount: /sys/kernel/debug/tracing (tracefs, rw,seclabel,nosuid,nodev,noexec,relatime)
[0;33m[WARN][0m Host mount: /sys/kernel/tracing (tracefs, rw,seclabel,nosuid,nodev,noexec,relatime)
[0;33m[WARN][0m Host mount: /root/personalization (btrfs, rw,seclabel,relatime,compress=zstd:1,ssd,discard=async,space_cache=v2,subvolid=256,subvol=/root)
[0;33m[WARN][0m Host mount: /root/.emacs.d (btrfs, rw,seclabel,relatime,compress=zstd:1,ssd,discard=async,space_cache=v2,subvolid=256,subvol=/root)
[0;33m[WARN][0m Host mount: /root/i.ar (btrfs, rw,seclabel,relatime,compress=zstd:1,ssd,discard=async,space_cache=v2,subvolid=256,subvol=/root)
[0;33m[WARN][0m Host mount: /root/i.ar/prompts (btrfs, rw,seclabel,relatime,compress=zstd:1,ssd,discard=async,space_cache=v2,subvolid=256,subvol=/root)
[0;33m[WARN][0m Host mount: /root/.emacs.d/metaconfig (btrfs, rw,seclabel,relatime,compress=zstd:1,ssd,discard=async,space_cache=v2,subvolid=256,subvol=/root)
[0;33m[WARN][0m Host mount: /root/.emacs.d/gptel-fork (btrfs, rw,seclabel,relatime,compress=zstd:1,ssd,discard=async,space_cache=v2,subvolid=256,subvol=/root)

============================================
[0;32m  PREFLIGHT PASSED[0m
============================================
Loading /root/.emacs.d/configs/paths.el (source)...
Loading /root/.emacs.d/configs/predicates.el (source)...
Loading /root/.emacs.d/configs/keybindings.el (source)...
Loading /root/.emacs.d/configs/delimiters.el (source)...
Loading /root/.emacs.d/configs/git.el (source)...
Loading /root/.emacs.d/configs/fork.el (source)...
Loading /root/.emacs.d/configs/delegate.el (source)...
Loading /root/.emacs.d/configs/cycle.el (source)...
Loading /root/.emacs.d/configs/loop-guard.el (source)...
Loading /root/.emacs.d/configs/memory.el (source)...
Loading /root/.emacs.d/configs/file-guard.el (source)...
Loading /root/.emacs.d/configs/tool-limits.el (source)...
Loading /root/.emacs.d/configs/tasks.el (source)...
Loading /root/.emacs.d/configs/mcp.el (source)...
Loading /root/.emacs.d/init.d/shared/iar-utils.el (source)...
Loading /root/.emacs.d/init.d/shared/iar-agent-utils.el (source)...
Loading /root/.emacs.d/init.d/core/iar-locale.el (source)...
Loading /root/.emacs.d/init.d/core/iar-package-setup.el (source)...
Loading /root/.emacs.d/init.d/core/iar-ui-cleanup.el (source)...
Loading /root/.emacs.d/init.d/core/iar-evil-mode.el (source)...
Loading /root/.emacs.d/init.d/core/iar-gptel-setup.el (source)...
[gptel] Using fork from /root/.emacs.d/gptel-fork (overriding ELPA package)
Loading /root/.emacs.d/configs/gptel.el (source)...
Loading /root/.emacs.d/init.d/core/iar-mcp-setup.el (source)...
Loading /root/.emacs.d/init.d/tool-call/iar-malformed-args.el (source)...
Loading /root/.emacs.d/init.d/tool-call/iar-tool-call.el (source)...
[tool-call] Layer installed
Loading /root/.emacs.d/init.d/tool-call/iar-tool-result-timestamp.el (source)...
Loading /root/.emacs.d/init.d/tool-call/iar-tool-result-budget.el (source)...
Loading /root/.emacs.d/init.d/tool-call/iar-request-log.el (source)...
[request-log] Witness installed
Loading /root/.emacs.d/init.d/tool-call/iar-context-fence.el (source)...
Loading /root/.emacs.d/init.d/tool-call/iar-msgs-fence.el (source)...
Loading /root/.emacs.d/init.d/tool-call/iar-request-watchdog.el (source)...
[watchdog] Request watchdog installed
Loading /root/.emacs.d/init.d/tool-call/iar-text-mode-detector.el (source)...
Loading /root/.emacs.d/init.d/agent/iar-prompt-loader.el (source)...
Loading /root/.emacs.d/init.d/core/iar-mount-awareness.el (source)...
Loading /root/.emacs.d/init.d/core/iar-rate-limit.el (source)...
Loading /root/.emacs.d/init.d/security/iar-output-sanitizer.el (source)...
Loading /root/.emacs.d/init.d/security/iar-file-guard.el (source)...
Loading /root/.emacs.d/init.d/security/iar-audit-log.el (source)...
Loading /root/.emacs.d/init.d/security/iar-loop-guard.el (source)...
Loading /root/.emacs.d/init.d/security/iar-loop-guard-chain.el (source)...
Loading /root/.emacs.d/init.d/security/iar-tool-guard.el (source)...
Loading /root/.emacs.d/init.d/security/iar-utf8-scrub.el (source)...
Loading /root/.emacs.d/init.d/tools/filesystem/list_directory.el (source)...
Loading /root/.emacs.d/init.d/tools/filesystem/read_file.el (source)...
Loading /root/.emacs.d/init.d/tools/filesystem/write_file.el (source)...
Loading /root/.emacs.d/init.d/tools/filesystem/append_file.el (source)...
Loading /root/.emacs.d/init.d/tools/code/execute_code_local.el (source)...
Loading /root/.emacs.d/init.d/tools/code/execute_code_remote.el (source)...
Loading /root/.emacs.d/init.d/tools/code/check_elisp.el (source)...
Loading /root/.emacs.d/init.d/tools/tasks/read_task.el (source)...
Loading /root/.emacs.d/init.d/tools/tasks/create_task.el (source)...
Loading /root/.emacs.d/init.d/tools/tasks/write_subtask.el (source)...
Loading /root/.emacs.d/init.d/tools/tasks/remove_task.el (source)...
Loading /root/.emacs.d/init.d/tools/tasks/read_history.el (source)...
Loading /root/.emacs.d/init.d/tools/tasks/read_roadmap.el (source)...
Loading /root/.emacs.d/init.d/tools/tasks/write_roadmap.el (source)...
Loading /root/.emacs.d/init.d/tools/notify/telegram.el (source)...
Loading /root/.emacs.d/init.d/tools/git/git_commit.el (source)...
Loading /root/.emacs.d/init.d/tools/knowledge/read_knowledge.el (source)...
Loading /root/.emacs.d/init.d/agent/iar-project-parser.el (source)...
Loading /root/.emacs.d/init.d/agent/iar-prompt-assembly.el (source)...
Loading /root/.emacs.d/init.d/agent/iar-agent-loader.el (source)...
Loading /root/.emacs.d/init.d/agent/iar-knowledge-loader.el (source)...
Loading /root/.emacs.d/init.d/agent/iar-buffer-info.el (source)...
Loading /root/.emacs.d/init.d/tools/agent/delegate.el (source)...
Loading /root/.emacs.d/init.d/tools/agent/reload_os.el (source)...
Loading /root/.emacs.d/init.d/tools/agent/reload_agent.el (source)...
Loading /root/.emacs.d/init.d/tools/agent/read_own_prompt.el (source)...
Loading /root/.emacs.d/init.d/agent/iar-guidelines-checker.el (source)...
Loading /root/.emacs.d/init.d/agent/iar-agent-cycle.el (source)...
Loading /root/.emacs.d/init.d/debug/iar-status-mode.el (source)...
[status-mode] Installed
Loading /root/.emacs.d/init.d/session/iar-quit.el (source)...
[aria] Starting cycle with 3600s timeout (archetype: aria-cycle, project: iar, cycle: aria_daily)
[assembly] DIGEST [iar/aria] 13307 chars (warn at 12000) -- injected full on every request; diet it
[aria] Assembled prompt: 49003 chars (~12250 tokens), 21 tools
[aria] Sending cycle prompt to aria agent...
Querying Ollama...
Ollama error: (HTTP/1.1 429 Too Many Requests) you (Randazzo) have reached your weekly usage limit, add usage credits: https://ollama.com/settings (ref: 17b02938-deec-466f-9064-22b0f16af2e2)
[aria] Cycle request FAILED (strike 1/3)
[aria] No active requests for 1800s -- stalled, exit 1
[aria] Cycle complete. Turns: 0, Tool calls: 0, Exit: 1
Tokens: 0 in / 0 out / 0 total
Requests: 1
[0;31m[ERR][2026-09-13 06:25:34][0m Cycle 1 failed in 1815s (exit 1)

[0;34m[INF][2026-09-13 06:55:53][0m --- Cycle 1/1 ---
Already up to date.
============================================
  Preflight Mount Audit — Emacboros
  2026-09-13T09:55:53Z
============================================

--- Phase 1: /proc/mounts scan ---

--- Phase 2: Writability tests ---
[0;32m[PASS][0m /root/.emacs.d/.git/hooks — does not exist
[0;32m[PASS][0m /var/run/docker.sock — does not exist
[0;32m[PASS][0m /etc/cron.d — does not exist
[0;32m[PASS][0m /var/spool/cron — does not exist
[0;32m[PASS][0m /etc/systemd/system — directory is read-only
[0;32m[PASS][0m /etc/systemd — directory is read-only

--- Phase 3: Capability audit ---
[0;32m[PASS][0m CAP_DAC_OVERRIDE (bit 1) is not set — can bypass file read/write/execute permissions
[0;32m[PASS][0m CAP_SYS_ADMIN (bit 21) is not set — broad system administration (mount, namespaces, etc.)
[0;32m[PASS][0m CAP_SETUID (bit 7) is not set — can change process UID
[0;32m[PASS][0m CAP_SETGID (bit 6) is not set — can change process GID
[0;32m[PASS][0m CAP_MKNOD (bit 27) is not set — can create special device files
[0;32m[PASS][0m CAP_NET_RAW (bit 13) is SET (expected) — can create raw network sockets (needed for nmap/traceroute)
[0;32m[PASS][0m CAP_NET_BIND_SERVICE (bit 10) is SET (expected) — can bind to ports < 1024
[0;32m[PASS][0m CAP_FOWNER (bit 3) is not set — can bypass file ownership checks
[0;32m[PASS][0m CAP_SETFCAP (bit 31) is not set — can set file capabilities

--- Phase 4: Host mount audit ---
Writable real-filesystem mounts:
[0;33m[WARN][0m Host mount: /sys/kernel/security (securityfs, rw,nosuid,nodev,noexec,relatime)
[0;33m[WARN][0m Host mount: /sys/fs/cgroup (cgroup2, rw,seclabel,nosuid,nodev,noexec,relatime,nsdelegate,memory_recursiveprot,memory_hugetlb_accounting)
[0;33m[WARN][0m Host mount: /sys/fs/pstore (pstore, rw,seclabel,nosuid,nodev,noexec,relatime)
[0;33m[WARN][0m Host mount: /sys/firmware/efi/efivars (efivarfs, rw,nosuid,nodev,noexec,relatime)
[0;33m[WARN][0m Host mount: /sys/fs/bpf (bpf, rw,nosuid,nodev,noexec,relatime,mode=700)
[0;33m[WARN][0m Host mount: /sys/kernel/config (configfs, rw,nosuid,nodev,noexec,relatime)
[0;33m[WARN][0m Host mount: /sys/fs/selinux (selinuxfs, rw,nosuid,noexec,relatime)
[0;33m[WARN][0m Host mount: /sys/fs/fuse/connections (fusectl, rw,nosuid,nodev,noexec,relatime)
[0;33m[WARN][0m Host mount: /sys/kernel/debug (debugfs, rw,seclabel,nosuid,nodev,noexec,relatime)
[0;33m[WARN][0m Host mount: /sys/kernel/debug/tracing (tracefs, rw,seclabel,nosuid,nodev,noexec,relatime)
[0;33m[WARN][0m Host mount: /sys/kernel/tracing (tracefs, rw,seclabel,nosuid,nodev,noexec,relatime)
[0;33m[WARN][0m Host mount: /root/i.ar (btrfs, rw,seclabel,relatime,compress=zstd:1,ssd,discard=async,space_cache=v2,subvolid=256,subvol=/root)
[0;33m[WARN][0m Host mount: /root/personalization (btrfs, rw,seclabel,relatime,compress=zstd:1,ssd,discard=async,space_cache=v2,subvolid=256,subvol=/root)
[0;33m[WARN][0m Host mount: /root/.emacs.d (btrfs, rw,seclabel,relatime,compress=zstd:1,ssd,discard=async,space_cache=v2,subvolid=256,subvol=/root)
[0;33m[WARN][0m Host mount: /root/.emacs.d/gptel-fork (btrfs, rw,seclabel,relatime,compress=zstd:1,ssd,discard=async,space_cache=v2,subvolid=256,subvol=/root)
[0;33m[WARN][0m Host mount: /root/.emacs.d/metaconfig (btrfs, rw,seclabel,relatime,compress=zstd:1,ssd,discard=async,space_cache=v2,subvolid=256,subvol=/root)
[0;33m[WARN][0m Host mount: /root/i.ar/prompts (btrfs, rw,seclabel,relatime,compress=zstd:1,ssd,discard=async,space_cache=v2,subvolid=256,subvol=/root)

============================================
[0;32m  PREFLIGHT PASSED[0m
============================================
Loading /root/.emacs.d/configs/paths.el (source)...
Loading /root/.emacs.d/configs/predicates.el (source)...
Loading /root/.emacs.d/configs/keybindings.el (source)...
Loading /root/.emacs.d/configs/delimiters.el (source)...
Loading /root/.emacs.d/configs/git.el (source)...
Loading /root/.emacs.d/configs/fork.el (source)...
Loading /root/.emacs.d/configs/delegate.el (source)...
Loading /root/.emacs.d/configs/cycle.el (source)...
Loading /root/.emacs.d/configs/loop-guard.el (source)...
Loading /root/.emacs.d/configs/memory.el (source)...
Loading /root/.emacs.d/configs/file-guard.el (source)...
Loading /root/.emacs.d/configs/tool-limits.el (source)...
Loading /root/.emacs.d/configs/tasks.el (source)...
Loading /root/.emacs.d/configs/mcp.el (source)...
Loading /root/.emacs.d/init.d/shared/iar-utils.el (source)...
Loading /root/.emacs.d/init.d/shared/iar-agent-utils.el (source)...
Loading /root/.emacs.d/init.d/core/iar-locale.el (source)...
Loading /root/.emacs.d/init.d/core/iar-package-setup.el (source)...
Loading /root/.emacs.d/init.d/core/iar-ui-cleanup.el (source)...
Loading /root/.emacs.d/init.d/core/iar-evil-mode.el (source)...
Loading /root/.emacs.d/init.d/core/iar-gptel-setup.el (source)...
[gptel] Using fork from /root/.emacs.d/gptel-fork (overriding ELPA package)
Loading /root/.emacs.d/configs/gptel.el (source)...
Loading /root/.emacs.d/init.d/core/iar-mcp-setup.el (source)...
Loading /root/.emacs.d/init.d/tool-call/iar-malformed-args.el (source)...
Loading /root/.emacs.d/init.d/tool-call/iar-tool-call.el (source)...
[tool-call] Layer installed
Loading /root/.emacs.d/init.d/tool-call/iar-tool-result-timestamp.el (source)...
Loading /root/.emacs.d/init.d/tool-call/iar-tool-result-budget.el (source)...
Loading /root/.emacs.d/init.d/tool-call/iar-request-log.el (source)...
[request-log] Witness installed
Loading /root/.emacs.d/init.d/tool-call/iar-context-fence.el (source)...
Loading /root/.emacs.d/init.d/tool-call/iar-msgs-fence.el (source)...
Loading /root/.emacs.d/init.d/tool-call/iar-request-watchdog.el (source)...
[watchdog] Request watchdog installed
Loading /root/.emacs.d/init.d/tool-call/iar-text-mode-detector.el (source)...
Loading /root/.emacs.d/init.d/agent/iar-prompt-loader.el (source)...
Loading /root/.emacs.d/init.d/core/iar-mount-awareness.el (source)...
Loading /root/.emacs.d/init.d/core/iar-rate-limit.el (source)...
Loading /root/.emacs.d/init.d/security/iar-output-sanitizer.el (source)...
Loading /root/.emacs.d/init.d/security/iar-file-guard.el (source)...
Loading /root/.emacs.d/init.d/security/iar-audit-log.el (source)...
Loading /root/.emacs.d/init.d/security/iar-loop-guard.el (source)...
Loading /root/.emacs.d/init.d/security/iar-loop-guard-chain.el (source)...
Loading /root/.emacs.d/init.d/security/iar-tool-guard.el (source)...
Loading /root/.emacs.d/init.d/security/iar-utf8-scrub.el (source)...
Loading /root/.emacs.d/init.d/tools/filesystem/list_directory.el (source)...
Loading /root/.emacs.d/init.d/tools/filesystem/read_file.el (source)...
Loading /root/.emacs.d/init.d/tools/filesystem/write_file.el (source)...
Loading /root/.emacs.d/init.d/tools/filesystem/append_file.el (source)...
Loading /root/.emacs.d/init.d/tools/code/execute_code_local.el (source)...
Loading /root/.emacs.d/init.d/tools/code/execute_code_remote.el (source)...
Loading /root/.emacs.d/init.d/tools/code/check_elisp.el (source)...
Loading /root/.emacs.d/init.d/tools/tasks/read_task.el (source)...
Loading /root/.emacs.d/init.d/tools/tasks/create_task.el (source)...
Loading /root/.emacs.d/init.d/tools/tasks/write_subtask.el (source)...
Loading /root/.emacs.d/init.d/tools/tasks/remove_task.el (source)...
Loading /root/.emacs.d/init.d/tools/tasks/read_history.el (source)...
Loading /root/.emacs.d/init.d/tools/tasks/read_roadmap.el (source)...
Loading /root/.emacs.d/init.d/tools/tasks/write_roadmap.el (source)...
Loading /root/.emacs.d/init.d/tools/notify/telegram.el (source)...
Loading /root/.emacs.d/init.d/tools/git/git_commit.el (source)...
Loading /root/.emacs.d/init.d/tools/knowledge/read_knowledge.el (source)...
Loading /root/.emacs.d/init.d/agent/iar-project-parser.el (source)...
Loading /root/.emacs.d/init.d/agent/iar-prompt-assembly.el (source)...
Loading /root/.emacs.d/init.d/agent/iar-agent-loader.el (source)...
Loading /root/.emacs.d/init.d/agent/iar-knowledge-loader.el (source)...
Loading /root/.emacs.d/init.d/agent/iar-buffer-info.el (source)...
Loading /root/.emacs.d/init.d/tools/agent/delegate.el (source)...
Loading /root/.emacs.d/init.d/tools/agent/reload_os.el (source)...
Loading /root/.emacs.d/init.d/tools/agent/reload_agent.el (source)...
Loading /root/.emacs.d/init.d/tools/agent/read_own_prompt.el (source)...
Loading /root/.emacs.d/init.d/agent/iar-guidelines-checker.el (source)...
Loading /root/.emacs.d/init.d/agent/iar-agent-cycle.el (source)...
Loading /root/.emacs.d/init.d/debug/iar-status-mode.el (source)...
[status-mode] Installed
Loading /root/.emacs.d/init.d/session/iar-quit.el (source)...
[aria] Starting cycle with 3600s timeout (archetype: aria-cycle, project: iar, cycle: aria_daily)
[assembly] DIGEST [iar/aria] 13307 chars (warn at 12000) -- injected full on every request; diet it
[aria] Assembled prompt: 49005 chars (~12251 tokens), 21 tools
[aria] Sending cycle prompt to aria agent...
Querying Ollama...
Ollama error: (HTTP/1.1 429 Too Many Requests) you (Randazzo) have reached your weekly usage limit, add usage credits: https://ollama.com/settings (ref: d9a99264-f57b-4044-b038-373042f5d0b4)
[aria] Cycle request FAILED (strike 1/3)
[aria] No active requests for 1800s -- stalled, exit 1
[aria] Cycle complete. Turns: 0, Tool calls: 0, Exit: 1
Tokens: 0 in / 0 out / 0 total
Requests: 1
[0;31m[ERR][2026-09-13 07:26:08][0m Cycle 1 failed in 1815s (exit 1)

[0;34m[INF][2026-09-13 07:56:27][0m --- Cycle 1/1 ---
Already up to date.
============================================
  Preflight Mount Audit — Emacboros
  2026-09-13T10:56:28Z
============================================

--- Phase 1: /proc/mounts scan ---

--- Phase 2: Writability tests ---
[0;32m[PASS][0m /root/.emacs.d/.git/hooks — does not exist
[0;32m[PASS][0m /var/run/docker.sock — does not exist
[0;32m[PASS][0m /etc/cron.d — does not exist
[0;32m[PASS][0m /var/spool/cron — does not exist
[0;32m[PASS][0m /etc/systemd/system — directory is read-only
[0;32m[PASS][0m /etc/systemd — directory is read-only

--- Phase 3: Capability audit ---
[0;32m[PASS][0m CAP_DAC_OVERRIDE (bit 1) is not set — can bypass file read/write/execute permissions
[0;32m[PASS][0m CAP_SYS_ADMIN (bit 21) is not set — broad system administration (mount, namespaces, etc.)
[0;32m[PASS][0m CAP_SETUID (bit 7) is not set — can change process UID
[0;32m[PASS][0m CAP_SETGID (bit 6) is not set — can change process GID
[0;32m[PASS][0m CAP_MKNOD (bit 27) is not set — can create special device files
[0;32m[PASS][0m CAP_NET_RAW (bit 13) is SET (expected) — can create raw network sockets (needed for nmap/traceroute)
[0;32m[PASS][0m CAP_NET_BIND_SERVICE (bit 10) is SET (expected) — can bind to ports < 1024
[0;32m[PASS][0m CAP_FOWNER (bit 3) is not set — can bypass file ownership checks
[0;32m[PASS][0m CAP_SETFCAP (bit 31) is not set — can set file capabilities

--- Phase 4: Host mount audit ---
Writable real-filesystem mounts:
[0;33m[WARN][0m Host mount: /sys/kernel/security (securityfs, rw,nosuid,nodev,noexec,relatime)
[0;33m[WARN][0m Host mount: /sys/fs/cgroup (cgroup2, rw,seclabel,nosuid,nodev,noexec,relatime,nsdelegate,memory_recursiveprot,memory_hugetlb_accounting)
[0;33m[WARN][0m Host mount: /sys/fs/pstore (pstore, rw,seclabel,nosuid,nodev,noexec,relatime)
[0;33m[WARN][0m Host mount: /sys/firmware/efi/efivars (efivarfs, rw,nosuid,nodev,noexec,relatime)
[0;33m[WARN][0m Host mount: /sys/fs/bpf (bpf, rw,nosuid,nodev,noexec,relatime,mode=700)
[0;33m[WARN][0m Host mount: /sys/kernel/config (configfs, rw,nosuid,nodev,noexec,relatime)
[0;33m[WARN][0m Host mount: /sys/fs/selinux (selinuxfs, rw,nosuid,noexec,relatime)
[0;33m[WARN][0m Host mount: /sys/fs/fuse/connections (fusectl, rw,nosuid,nodev,noexec,relatime)
[0;33m[WARN][0m Host mount: /sys/kernel/debug (debugfs, rw,seclabel,nosuid,nodev,noexec,relatime)
[0;33m[WARN][0m Host mount: /sys/kernel/debug/tracing (tracefs, rw,seclabel,nosuid,nodev,noexec,relatime)
[0;33m[WARN][0m Host mount: /sys/kernel/tracing (tracefs, rw,seclabel,nosuid,nodev,noexec,relatime)
[0;33m[WARN][0m Host mount: /root/personalization (btrfs, rw,seclabel,relatime,compress=zstd:1,ssd,discard=async,space_cache=v2,subvolid=256,subvol=/root)
[0;33m[WARN][0m Host mount: /root/.emacs.d (btrfs, rw,seclabel,relatime,compress=zstd:1,ssd,discard=async,space_cache=v2,subvolid=256,subvol=/root)
[0;33m[WARN][0m Host mount: /root/i.ar (btrfs, rw,seclabel,relatime,compress=zstd:1,ssd,discard=async,space_cache=v2,subvolid=256,subvol=/root)
[0;33m[WARN][0m Host mount: /root/.emacs.d/gptel-fork (btrfs, rw,seclabel,relatime,compress=zstd:1,ssd,discard=async,space_cache=v2,subvolid=256,subvol=/root)
[0;33m[WARN][0m Host mount: /root/.emacs.d/metaconfig (btrfs, rw,seclabel,relatime,compress=zstd:1,ssd,discard=async,space_cache=v2,subvolid=256,subvol=/root)
[0;33m[WARN][0m Host mount: /root/i.ar/prompts (btrfs, rw,seclabel,relatime,compress=zstd:1,ssd,discard=async,space_cache=v2,subvolid=256,subvol=/root)

============================================
[0;32m  PREFLIGHT PASSED[0m
============================================
Loading /root/.emacs.d/configs/paths.el (source)...
Loading /root/.emacs.d/configs/predicates.el (source)...
Loading /root/.emacs.d/configs/keybindings.el (source)...
Loading /root/.emacs.d/configs/delimiters.el (source)...
Loading /root/.emacs.d/configs/git.el (source)...
Loading /root/.emacs.d/configs/fork.el (source)...
Loading /root/.emacs.d/configs/delegate.el (source)...
Loading /root/.emacs.d/configs/cycle.el (source)...
Loading /root/.emacs.d/configs/loop-guard.el (source)...
Loading /root/.emacs.d/configs/memory.el (source)...
Loading /root/.emacs.d/configs/file-guard.el (source)...
Loading /root/.emacs.d/configs/tool-limits.el (source)...
Loading /root/.emacs.d/configs/tasks.el (source)...
Loading /root/.emacs.d/configs/mcp.el (source)...
Loading /root/.emacs.d/init.d/shared/iar-utils.el (source)...
Loading /root/.emacs.d/init.d/shared/iar-agent-utils.el (source)...
Loading /root/.emacs.d/init.d/core/iar-locale.el (source)...
Loading /root/.emacs.d/init.d/core/iar-package-setup.el (source)...
Loading /root/.emacs.d/init.d/core/iar-ui-cleanup.el (source)...
Loading /root/.emacs.d/init.d/core/iar-evil-mode.el (source)...
Loading /root/.emacs.d/init.d/core/iar-gptel-setup.el (source)...
[gptel] Using fork from /root/.emacs.d/gptel-fork (overriding ELPA package)
Loading /root/.emacs.d/configs/gptel.el (source)...
Loading /root/.emacs.d/init.d/core/iar-mcp-setup.el (source)...
Loading /root/.emacs.d/init.d/tool-call/iar-malformed-args.el (source)...
Loading /root/.emacs.d/init.d/tool-call/iar-tool-call.el (source)...
[tool-call] Layer installed
Loading /root/.emacs.d/init.d/tool-call/iar-tool-result-timestamp.el (source)...
Loading /root/.emacs.d/init.d/tool-call/iar-tool-result-budget.el (source)...
Loading /root/.emacs.d/init.d/tool-call/iar-request-log.el (source)...
[request-log] Witness installed
Loading /root/.emacs.d/init.d/tool-call/iar-context-fence.el (source)...
Loading /root/.emacs.d/init.d/tool-call/iar-msgs-fence.el (source)...
Loading /root/.emacs.d/init.d/tool-call/iar-request-watchdog.el (source)...
[watchdog] Request watchdog installed
Loading /root/.emacs.d/init.d/tool-call/iar-text-mode-detector.el (source)...
Loading /root/.emacs.d/init.d/agent/iar-prompt-loader.el (source)...
Loading /root/.emacs.d/init.d/core/iar-mount-awareness.el (source)...
Loading /root/.emacs.d/init.d/core/iar-rate-limit.el (source)...
Loading /root/.emacs.d/init.d/security/iar-output-sanitizer.el (source)...
Loading /root/.emacs.d/init.d/security/iar-file-guard.el (source)...
Loading /root/.emacs.d/init.d/security/iar-audit-log.el (source)...
Loading /root/.emacs.d/init.d/security/iar-loop-guard.el (source)...
Loading /root/.emacs.d/init.d/security/iar-loop-guard-chain.el (source)...
Loading /root/.emacs.d/init.d/security/iar-tool-guard.el (source)...
Loading /root/.emacs.d/init.d/security/iar-utf8-scrub.el (source)...
Loading /root/.emacs.d/init.d/tools/filesystem/list_directory.el (source)...
Loading /root/.emacs.d/init.d/tools/filesystem/read_file.el (source)...
Loading /root/.emacs.d/init.d/tools/filesystem/write_file.el (source)...
Loading /root/.emacs.d/init.d/tools/filesystem/append_file.el (source)...
Loading /root/.emacs.d/init.d/tools/code/execute_code_local.el (source)...
Loading /root/.emacs.d/init.d/tools/code/execute_code_remote.el (source)...
Loading /root/.emacs.d/init.d/tools/code/check_elisp.el (source)...
Loading /root/.emacs.d/init.d/tools/tasks/read_task.el (source)...
Loading /root/.emacs.d/init.d/tools/tasks/create_task.el (source)...
Loading /root/.emacs.d/init.d/tools/tasks/write_subtask.el (source)...
Loading /root/.emacs.d/init.d/tools/tasks/remove_task.el (source)...
Loading /root/.emacs.d/init.d/tools/tasks/read_history.el (source)...
Loading /root/.emacs.d/init.d/tools/tasks/read_roadmap.el (source)...
Loading /root/.emacs.d/init.d/tools/tasks/write_roadmap.el (source)...
Loading /root/.emacs.d/init.d/tools/notify/telegram.el (source)...
Loading /root/.emacs.d/init.d/tools/git/git_commit.el (source)...
Loading /root/.emacs.d/init.d/tools/knowledge/read_knowledge.el (source)...
Loading /root/.emacs.d/init.d/agent/iar-project-parser.el (source)...
Loading /root/.emacs.d/init.d/agent/iar-prompt-assembly.el (source)...
Loading /root/.emacs.d/init.d/agent/iar-agent-loader.el (source)...
Loading /root/.emacs.d/init.d/agent/iar-knowledge-loader.el (source)...
Loading /root/.emacs.d/init.d/agent/iar-buffer-info.el (source)...
Loading /root/.emacs.d/init.d/tools/agent/delegate.el (source)...
Loading /root/.emacs.d/init.d/tools/agent/reload_os.el (source)...
Loading /root/.emacs.d/init.d/tools/agent/reload_agent.el (source)...
Loading /root/.emacs.d/init.d/tools/agent/read_own_prompt.el (source)...
Loading /root/.emacs.d/init.d/agent/iar-guidelines-checker.el (source)...
Loading /root/.emacs.d/init.d/agent/iar-agent-cycle.el (source)...
Loading /root/.emacs.d/init.d/debug/iar-status-mode.el (source)...
[status-mode] Installed
Loading /root/.emacs.d/init.d/session/iar-quit.el (source)...
[aria] Starting cycle with 3600s timeout (archetype: aria-cycle, project: iar, cycle: aria_daily)
[assembly] DIGEST [iar/aria] 13307 chars (warn at 12000) -- injected full on every request; diet it
[aria] Assembled prompt: 49058 chars (~12264 tokens), 21 tools
[aria] Sending cycle prompt to aria agent...
Querying Ollama...
Ollama error: (HTTP/1.1 429 Too Many Requests) you (Randazzo) have reached your weekly usage limit, add usage credits: https://ollama.com/settings (ref: a7a7e22a-e05d-4ab5-98b6-80d9793111cf)
[aria] Cycle request FAILED (strike 1/3)
[aria] No active requests for 1800s -- stalled, exit 1
[aria] Cycle complete. Turns: 0, Tool calls: 0, Exit: 1
Tokens: 0 in / 0 out / 0 total
Requests: 1
[0;31m[ERR][2026-09-13 08:26:42][0m Cycle 1 failed in 1815s (exit 1)

[0;34m[INF][2026-09-13 08:57:01][0m --- Cycle 1/1 ---
Already up to date.
============================================
  Preflight Mount Audit — Emacboros
  2026-09-13T11:57:02Z
============================================

--- Phase 1: /proc/mounts scan ---

--- Phase 2: Writability tests ---
[0;32m[PASS][0m /root/.emacs.d/.git/hooks — does not exist
[0;32m[PASS][0m /var/run/docker.sock — does not exist
[0;32m[PASS][0m /etc/cron.d — does not exist
[0;32m[PASS][0m /var/spool/cron — does not exist
[0;32m[PASS][0m /etc/systemd/system — directory is read-only
[0;32m[PASS][0m /etc/systemd — directory is read-only

--- Phase 3: Capability audit ---
[0;32m[PASS][0m CAP_DAC_OVERRIDE (bit 1) is not set — can bypass file read/write/execute permissions
[0;32m[PASS][0m CAP_SYS_ADMIN (bit 21) is not set — broad system administration (mount, namespaces, etc.)
[0;32m[PASS][0m CAP_SETUID (bit 7) is not set — can change process UID
[0;32m[PASS][0m CAP_SETGID (bit 6) is not set — can change process GID
[0;32m[PASS][0m CAP_MKNOD (bit 27) is not set — can create special device files
[0;32m[PASS][0m CAP_NET_RAW (bit 13) is SET (expected) — can create raw network sockets (needed for nmap/traceroute)
[0;32m[PASS][0m CAP_NET_BIND_SERVICE (bit 10) is SET (expected) — can bind to ports < 1024
[0;32m[PASS][0m CAP_FOWNER (bit 3) is not set — can bypass file ownership checks
[0;32m[PASS][0m CAP_SETFCAP (bit 31) is not set — can set file capabilities

--- Phase 4: Host mount audit ---
Writable real-filesystem mounts:
[0;33m[WARN][0m Host mount: /sys/kernel/security (securityfs, rw,nosuid,nodev,noexec,relatime)
[0;33m[WARN][0m Host mount: /sys/fs/cgroup (cgroup2, rw,seclabel,nosuid,nodev,noexec,relatime,nsdelegate,memory_recursiveprot,memory_hugetlb_accounting)
[0;33m[WARN][0m Host mount: /sys/fs/pstore (pstore, rw,seclabel,nosuid,nodev,noexec,relatime)
[0;33m[WARN][0m Host mount: /sys/firmware/efi/efivars (efivarfs, rw,nosuid,nodev,noexec,relatime)
[0;33m[WARN][0m Host mount: /sys/fs/bpf (bpf, rw,nosuid,nodev,noexec,relatime,mode=700)
[0;33m[WARN][0m Host mount: /sys/kernel/config (configfs, rw,nosuid,nodev,noexec,relatime)
[0;33m[WARN][0m Host mount: /sys/fs/selinux (selinuxfs, rw,nosuid,noexec,relatime)
[0;33m[WARN][0m Host mount: /sys/fs/fuse/connections (fusectl, rw,nosuid,nodev,noexec,relatime)
[0;33m[WARN][0m Host mount: /sys/kernel/debug (debugfs, rw,seclabel,nosuid,nodev,noexec,relatime)
[0;33m[WARN][0m Host mount: /sys/kernel/debug/tracing (tracefs, rw,seclabel,nosuid,nodev,noexec,relatime)
[0;33m[WARN][0m Host mount: /sys/kernel/tracing (tracefs, rw,seclabel,nosuid,nodev,noexec,relatime)
[0;33m[WARN][0m Host mount: /root/personalization (btrfs, rw,seclabel,relatime,compress=zstd:1,ssd,discard=async,space_cache=v2,subvolid=256,subvol=/root)
[0;33m[WARN][0m Host mount: /root/i.ar (btrfs, rw,seclabel,relatime,compress=zstd:1,ssd,discard=async,space_cache=v2,subvolid=256,subvol=/root)
[0;33m[WARN][0m Host mount: /root/.emacs.d (btrfs, rw,seclabel,relatime,compress=zstd:1,ssd,discard=async,space_cache=v2,subvolid=256,subvol=/root)
[0;33m[WARN][0m Host mount: /root/i.ar/prompts (btrfs, rw,seclabel,relatime,compress=zstd:1,ssd,discard=async,space_cache=v2,subvolid=256,subvol=/root)
[0;33m[WARN][0m Host mount: /root/.emacs.d/metaconfig (btrfs, rw,seclabel,relatime,compress=zstd:1,ssd,discard=async,space_cache=v2,subvolid=256,subvol=/root)
[0;33m[WARN][0m Host mount: /root/.emacs.d/gptel-fork (btrfs, rw,seclabel,relatime,compress=zstd:1,ssd,discard=async,space_cache=v2,subvolid=256,subvol=/root)

============================================
[0;32m  PREFLIGHT PASSED[0m
============================================
Loading /root/.emacs.d/configs/paths.el (source)...
Loading /root/.emacs.d/configs/predicates.el (source)...
Loading /root/.emacs.d/configs/keybindings.el (source)...
Loading /root/.emacs.d/configs/delimiters.el (source)...
Loading /root/.emacs.d/configs/git.el (source)...
Loading /root/.emacs.d/configs/fork.el (source)...
Loading /root/.emacs.d/configs/delegate.el (source)...
Loading /root/.emacs.d/configs/cycle.el (source)...
Loading /root/.emacs.d/configs/loop-guard.el (source)...
Loading /root/.emacs.d/configs/memory.el (source)...
Loading /root/.emacs.d/configs/file-guard.el (source)...
Loading /root/.emacs.d/configs/tool-limits.el (source)...
Loading /root/.emacs.d/configs/tasks.el (source)...
Loading /root/.emacs.d/configs/mcp.el (source)...
Loading /root/.emacs.d/init.d/shared/iar-utils.el (source)...
Loading /root/.emacs.d/init.d/shared/iar-agent-utils.el (source)...
Loading /root/.emacs.d/init.d/core/iar-locale.el (source)...
Loading /root/.emacs.d/init.d/core/iar-package-setup.el (source)...
Loading /root/.emacs.d/init.d/core/iar-ui-cleanup.el (source)...
Loading /root/.emacs.d/init.d/core/iar-evil-mode.el (source)...
Loading /root/.emacs.d/init.d/core/iar-gptel-setup.el (source)...
[gptel] Using fork from /root/.emacs.d/gptel-fork (overriding ELPA package)
Loading /root/.emacs.d/configs/gptel.el (source)...
Loading /root/.emacs.d/init.d/core/iar-mcp-setup.el (source)...
Loading /root/.emacs.d/init.d/tool-call/iar-malformed-args.el (source)...
Loading /root/.emacs.d/init.d/tool-call/iar-tool-call.el (source)...
[tool-call] Layer installed
Loading /root/.emacs.d/init.d/tool-call/iar-tool-result-timestamp.el (source)...
Loading /root/.emacs.d/init.d/tool-call/iar-tool-result-budget.el (source)...
Loading /root/.emacs.d/init.d/tool-call/iar-request-log.el (source)...
[request-log] Witness installed
Loading /root/.emacs.d/init.d/tool-call/iar-context-fence.el (source)...
Loading /root/.emacs.d/init.d/tool-call/iar-msgs-fence.el (source)...
Loading /root/.emacs.d/init.d/tool-call/iar-request-watchdog.el (source)...
[watchdog] Request watchdog installed
Loading /root/.emacs.d/init.d/tool-call/iar-text-mode-detector.el (source)...
Loading /root/.emacs.d/init.d/agent/iar-prompt-loader.el (source)...
Loading /root/.emacs.d/init.d/core/iar-mount-awareness.el (source)...
Loading /root/.emacs.d/init.d/core/iar-rate-limit.el (source)...
Loading /root/.emacs.d/init.d/security/iar-output-sanitizer.el (source)...
Loading /root/.emacs.d/init.d/security/iar-file-guard.el (source)...
Loading /root/.emacs.d/init.d/security/iar-audit-log.el (source)...
Loading /root/.emacs.d/init.d/security/iar-loop-guard.el (source)...
Loading /root/.emacs.d/init.d/security/iar-loop-guard-chain.el (source)...
Loading /root/.emacs.d/init.d/security/iar-tool-guard.el (source)...
Loading /root/.emacs.d/init.d/security/iar-utf8-scrub.el (source)...
Loading /root/.emacs.d/init.d/tools/filesystem/list_directory.el (source)...
Loading /root/.emacs.d/init.d/tools/filesystem/read_file.el (source)...
Loading /root/.emacs.d/init.d/tools/filesystem/write_file.el (source)...
Loading /root/.emacs.d/init.d/tools/filesystem/append_file.el (source)...
Loading /root/.emacs.d/init.d/tools/code/execute_code_local.el (source)...
Loading /root/.emacs.d/init.d/tools/code/execute_code_remote.el (source)...
Loading /root/.emacs.d/init.d/tools/code/check_elisp.el (source)...
Loading /root/.emacs.d/init.d/tools/tasks/read_task.el (source)...
Loading /root/.emacs.d/init.d/tools/tasks/create_task.el (source)...
Loading /root/.emacs.d/init.d/tools/tasks/write_subtask.el (source)...
Loading /root/.emacs.d/init.d/tools/tasks/remove_task.el (source)...
Loading /root/.emacs.d/init.d/tools/tasks/read_history.el (source)...
Loading /root/.emacs.d/init.d/tools/tasks/read_roadmap.el (source)...
Loading /root/.emacs.d/init.d/tools/tasks/write_roadmap.el (source)...
Loading /root/.emacs.d/init.d/tools/notify/telegram.el (source)...
Loading /root/.emacs.d/init.d/tools/git/git_commit.el (source)...
Loading /root/.emacs.d/init.d/tools/knowledge/read_knowledge.el (source)...
Loading /root/.emacs.d/init.d/agent/iar-project-parser.el (source)...
Loading /root/.emacs.d/init.d/agent/iar-prompt-assembly.el (source)...
Loading /root/.emacs.d/init.d/agent/iar-agent-loader.el (source)...
Loading /root/.emacs.d/init.d/agent/iar-knowledge-loader.el (source)...
Loading /root/.emacs.d/init.d/agent/iar-buffer-info.el (source)...
Loading /root/.emacs.d/init.d/tools/agent/delegate.el (source)...
Loading /root/.emacs.d/init.d/tools/agent/reload_os.el (source)...
Loading /root/.emacs.d/init.d/tools/agent/reload_agent.el (source)...
Loading /root/.emacs.d/init.d/tools/agent/read_own_prompt.el (source)...
Loading /root/.emacs.d/init.d/agent/iar-guidelines-checker.el (source)...
Loading /root/.emacs.d/init.d/agent/iar-agent-cycle.el (source)...
Loading /root/.emacs.d/init.d/debug/iar-status-mode.el (source)...
[status-mode] Installed
Loading /root/.emacs.d/init.d/session/iar-quit.el (source)...
[aria] Starting cycle with 3600s timeout (archetype: aria-cycle, project: iar, cycle: aria_daily)
[assembly] DIGEST [iar/aria] 13307 chars (warn at 12000) -- injected full on every request; diet it
[aria] Assembled prompt: 49005 chars (~12251 tokens), 21 tools
[aria] Sending cycle prompt to aria agent...
Querying Ollama...
Ollama error: (HTTP/1.1 429 Too Many Requests) you (Randazzo) have reached your weekly usage limit, add usage credits: https://ollama.com/settings (ref: 8e170f7d-fcb9-406c-90ca-727a99d1839a)
[aria] Cycle request FAILED (strike 1/3)
[aria] No active requests for 1800s -- stalled, exit 1
[aria] Cycle complete. Turns: 0, Tool calls: 0, Exit: 1
Tokens: 0 in / 0 out / 0 total
Requests: 1
[0;31m[ERR][2026-09-13 09:27:17][0m Cycle 1 failed in 1816s (exit 1)

[0;34m[INF][2026-09-13 09:57:36][0m --- Cycle 1/1 ---
Already up to date.
============================================
  Preflight Mount Audit — Emacboros
  2026-09-13T12:57:37Z
============================================

--- Phase 1: /proc/mounts scan ---

--- Phase 2: Writability tests ---
[0;32m[PASS][0m /root/.emacs.d/.git/hooks — does not exist
[0;32m[PASS][0m /var/run/docker.sock — does not exist
[0;32m[PASS][0m /etc/cron.d — does not exist
[0;32m[PASS][0m /var/spool/cron — does not exist
[0;32m[PASS][0m /etc/systemd/system — directory is read-only
[0;32m[PASS][0m /etc/systemd — directory is read-only

--- Phase 3: Capability audit ---
[0;32m[PASS][0m CAP_DAC_OVERRIDE (bit 1) is not set — can bypass file read/write/execute permissions
[0;32m[PASS][0m CAP_SYS_ADMIN (bit 21) is not set — broad system administration (mount, namespaces, etc.)
[0;32m[PASS][0m CAP_SETUID (bit 7) is not set — can change process UID
[0;32m[PASS][0m CAP_SETGID (bit 6) is not set — can change process GID
[0;32m[PASS][0m CAP_MKNOD (bit 27) is not set — can create special device files
[0;32m[PASS][0m CAP_NET_RAW (bit 13) is SET (expected) — can create raw network sockets (needed for nmap/traceroute)
[0;32m[PASS][0m CAP_NET_BIND_SERVICE (bit 10) is SET (expected) — can bind to ports < 1024
[0;32m[PASS][0m CAP_FOWNER (bit 3) is not set — can bypass file ownership checks
[0;32m[PASS][0m CAP_SETFCAP (bit 31) is not set — can set file capabilities

--- Phase 4: Host mount audit ---
Writable real-filesystem mounts:
[0;33m[WARN][0m Host mount: /sys/kernel/security (securityfs, rw,nosuid,nodev,noexec,relatime)
[0;33m[WARN][0m Host mount: /sys/fs/cgroup (cgroup2, rw,seclabel,nosuid,nodev,noexec,relatime,nsdelegate,memory_recursiveprot,memory_hugetlb_accounting)
[0;33m[WARN][0m Host mount: /sys/fs/pstore (pstore, rw,seclabel,nosuid,nodev,noexec,relatime)
[0;33m[WARN][0m Host mount: /sys/firmware/efi/efivars (efivarfs, rw,nosuid,nodev,noexec,relatime)
[0;33m[WARN][0m Host mount: /sys/fs/bpf (bpf, rw,nosuid,nodev,noexec,relatime,mode=700)
[0;33m[WARN][0m Host mount: /sys/kernel/config (configfs, rw,nosuid,nodev,noexec,relatime)
[0;33m[WARN][0m Host mount: /sys/fs/selinux (selinuxfs, rw,nosuid,noexec,relatime)
[0;33m[WARN][0m Host mount: /sys/fs/fuse/connections (fusectl, rw,nosuid,nodev,noexec,relatime)
[0;33m[WARN][0m Host mount: /sys/kernel/debug (debugfs, rw,seclabel,nosuid,nodev,noexec,relatime)
[0;33m[WARN][0m Host mount: /sys/kernel/debug/tracing (tracefs, rw,seclabel,nosuid,nodev,noexec,relatime)
[0;33m[WARN][0m Host mount: /sys/kernel/tracing (tracefs, rw,seclabel,nosuid,nodev,noexec,relatime)
[0;33m[WARN][0m Host mount: /root/i.ar (btrfs, rw,seclabel,relatime,compress=zstd:1,ssd,discard=async,space_cache=v2,subvolid=256,subvol=/root)
[0;33m[WARN][0m Host mount: /root/.emacs.d (btrfs, rw,seclabel,relatime,compress=zstd:1,ssd,discard=async,space_cache=v2,subvolid=256,subvol=/root)
[0;33m[WARN][0m Host mount: /root/personalization (btrfs, rw,seclabel,relatime,compress=zstd:1,ssd,discard=async,space_cache=v2,subvolid=256,subvol=/root)
[0;33m[WARN][0m Host mount: /root/.emacs.d/metaconfig (btrfs, rw,seclabel,relatime,compress=zstd:1,ssd,discard=async,space_cache=v2,subvolid=256,subvol=/root)
[0;33m[WARN][0m Host mount: /root/i.ar/prompts (btrfs, rw,seclabel,relatime,compress=zstd:1,ssd,discard=async,space_cache=v2,subvolid=256,subvol=/root)
[0;33m[WARN][0m Host mount: /root/.emacs.d/gptel-fork (btrfs, rw,seclabel,relatime,compress=zstd:1,ssd,discard=async,space_cache=v2,subvolid=256,subvol=/root)

============================================
[0;32m  PREFLIGHT PASSED[0m
============================================
Loading /root/.emacs.d/configs/paths.el (source)...
Loading /root/.emacs.d/configs/predicates.el (source)...
Loading /root/.emacs.d/configs/keybindings.el (source)...
Loading /root/.emacs.d/configs/delimiters.el (source)...
Loading /root/.emacs.d/configs/git.el (source)...
Loading /root/.emacs.d/configs/fork.el (source)...
Loading /root/.emacs.d/configs/delegate.el (source)...
Loading /root/.emacs.d/configs/cycle.el (source)...
Loading /root/.emacs.d/configs/loop-guard.el (source)...
Loading /root/.emacs.d/configs/memory.el (source)...
Loading /root/.emacs.d/configs/file-guard.el (source)...
Loading /root/.emacs.d/configs/tool-limits.el (source)...
Loading /root/.emacs.d/configs/tasks.el (source)...
Loading /root/.emacs.d/configs/mcp.el (source)...
Loading /root/.emacs.d/init.d/shared/iar-utils.el (source)...
Loading /root/.emacs.d/init.d/shared/iar-agent-utils.el (source)...
Loading /root/.emacs.d/init.d/core/iar-locale.el (source)...
Loading /root/.emacs.d/init.d/core/iar-package-setup.el (source)...
Loading /root/.emacs.d/init.d/core/iar-ui-cleanup.el (source)...
Loading /root/.emacs.d/init.d/core/iar-evil-mode.el (source)...
Loading /root/.emacs.d/init.d/core/iar-gptel-setup.el (source)...
[gptel] Using fork from /root/.emacs.d/gptel-fork (overriding ELPA package)
Loading /root/.emacs.d/configs/gptel.el (source)...
Loading /root/.emacs.d/init.d/core/iar-mcp-setup.el (source)...
Loading /root/.emacs.d/init.d/tool-call/iar-malformed-args.el (source)...
Loading /root/.emacs.d/init.d/tool-call/iar-tool-call.el (source)...
[tool-call] Layer installed
Loading /root/.emacs.d/init.d/tool-call/iar-tool-result-timestamp.el (source)...
Loading /root/.emacs.d/init.d/tool-call/iar-tool-result-budget.el (source)...
Loading /root/.emacs.d/init.d/tool-call/iar-request-log.el (source)...
[request-log] Witness installed
Loading /root/.emacs.d/init.d/tool-call/iar-context-fence.el (source)...
Loading /root/.emacs.d/init.d/tool-call/iar-msgs-fence.el (source)...
Loading /root/.emacs.d/init.d/tool-call/iar-request-watchdog.el (source)...
[watchdog] Request watchdog installed
Loading /root/.emacs.d/init.d/tool-call/iar-text-mode-detector.el (source)...
Loading /root/.emacs.d/init.d/agent/iar-prompt-loader.el (source)...
Loading /root/.emacs.d/init.d/core/iar-mount-awareness.el (source)...
Loading /root/.emacs.d/init.d/core/iar-rate-limit.el (source)...
Loading /root/.emacs.d/init.d/security/iar-output-sanitizer.el (source)...
Loading /root/.emacs.d/init.d/security/iar-file-guard.el (source)...
Loading /root/.emacs.d/init.d/security/iar-audit-log.el (source)...
Loading /root/.emacs.d/init.d/security/iar-loop-guard.el (source)...
Loading /root/.emacs.d/init.d/security/iar-loop-guard-chain.el (source)...
Loading /root/.emacs.d/init.d/security/iar-tool-guard.el (source)...
Loading /root/.emacs.d/init.d/security/iar-utf8-scrub.el (source)...
Loading /root/.emacs.d/init.d/tools/filesystem/list_directory.el (source)...
Loading /root/.emacs.d/init.d/tools/filesystem/read_file.el (source)...
Loading /root/.emacs.d/init.d/tools/filesystem/write_file.el (source)...
Loading /root/.emacs.d/init.d/tools/filesystem/append_file.el (source)...
Loading /root/.emacs.d/init.d/tools/code/execute_code_local.el (source)...
Loading /root/.emacs.d/init.d/tools/code/execute_code_remote.el (source)...
Loading /root/.emacs.d/init.d/tools/code/check_elisp.el (source)...
Loading /root/.emacs.d/init.d/tools/tasks/read_task.el (source)...
Loading /root/.emacs.d/init.d/tools/tasks/create_task.el (source)...
Loading /root/.emacs.d/init.d/tools/tasks/write_subtask.el (source)...
Loading /root/.emacs.d/init.d/tools/tasks/remove_task.el (source)...
Loading /root/.emacs.d/init.d/tools/tasks/read_history.el (source)...
Loading /root/.emacs.d/init.d/tools/tasks/read_roadmap.el (source)...
Loading /root/.emacs.d/init.d/tools/tasks/write_roadmap.el (source)...
Loading /root/.emacs.d/init.d/tools/notify/telegram.el (source)...
Loading /root/.emacs.d/init.d/tools/git/git_commit.el (source)...
Loading /root/.emacs.d/init.d/tools/knowledge/read_knowledge.el (source)...
Loading /root/.emacs.d/init.d/agent/iar-project-parser.el (source)...
Loading /root/.emacs.d/init.d/agent/iar-prompt-assembly.el (source)...
Loading /root/.emacs.d/init.d/agent/iar-agent-loader.el (source)...
Loading /root/.emacs.d/init.d/agent/iar-knowledge-loader.el (source)...
Loading /root/.emacs.d/init.d/agent/iar-buffer-info.el (source)...
Loading /root/.emacs.d/init.d/tools/agent/delegate.el (source)...
Loading /root/.emacs.d/init.d/tools/agent/reload_os.el (source)...
Loading /root/.emacs.d/init.d/tools/agent/reload_agent.el (source)...
Loading /root/.emacs.d/init.d/tools/agent/read_own_prompt.el (source)...
Loading /root/.emacs.d/init.d/agent/iar-guidelines-checker.el (source)...
Loading /root/.emacs.d/init.d/agent/iar-agent-cycle.el (source)...
Loading /root/.emacs.d/init.d/debug/iar-status-mode.el (source)...
[status-mode] Installed
Loading /root/.emacs.d/init.d/session/iar-quit.el (source)...
[aria] Starting cycle with 3600s timeout (archetype: aria-cycle, project: iar, cycle: aria_daily)
[assembly] DIGEST [iar/aria] 13307 chars (warn at 12000) -- injected full on every request; diet it
[aria] Assembled prompt: 49018 chars (~12254 tokens), 21 tools
[aria] Sending cycle prompt to aria agent...
Querying Ollama...
Ollama error: (HTTP/1.1 429 Too Many Requests) you (Randazzo) have reached your weekly usage limit, add usage credits: https://ollama.com/settings (ref: d0653861-5ed6-4a6f-b03c-d77c03a70edc)
[aria] Cycle request FAILED (strike 1/3)
[aria] No active requests for 1800s -- stalled, exit 1
[aria] Cycle complete. Turns: 0, Tool calls: 0, Exit: 1
Tokens: 0 in / 0 out / 0 total
Requests: 1
[0;31m[ERR][2026-09-13 10:27:51][0m Cycle 1 failed in 1815s (exit 1)

[0;34m[INF][2026-09-13 10:58:10][0m --- Cycle 1/1 ---
Already up to date.
============================================
  Preflight Mount Audit — Emacboros
  2026-09-13T13:58:11Z
============================================

--- Phase 1: /proc/mounts scan ---

--- Phase 2: Writability tests ---
[0;32m[PASS][0m /root/.emacs.d/.git/hooks — does not exist
[0;32m[PASS][0m /var/run/docker.sock — does not exist
[0;32m[PASS][0m /etc/cron.d — does not exist
[0;32m[PASS][0m /var/spool/cron — does not exist
[0;32m[PASS][0m /etc/systemd/system — directory is read-only
[0;32m[PASS][0m /etc/systemd — directory is read-only

--- Phase 3: Capability audit ---
[0;32m[PASS][0m CAP_DAC_OVERRIDE (bit 1) is not set — can bypass file read/write/execute permissions
[0;32m[PASS][0m CAP_SYS_ADMIN (bit 21) is not set — broad system administration (mount, namespaces, etc.)
[0;32m[PASS][0m CAP_SETUID (bit 7) is not set — can change process UID
[0;32m[PASS][0m CAP_SETGID (bit 6) is not set — can change process GID
[0;32m[PASS][0m CAP_MKNOD (bit 27) is not set — can create special device files
[0;32m[PASS][0m CAP_NET_RAW (bit 13) is SET (expected) — can create raw network sockets (needed for nmap/traceroute)
[0;32m[PASS][0m CAP_NET_BIND_SERVICE (bit 10) is SET (expected) — can bind to ports < 1024
[0;32m[PASS][0m CAP_FOWNER (bit 3) is not set — can bypass file ownership checks
[0;32m[PASS][0m CAP_SETFCAP (bit 31) is not set — can set file capabilities

--- Phase 4: Host mount audit ---
Writable real-filesystem mounts:
[0;33m[WARN][0m Host mount: /sys/kernel/security (securityfs, rw,nosuid,nodev,noexec,relatime)
[0;33m[WARN][0m Host mount: /sys/fs/cgroup (cgroup2, rw,seclabel,nosuid,nodev,noexec,relatime,nsdelegate,memory_recursiveprot,memory_hugetlb_accounting)
[0;33m[WARN][0m Host mount: /sys/fs/pstore (pstore, rw,seclabel,nosuid,nodev,noexec,relatime)
[0;33m[WARN][0m Host mount: /sys/firmware/efi/efivars (efivarfs, rw,nosuid,nodev,noexec,relatime)
[0;33m[WARN][0m Host mount: /sys/fs/bpf (bpf, rw,nosuid,nodev,noexec,relatime,mode=700)
[0;33m[WARN][0m Host mount: /sys/kernel/config (configfs, rw,nosuid,nodev,noexec,relatime)
[0;33m[WARN][0m Host mount: /sys/fs/selinux (selinuxfs, rw,nosuid,noexec,relatime)
[0;33m[WARN][0m Host mount: /sys/fs/fuse/connections (fusectl, rw,nosuid,nodev,noexec,relatime)
[0;33m[WARN][0m Host mount: /sys/kernel/debug (debugfs, rw,seclabel,nosuid,nodev,noexec,relatime)
[0;33m[WARN][0m Host mount: /sys/kernel/debug/tracing (tracefs, rw,seclabel,nosuid,nodev,noexec,relatime)
[0;33m[WARN][0m Host mount: /sys/kernel/tracing (tracefs, rw,seclabel,nosuid,nodev,noexec,relatime)
[0;33m[WARN][0m Host mount: /root/i.ar (btrfs, rw,seclabel,relatime,compress=zstd:1,ssd,discard=async,space_cache=v2,subvolid=256,subvol=/root)
[0;33m[WARN][0m Host mount: /root/personalization (btrfs, rw,seclabel,relatime,compress=zstd:1,ssd,discard=async,space_cache=v2,subvolid=256,subvol=/root)
[0;33m[WARN][0m Host mount: /root/.emacs.d (btrfs, rw,seclabel,relatime,compress=zstd:1,ssd,discard=async,space_cache=v2,subvolid=256,subvol=/root)
[0;33m[WARN][0m Host mount: /root/i.ar/prompts (btrfs, rw,seclabel,relatime,compress=zstd:1,ssd,discard=async,space_cache=v2,subvolid=256,subvol=/root)
[0;33m[WARN][0m Host mount: /root/.emacs.d/gptel-fork (btrfs, rw,seclabel,relatime,compress=zstd:1,ssd,discard=async,space_cache=v2,subvolid=256,subvol=/root)
[0;33m[WARN][0m Host mount: /root/.emacs.d/metaconfig (btrfs, rw,seclabel,relatime,compress=zstd:1,ssd,discard=async,space_cache=v2,subvolid=256,subvol=/root)

============================================
[0;32m  PREFLIGHT PASSED[0m
============================================
Loading /root/.emacs.d/configs/paths.el (source)...
Loading /root/.emacs.d/configs/predicates.el (source)...
Loading /root/.emacs.d/configs/keybindings.el (source)...
Loading /root/.emacs.d/configs/delimiters.el (source)...
Loading /root/.emacs.d/configs/git.el (source)...
Loading /root/.emacs.d/configs/fork.el (source)...
Loading /root/.emacs.d/configs/delegate.el (source)...
Loading /root/.emacs.d/configs/cycle.el (source)...
Loading /root/.emacs.d/configs/loop-guard.el (source)...
Loading /root/.emacs.d/configs/memory.el (source)...
Loading /root/.emacs.d/configs/file-guard.el (source)...
Loading /root/.emacs.d/configs/tool-limits.el (source)...
Loading /root/.emacs.d/configs/tasks.el (source)...
Loading /root/.emacs.d/configs/mcp.el (source)...
Loading /root/.emacs.d/init.d/shared/iar-utils.el (source)...
Loading /root/.emacs.d/init.d/shared/iar-agent-utils.el (source)...
Loading /root/.emacs.d/init.d/core/iar-locale.el (source)...
Loading /root/.emacs.d/init.d/core/iar-package-setup.el (source)...
Loading /root/.emacs.d/init.d/core/iar-ui-cleanup.el (source)...
Loading /root/.emacs.d/init.d/core/iar-evil-mode.el (source)...
Loading /root/.emacs.d/init.d/core/iar-gptel-setup.el (source)...
[gptel] Using fork from /root/.emacs.d/gptel-fork (overriding ELPA package)
Loading /root/.emacs.d/configs/gptel.el (source)...
Loading /root/.emacs.d/init.d/core/iar-mcp-setup.el (source)...
Loading /root/.emacs.d/init.d/tool-call/iar-malformed-args.el (source)...
Loading /root/.emacs.d/init.d/tool-call/iar-tool-call.el (source)...
[tool-call] Layer installed
Loading /root/.emacs.d/init.d/tool-call/iar-tool-result-timestamp.el (source)...
Loading /root/.emacs.d/init.d/tool-call/iar-tool-result-budget.el (source)...
Loading /root/.emacs.d/init.d/tool-call/iar-request-log.el (source)...
[request-log] Witness installed
Loading /root/.emacs.d/init.d/tool-call/iar-context-fence.el (source)...
Loading /root/.emacs.d/init.d/tool-call/iar-msgs-fence.el (source)...
Loading /root/.emacs.d/init.d/tool-call/iar-request-watchdog.el (source)...
[watchdog] Request watchdog installed
Loading /root/.emacs.d/init.d/tool-call/iar-text-mode-detector.el (source)...
Loading /root/.emacs.d/init.d/agent/iar-prompt-loader.el (source)...
Loading /root/.emacs.d/init.d/core/iar-mount-awareness.el (source)...
Loading /root/.emacs.d/init.d/core/iar-rate-limit.el (source)...
Loading /root/.emacs.d/init.d/security/iar-output-sanitizer.el (source)...
Loading /root/.emacs.d/init.d/security/iar-file-guard.el (source)...
Loading /root/.emacs.d/init.d/security/iar-audit-log.el (source)...
Loading /root/.emacs.d/init.d/security/iar-loop-guard.el (source)...
Loading /root/.emacs.d/init.d/security/iar-loop-guard-chain.el (source)...
Loading /root/.emacs.d/init.d/security/iar-tool-guard.el (source)...
Loading /root/.emacs.d/init.d/security/iar-utf8-scrub.el (source)...
Loading /root/.emacs.d/init.d/tools/filesystem/list_directory.el (source)...
Loading /root/.emacs.d/init.d/tools/filesystem/read_file.el (source)...
Loading /root/.emacs.d/init.d/tools/filesystem/write_file.el (source)...
Loading /root/.emacs.d/init.d/tools/filesystem/append_file.el (source)...
Loading /root/.emacs.d/init.d/tools/code/execute_code_local.el (source)...
Loading /root/.emacs.d/init.d/tools/code/execute_code_remote.el (source)...
Loading /root/.emacs.d/init.d/tools/code/check_elisp.el (source)...
Loading /root/.emacs.d/init.d/tools/tasks/read_task.el (source)...
Loading /root/.emacs.d/init.d/tools/tasks/create_task.el (source)...
Loading /root/.emacs.d/init.d/tools/tasks/write_subtask.el (source)...
Loading /root/.emacs.d/init.d/tools/tasks/remove_task.el (source)...
Loading /root/.emacs.d/init.d/tools/tasks/read_history.el (source)...
Loading /root/.emacs.d/init.d/tools/tasks/read_roadmap.el (source)...
Loading /root/.emacs.d/init.d/tools/tasks/write_roadmap.el (source)...
Loading /root/.emacs.d/init.d/tools/notify/telegram.el (source)...
Loading /root/.emacs.d/init.d/tools/git/git_commit.el (source)...
Loading /root/.emacs.d/init.d/tools/knowledge/read_knowledge.el (source)...
Loading /root/.emacs.d/init.d/agent/iar-project-parser.el (source)...
Loading /root/.emacs.d/init.d/agent/iar-prompt-assembly.el (source)...
Loading /root/.emacs.d/init.d/agent/iar-agent-loader.el (source)...
Loading /root/.emacs.d/init.d/agent/iar-knowledge-loader.el (source)...
Loading /root/.emacs.d/init.d/agent/iar-buffer-info.el (source)...
Loading /root/.emacs.d/init.d/tools/agent/delegate.el (source)...
Loading /root/.emacs.d/init.d/tools/agent/reload_os.el (source)...
Loading /root/.emacs.d/init.d/tools/agent/reload_agent.el (source)...
Loading /root/.emacs.d/init.d/tools/agent/read_own_prompt.el (source)...
Loading /root/.emacs.d/init.d/agent/iar-guidelines-checker.el (source)...
Loading /root/.emacs.d/init.d/agent/iar-agent-cycle.el (source)...
Loading /root/.emacs.d/init.d/debug/iar-status-mode.el (source)...
[status-mode] Installed
Loading /root/.emacs.d/init.d/session/iar-quit.el (source)...
[aria] Starting cycle with 3600s timeout (archetype: aria-cycle, project: iar, cycle: aria_daily)
[assembly] DIGEST [iar/aria] 13307 chars (warn at 12000) -- injected full on every request; diet it
[aria] Assembled prompt: 49068 chars (~12267 tokens), 21 tools
[aria] Sending cycle prompt to aria agent...
Querying Ollama...
Ollama error: (HTTP/1.1 429 Too Many Requests) you (Randazzo) have reached your weekly usage limit, add usage credits: https://ollama.com/settings (ref: 6c1e1f87-7391-4ee0-8f6b-0ec5c8303cdf)
[aria] Cycle request FAILED (strike 1/3)
[aria] No active requests for 1800s -- stalled, exit 1
[aria] Cycle complete. Turns: 0, Tool calls: 0, Exit: 1
Tokens: 0 in / 0 out / 0 total
Requests: 1
[0;31m[ERR][2026-09-13 11:28:26][0m Cycle 1 failed in 1816s (exit 1)

[0;34m[INF][2026-09-13 11:58:45][0m --- Cycle 1/1 ---
Already up to date.
============================================
  Preflight Mount Audit — Emacboros
  2026-09-13T14:58:46Z
============================================

--- Phase 1: /proc/mounts scan ---

--- Phase 2: Writability tests ---
[0;32m[PASS][0m /root/.emacs.d/.git/hooks — does not exist
[0;32m[PASS][0m /var/run/docker.sock — does not exist
[0;32m[PASS][0m /etc/cron.d — does not exist
[0;32m[PASS][0m /var/spool/cron — does not exist
[0;32m[PASS][0m /etc/systemd/system — directory is read-only
[0;32m[PASS][0m /etc/systemd — directory is read-only

--- Phase 3: Capability audit ---
[0;32m[PASS][0m CAP_DAC_OVERRIDE (bit 1) is not set — can bypass file read/write/execute permissions
[0;32m[PASS][0m CAP_SYS_ADMIN (bit 21) is not set — broad system administration (mount, namespaces, etc.)
[0;32m[PASS][0m CAP_SETUID (bit 7) is not set — can change process UID
[0;32m[PASS][0m CAP_SETGID (bit 6) is not set — can change process GID
[0;32m[PASS][0m CAP_MKNOD (bit 27) is not set — can create special device files
[0;32m[PASS][0m CAP_NET_RAW (bit 13) is SET (expected) — can create raw network sockets (needed for nmap/traceroute)
[0;32m[PASS][0m CAP_NET_BIND_SERVICE (bit 10) is SET (expected) — can bind to ports < 1024
[0;32m[PASS][0m CAP_FOWNER (bit 3) is not set — can bypass file ownership checks
[0;32m[PASS][0m CAP_SETFCAP (bit 31) is not set — can set file capabilities

--- Phase 4: Host mount audit ---
Writable real-filesystem mounts:
[0;33m[WARN][0m Host mount: /sys/kernel/security (securityfs, rw,nosuid,nodev,noexec,relatime)
[0;33m[WARN][0m Host mount: /sys/fs/cgroup (cgroup2, rw,seclabel,nosuid,nodev,noexec,relatime,nsdelegate,memory_recursiveprot,memory_hugetlb_accounting)
[0;33m[WARN][0m Host mount: /sys/fs/pstore (pstore, rw,seclabel,nosuid,nodev,noexec,relatime)
[0;33m[WARN][0m Host mount: /sys/firmware/efi/efivars (efivarfs, rw,nosuid,nodev,noexec,relatime)
[0;33m[WARN][0m Host mount: /sys/fs/bpf (bpf, rw,nosuid,nodev,noexec,relatime,mode=700)
[0;33m[WARN][0m Host mount: /sys/kernel/config (configfs, rw,nosuid,nodev,noexec,relatime)
[0;33m[WARN][0m Host mount: /sys/fs/selinux (selinuxfs, rw,nosuid,noexec,relatime)
[0;33m[WARN][0m Host mount: /sys/fs/fuse/connections (fusectl, rw,nosuid,nodev,noexec,relatime)
[0;33m[WARN][0m Host mount: /sys/kernel/debug (debugfs, rw,seclabel,nosuid,nodev,noexec,relatime)
[0;33m[WARN][0m Host mount: /sys/kernel/debug/tracing (tracefs, rw,seclabel,nosuid,nodev,noexec,relatime)
[0;33m[WARN][0m Host mount: /sys/kernel/tracing (tracefs, rw,seclabel,nosuid,nodev,noexec,relatime)
[0;33m[WARN][0m Host mount: /root/.emacs.d (btrfs, rw,seclabel,relatime,compress=zstd:1,ssd,discard=async,space_cache=v2,subvolid=256,subvol=/root)
[0;33m[WARN][0m Host mount: /root/personalization (btrfs, rw,seclabel,relatime,compress=zstd:1,ssd,discard=async,space_cache=v2,subvolid=256,subvol=/root)
[0;33m[WARN][0m Host mount: /root/i.ar (btrfs, rw,seclabel,relatime,compress=zstd:1,ssd,discard=async,space_cache=v2,subvolid=256,subvol=/root)
[0;33m[WARN][0m Host mount: /root/i.ar/prompts (btrfs, rw,seclabel,relatime,compress=zstd:1,ssd,discard=async,space_cache=v2,subvolid=256,subvol=/root)
[0;33m[WARN][0m Host mount: /root/.emacs.d/metaconfig (btrfs, rw,seclabel,relatime,compress=zstd:1,ssd,discard=async,space_cache=v2,subvolid=256,subvol=/root)
[0;33m[WARN][0m Host mount: /root/.emacs.d/gptel-fork (btrfs, rw,seclabel,relatime,compress=zstd:1,ssd,discard=async,space_cache=v2,subvolid=256,subvol=/root)

============================================
[0;32m  PREFLIGHT PASSED[0m
============================================
Loading /root/.emacs.d/configs/paths.el (source)...
Loading /root/.emacs.d/configs/predicates.el (source)...
Loading /root/.emacs.d/configs/keybindings.el (source)...
Loading /root/.emacs.d/configs/delimiters.el (source)...
Loading /root/.emacs.d/configs/git.el (source)...
Loading /root/.emacs.d/configs/fork.el (source)...
Loading /root/.emacs.d/configs/delegate.el (source)...
Loading /root/.emacs.d/configs/cycle.el (source)...
Loading /root/.emacs.d/configs/loop-guard.el (source)...
Loading /root/.emacs.d/configs/memory.el (source)...
Loading /root/.emacs.d/configs/file-guard.el (source)...
Loading /root/.emacs.d/configs/tool-limits.el (source)...
Loading /root/.emacs.d/configs/tasks.el (source)...
Loading /root/.emacs.d/configs/mcp.el (source)...
Loading /root/.emacs.d/init.d/shared/iar-utils.el (source)...
Loading /root/.emacs.d/init.d/shared/iar-agent-utils.el (source)...
Loading /root/.emacs.d/init.d/core/iar-locale.el (source)...
Loading /root/.emacs.d/init.d/core/iar-package-setup.el (source)...
Loading /root/.emacs.d/init.d/core/iar-ui-cleanup.el (source)...
Loading /root/.emacs.d/init.d/core/iar-evil-mode.el (source)...
Loading /root/.emacs.d/init.d/core/iar-gptel-setup.el (source)...
[gptel] Using fork from /root/.emacs.d/gptel-fork (overriding ELPA package)
Loading /root/.emacs.d/configs/gptel.el (source)...
Loading /root/.emacs.d/init.d/core/iar-mcp-setup.el (source)...
Loading /root/.emacs.d/init.d/tool-call/iar-malformed-args.el (source)...
Loading /root/.emacs.d/init.d/tool-call/iar-tool-call.el (source)...
[tool-call] Layer installed
Loading /root/.emacs.d/init.d/tool-call/iar-tool-result-timestamp.el (source)...
Loading /root/.emacs.d/init.d/tool-call/iar-tool-result-budget.el (source)...
Loading /root/.emacs.d/init.d/tool-call/iar-request-log.el (source)...
[request-log] Witness installed
Loading /root/.emacs.d/init.d/tool-call/iar-context-fence.el (source)...
Loading /root/.emacs.d/init.d/tool-call/iar-msgs-fence.el (source)...
Loading /root/.emacs.d/init.d/tool-call/iar-request-watchdog.el (source)...
[watchdog] Request watchdog installed
Loading /root/.emacs.d/init.d/tool-call/iar-text-mode-detector.el (source)...
Loading /root/.emacs.d/init.d/agent/iar-prompt-loader.el (source)...
Loading /root/.emacs.d/init.d/core/iar-mount-awareness.el (source)...
Loading /root/.emacs.d/init.d/core/iar-rate-limit.el (source)...
Loading /root/.emacs.d/init.d/security/iar-output-sanitizer.el (source)...
Loading /root/.emacs.d/init.d/security/iar-file-guard.el (source)...
Loading /root/.emacs.d/init.d/security/iar-audit-log.el (source)...
Loading /root/.emacs.d/init.d/security/iar-loop-guard.el (source)...
Loading /root/.emacs.d/init.d/security/iar-loop-guard-chain.el (source)...
Loading /root/.emacs.d/init.d/security/iar-tool-guard.el (source)...
Loading /root/.emacs.d/init.d/security/iar-utf8-scrub.el (source)...
Loading /root/.emacs.d/init.d/tools/filesystem/list_directory.el (source)...
Loading /root/.emacs.d/init.d/tools/filesystem/read_file.el (source)...
Loading /root/.emacs.d/init.d/tools/filesystem/write_file.el (source)...
Loading /root/.emacs.d/init.d/tools/filesystem/append_file.el (source)...
Loading /root/.emacs.d/init.d/tools/code/execute_code_local.el (source)...
Loading /root/.emacs.d/init.d/tools/code/execute_code_remote.el (source)...
Loading /root/.emacs.d/init.d/tools/code/check_elisp.el (source)...
Loading /root/.emacs.d/init.d/tools/tasks/read_task.el (source)...
Loading /root/.emacs.d/init.d/tools/tasks/create_task.el (source)...
Loading /root/.emacs.d/init.d/tools/tasks/write_subtask.el (source)...
Loading /root/.emacs.d/init.d/tools/tasks/remove_task.el (source)...
Loading /root/.emacs.d/init.d/tools/tasks/read_history.el (source)...
Loading /root/.emacs.d/init.d/tools/tasks/read_roadmap.el (source)...
Loading /root/.emacs.d/init.d/tools/tasks/write_roadmap.el (source)...
Loading /root/.emacs.d/init.d/tools/notify/telegram.el (source)...
Loading /root/.emacs.d/init.d/tools/git/git_commit.el (source)...
Loading /root/.emacs.d/init.d/tools/knowledge/read_knowledge.el (source)...
Loading /root/.emacs.d/init.d/agent/iar-project-parser.el (source)...
Loading /root/.emacs.d/init.d/agent/iar-prompt-assembly.el (source)...
Loading /root/.emacs.d/init.d/agent/iar-agent-loader.el (source)...
Loading /root/.emacs.d/init.d/agent/iar-knowledge-loader.el (source)...
Loading /root/.emacs.d/init.d/agent/iar-buffer-info.el (source)...
Loading /root/.emacs.d/init.d/tools/agent/delegate.el (source)...
Loading /root/.emacs.d/init.d/tools/agent/reload_os.el (source)...
Loading /root/.emacs.d/init.d/tools/agent/reload_agent.el (source)...
Loading /root/.emacs.d/init.d/tools/agent/read_own_prompt.el (source)...
Loading /root/.emacs.d/init.d/agent/iar-guidelines-checker.el (source)...
Loading /root/.emacs.d/init.d/agent/iar-agent-cycle.el (source)...
Loading /root/.emacs.d/init.d/debug/iar-status-mode.el (source)...
[status-mode] Installed
Loading /root/.emacs.d/init.d/session/iar-quit.el (source)...
[aria] Starting cycle with 3600s timeout (archetype: aria-cycle, project: iar, cycle: aria_daily)
[assembly] DIGEST [iar/aria] 13307 chars (warn at 12000) -- injected full on every request; diet it
[aria] Assembled prompt: 48975 chars (~12243 tokens), 21 tools
[aria] Sending cycle prompt to aria agent...
Querying Ollama...
Ollama error: (HTTP/1.1 429 Too Many Requests) you (Randazzo) have reached your weekly usage limit, add usage credits: https://ollama.com/settings (ref: 5f6816cf-3810-44d2-9012-fc217f57b55d)
[aria] Cycle request FAILED (strike 1/3)
[aria] No active requests for 1800s -- stalled, exit 1
[aria] Cycle complete. Turns: 0, Tool calls: 0, Exit: 1
Tokens: 0 in / 0 out / 0 total
Requests: 1
[0;31m[ERR][2026-09-13 12:29:00][0m Cycle 1 failed in 1815s (exit 1)

[0;34m[INF][2026-09-13 12:59:19][0m --- Cycle 1/1 ---
Already up to date.
============================================
  Preflight Mount Audit — Emacboros
  2026-09-13T15:59:20Z
============================================

--- Phase 1: /proc/mounts scan ---

--- Phase 2: Writability tests ---
[0;32m[PASS][0m /root/.emacs.d/.git/hooks — does not exist
[0;32m[PASS][0m /var/run/docker.sock — does not exist
[0;32m[PASS][0m /etc/cron.d — does not exist
[0;32m[PASS][0m /var/spool/cron — does not exist
[0;32m[PASS][0m /etc/systemd/system — directory is read-only
[0;32m[PASS][0m /etc/systemd — directory is read-only

--- Phase 3: Capability audit ---
[0;32m[PASS][0m CAP_DAC_OVERRIDE (bit 1) is not set — can bypass file read/write/execute permissions
[0;32m[PASS][0m CAP_SYS_ADMIN (bit 21) is not set — broad system administration (mount, namespaces, etc.)
[0;32m[PASS][0m CAP_SETUID (bit 7) is not set — can change process UID
[0;32m[PASS][0m CAP_SETGID (bit 6) is not set — can change process GID
[0;32m[PASS][0m CAP_MKNOD (bit 27) is not set — can create special device files
[0;32m[PASS][0m CAP_NET_RAW (bit 13) is SET (expected) — can create raw network sockets (needed for nmap/traceroute)
[0;32m[PASS][0m CAP_NET_BIND_SERVICE (bit 10) is SET (expected) — can bind to ports < 1024
[0;32m[PASS][0m CAP_FOWNER (bit 3) is not set — can bypass file ownership checks
[0;32m[PASS][0m CAP_SETFCAP (bit 31) is not set — can set file capabilities

--- Phase 4: Host mount audit ---
Writable real-filesystem mounts:
[0;33m[WARN][0m Host mount: /sys/kernel/security (securityfs, rw,nosuid,nodev,noexec,relatime)
[0;33m[WARN][0m Host mount: /sys/fs/cgroup (cgroup2, rw,seclabel,nosuid,nodev,noexec,relatime,nsdelegate,memory_recursiveprot,memory_hugetlb_accounting)
[0;33m[WARN][0m Host mount: /sys/fs/pstore (pstore, rw,seclabel,nosuid,nodev,noexec,relatime)
[0;33m[WARN][0m Host mount: /sys/firmware/efi/efivars (efivarfs, rw,nosuid,nodev,noexec,relatime)
[0;33m[WARN][0m Host mount: /sys/fs/bpf (bpf, rw,nosuid,nodev,noexec,relatime,mode=700)
[0;33m[WARN][0m Host mount: /sys/kernel/config (configfs, rw,nosuid,nodev,noexec,relatime)
[0;33m[WARN][0m Host mount: /sys/fs/selinux (selinuxfs, rw,nosuid,noexec,relatime)
[0;33m[WARN][0m Host mount: /sys/fs/fuse/connections (fusectl, rw,nosuid,nodev,noexec,relatime)
[0;33m[WARN][0m Host mount: /sys/kernel/debug (debugfs, rw,seclabel,nosuid,nodev,noexec,relatime)
[0;33m[WARN][0m Host mount: /sys/kernel/debug/tracing (tracefs, rw,seclabel,nosuid,nodev,noexec,relatime)
[0;33m[WARN][0m Host mount: /sys/kernel/tracing (tracefs, rw,seclabel,nosuid,nodev,noexec,relatime)
[0;33m[WARN][0m Host mount: /root/i.ar (btrfs, rw,seclabel,relatime,compress=zstd:1,ssd,discard=async,space_cache=v2,subvolid=256,subvol=/root)
[0;33m[WARN][0m Host mount: /root/personalization (btrfs, rw,seclabel,relatime,compress=zstd:1,ssd,discard=async,space_cache=v2,subvolid=256,subvol=/root)
[0;33m[WARN][0m Host mount: /root/.emacs.d (btrfs, rw,seclabel,relatime,compress=zstd:1,ssd,discard=async,space_cache=v2,subvolid=256,subvol=/root)
[0;33m[WARN][0m Host mount: /root/i.ar/prompts (btrfs, rw,seclabel,relatime,compress=zstd:1,ssd,discard=async,space_cache=v2,subvolid=256,subvol=/root)
[0;33m[WARN][0m Host mount: /root/.emacs.d/gptel-fork (btrfs, rw,seclabel,relatime,compress=zstd:1,ssd,discard=async,space_cache=v2,subvolid=256,subvol=/root)
[0;33m[WARN][0m Host mount: /root/.emacs.d/metaconfig (btrfs, rw,seclabel,relatime,compress=zstd:1,ssd,discard=async,space_cache=v2,subvolid=256,subvol=/root)

============================================
[0;32m  PREFLIGHT PASSED[0m
============================================
Loading /root/.emacs.d/configs/paths.el (source)...
Loading /root/.emacs.d/configs/predicates.el (source)...
Loading /root/.emacs.d/configs/keybindings.el (source)...
Loading /root/.emacs.d/configs/delimiters.el (source)...
Loading /root/.emacs.d/configs/git.el (source)...
Loading /root/.emacs.d/configs/fork.el (source)...
Loading /root/.emacs.d/configs/delegate.el (source)...
Loading /root/.emacs.d/configs/cycle.el (source)...
Loading /root/.emacs.d/configs/loop-guard.el (source)...
Loading /root/.emacs.d/configs/memory.el (source)...
Loading /root/.emacs.d/configs/file-guard.el (source)...
Loading /root/.emacs.d/configs/tool-limits.el (source)...
Loading /root/.emacs.d/configs/tasks.el (source)...
Loading /root/.emacs.d/configs/mcp.el (source)...
Loading /root/.emacs.d/init.d/shared/iar-utils.el (source)...
Loading /root/.emacs.d/init.d/shared/iar-agent-utils.el (source)...
Loading /root/.emacs.d/init.d/core/iar-locale.el (source)...
Loading /root/.emacs.d/init.d/core/iar-package-setup.el (source)...
Loading /root/.emacs.d/init.d/core/iar-ui-cleanup.el (source)...
Loading /root/.emacs.d/init.d/core/iar-evil-mode.el (source)...
Loading /root/.emacs.d/init.d/core/iar-gptel-setup.el (source)...
[gptel] Using fork from /root/.emacs.d/gptel-fork (overriding ELPA package)
Loading /root/.emacs.d/configs/gptel.el (source)...
Loading /root/.emacs.d/init.d/core/iar-mcp-setup.el (source)...
Loading /root/.emacs.d/init.d/tool-call/iar-malformed-args.el (source)...
Loading /root/.emacs.d/init.d/tool-call/iar-tool-call.el (source)...
[tool-call] Layer installed
Loading /root/.emacs.d/init.d/tool-call/iar-tool-result-timestamp.el (source)...
Loading /root/.emacs.d/init.d/tool-call/iar-tool-result-budget.el (source)...
Loading /root/.emacs.d/init.d/tool-call/iar-request-log.el (source)...
[request-log] Witness installed
Loading /root/.emacs.d/init.d/tool-call/iar-context-fence.el (source)...
Loading /root/.emacs.d/init.d/tool-call/iar-msgs-fence.el (source)...
Loading /root/.emacs.d/init.d/tool-call/iar-request-watchdog.el (source)...
[watchdog] Request watchdog installed
Loading /root/.emacs.d/init.d/tool-call/iar-text-mode-detector.el (source)...
Loading /root/.emacs.d/init.d/agent/iar-prompt-loader.el (source)...
Loading /root/.emacs.d/init.d/core/iar-mount-awareness.el (source)...
Loading /root/.emacs.d/init.d/core/iar-rate-limit.el (source)...
Loading /root/.emacs.d/init.d/security/iar-output-sanitizer.el (source)...
Loading /root/.emacs.d/init.d/security/iar-file-guard.el (source)...
Loading /root/.emacs.d/init.d/security/iar-audit-log.el (source)...
Loading /root/.emacs.d/init.d/security/iar-loop-guard.el (source)...
Loading /root/.emacs.d/init.d/security/iar-loop-guard-chain.el (source)...
Loading /root/.emacs.d/init.d/security/iar-tool-guard.el (source)...
Loading /root/.emacs.d/init.d/security/iar-utf8-scrub.el (source)...
Loading /root/.emacs.d/init.d/tools/filesystem/list_directory.el (source)...
Loading /root/.emacs.d/init.d/tools/filesystem/read_file.el (source)...
Loading /root/.emacs.d/init.d/tools/filesystem/write_file.el (source)...
Loading /root/.emacs.d/init.d/tools/filesystem/append_file.el (source)...
Loading /root/.emacs.d/init.d/tools/code/execute_code_local.el (source)...
Loading /root/.emacs.d/init.d/tools/code/execute_code_remote.el (source)...
Loading /root/.emacs.d/init.d/tools/code/check_elisp.el (source)...
Loading /root/.emacs.d/init.d/tools/tasks/read_task.el (source)...
Loading /root/.emacs.d/init.d/tools/tasks/create_task.el (source)...
Loading /root/.emacs.d/init.d/tools/tasks/write_subtask.el (source)...
Loading /root/.emacs.d/init.d/tools/tasks/remove_task.el (source)...
Loading /root/.emacs.d/init.d/tools/tasks/read_history.el (source)...
Loading /root/.emacs.d/init.d/tools/tasks/read_roadmap.el (source)...
Loading /root/.emacs.d/init.d/tools/tasks/write_roadmap.el (source)...
Loading /root/.emacs.d/init.d/tools/notify/telegram.el (source)...
Loading /root/.emacs.d/init.d/tools/git/git_commit.el (source)...
Loading /root/.emacs.d/init.d/tools/knowledge/read_knowledge.el (source)...
Loading /root/.emacs.d/init.d/agent/iar-project-parser.el (source)...
Loading /root/.emacs.d/init.d/agent/iar-prompt-assembly.el (source)...
Loading /root/.emacs.d/init.d/agent/iar-agent-loader.el (source)...
Loading /root/.emacs.d/init.d/agent/iar-knowledge-loader.el (source)...
Loading /root/.emacs.d/init.d/agent/iar-buffer-info.el (source)...
Loading /root/.emacs.d/init.d/tools/agent/delegate.el (source)...
Loading /root/.emacs.d/init.d/tools/agent/reload_os.el (source)...
Loading /root/.emacs.d/init.d/tools/agent/reload_agent.el (source)...
Loading /root/.emacs.d/init.d/tools/agent/read_own_prompt.el (source)...
Loading /root/.emacs.d/init.d/agent/iar-guidelines-checker.el (source)...
Loading /root/.emacs.d/init.d/agent/iar-agent-cycle.el (source)...
Loading /root/.emacs.d/init.d/debug/iar-status-mode.el (source)...
[status-mode] Installed
Loading /root/.emacs.d/init.d/session/iar-quit.el (source)...
[aria] Starting cycle with 3600s timeout (archetype: aria-cycle, project: iar, cycle: aria_daily)
[assembly] DIGEST [iar/aria] 13307 chars (warn at 12000) -- injected full on every request; diet it
[aria] Assembled prompt: 49032 chars (~12258 tokens), 21 tools
[aria] Sending cycle prompt to aria agent...
Querying Ollama...
Ollama error: (HTTP/1.1 429 Too Many Requests) you (Randazzo) have reached your weekly usage limit, add usage credits: https://ollama.com/settings (ref: 29d2270b-57d4-4b95-a025-e2c2636df926)
[aria] Cycle request FAILED (strike 1/3)
[aria] No active requests for 1800s -- stalled, exit 1
[aria] Cycle complete. Turns: 0, Tool calls: 0, Exit: 1
Tokens: 0 in / 0 out / 0 total
Requests: 1
[0;31m[ERR][2026-09-13 13:29:34][0m Cycle 1 failed in 1815s (exit 1)

[0;34m[INF][2026-09-13 13:59:53][0m --- Cycle 1/1 ---
Already up to date.
============================================
  Preflight Mount Audit — Emacboros
  2026-09-13T16:59:54Z
============================================

--- Phase 1: /proc/mounts scan ---

--- Phase 2: Writability tests ---
[0;32m[PASS][0m /root/.emacs.d/.git/hooks — does not exist
[0;32m[PASS][0m /var/run/docker.sock — does not exist
[0;32m[PASS][0m /etc/cron.d — does not exist
[0;32m[PASS][0m /var/spool/cron — does not exist
[0;32m[PASS][0m /etc/systemd/system — directory is read-only
[0;32m[PASS][0m /etc/systemd — directory is read-only

--- Phase 3: Capability audit ---
[0;32m[PASS][0m CAP_DAC_OVERRIDE (bit 1) is not set — can bypass file read/write/execute permissions
[0;32m[PASS][0m CAP_SYS_ADMIN (bit 21) is not set — broad system administration (mount, namespaces, etc.)
[0;32m[PASS][0m CAP_SETUID (bit 7) is not set — can change process UID
[0;32m[PASS][0m CAP_SETGID (bit 6) is not set — can change process GID
[0;32m[PASS][0m CAP_MKNOD (bit 27) is not set — can create special device files
[0;32m[PASS][0m CAP_NET_RAW (bit 13) is SET (expected) — can create raw network sockets (needed for nmap/traceroute)
[0;32m[PASS][0m CAP_NET_BIND_SERVICE (bit 10) is SET (expected) — can bind to ports < 1024
[0;32m[PASS][0m CAP_FOWNER (bit 3) is not set — can bypass file ownership checks
[0;32m[PASS][0m CAP_SETFCAP (bit 31) is not set — can set file capabilities

--- Phase 4: Host mount audit ---
Writable real-filesystem mounts:
[0;33m[WARN][0m Host mount: /sys/kernel/security (securityfs, rw,nosuid,nodev,noexec,relatime)
[0;33m[WARN][0m Host mount: /sys/fs/cgroup (cgroup2, rw,seclabel,nosuid,nodev,noexec,relatime,nsdelegate,memory_recursiveprot,memory_hugetlb_accounting)
[0;33m[WARN][0m Host mount: /sys/fs/pstore (pstore, rw,seclabel,nosuid,nodev,noexec,relatime)
[0;33m[WARN][0m Host mount: /sys/firmware/efi/efivars (efivarfs, rw,nosuid,nodev,noexec,relatime)
[0;33m[WARN][0m Host mount: /sys/fs/bpf (bpf, rw,nosuid,nodev,noexec,relatime,mode=700)
[0;33m[WARN][0m Host mount: /sys/kernel/config (configfs, rw,nosuid,nodev,noexec,relatime)
[0;33m[WARN][0m Host mount: /sys/fs/selinux (selinuxfs, rw,nosuid,noexec,relatime)
[0;33m[WARN][0m Host mount: /sys/fs/fuse/connections (fusectl, rw,nosuid,nodev,noexec,relatime)
[0;33m[WARN][0m Host mount: /sys/kernel/debug (debugfs, rw,seclabel,nosuid,nodev,noexec,relatime)
[0;33m[WARN][0m Host mount: /sys/kernel/debug/tracing (tracefs, rw,seclabel,nosuid,nodev,noexec,relatime)
[0;33m[WARN][0m Host mount: /sys/kernel/tracing (tracefs, rw,seclabel,nosuid,nodev,noexec,relatime)
[0;33m[WARN][0m Host mount: /root/.emacs.d (btrfs, rw,seclabel,relatime,compress=zstd:1,ssd,discard=async,space_cache=v2,subvolid=256,subvol=/root)
[0;33m[WARN][0m Host mount: /root/i.ar (btrfs, rw,seclabel,relatime,compress=zstd:1,ssd,discard=async,space_cache=v2,subvolid=256,subvol=/root)
[0;33m[WARN][0m Host mount: /root/personalization (btrfs, rw,seclabel,relatime,compress=zstd:1,ssd,discard=async,space_cache=v2,subvolid=256,subvol=/root)
[0;33m[WARN][0m Host mount: /root/.emacs.d/metaconfig (btrfs, rw,seclabel,relatime,compress=zstd:1,ssd,discard=async,space_cache=v2,subvolid=256,subvol=/root)
[0;33m[WARN][0m Host mount: /root/.emacs.d/gptel-fork (btrfs, rw,seclabel,relatime,compress=zstd:1,ssd,discard=async,space_cache=v2,subvolid=256,subvol=/root)
[0;33m[WARN][0m Host mount: /root/i.ar/prompts (btrfs, rw,seclabel,relatime,compress=zstd:1,ssd,discard=async,space_cache=v2,subvolid=256,subvol=/root)

============================================
[0;32m  PREFLIGHT PASSED[0m
============================================
Loading /root/.emacs.d/configs/paths.el (source)...
Loading /root/.emacs.d/configs/predicates.el (source)...
Loading /root/.emacs.d/configs/keybindings.el (source)...
Loading /root/.emacs.d/configs/delimiters.el (source)...
Loading /root/.emacs.d/configs/git.el (source)...
Loading /root/.emacs.d/configs/fork.el (source)...
Loading /root/.emacs.d/configs/delegate.el (source)...
Loading /root/.emacs.d/configs/cycle.el (source)...
Loading /root/.emacs.d/configs/loop-guard.el (source)...
Loading /root/.emacs.d/configs/memory.el (source)...
Loading /root/.emacs.d/configs/file-guard.el (source)...
Loading /root/.emacs.d/configs/tool-limits.el (source)...
Loading /root/.emacs.d/configs/tasks.el (source)...
Loading /root/.emacs.d/configs/mcp.el (source)...
Loading /root/.emacs.d/init.d/shared/iar-utils.el (source)...
Loading /root/.emacs.d/init.d/shared/iar-agent-utils.el (source)...
Loading /root/.emacs.d/init.d/core/iar-locale.el (source)...
Loading /root/.emacs.d/init.d/core/iar-package-setup.el (source)...
Loading /root/.emacs.d/init.d/core/iar-ui-cleanup.el (source)...
Loading /root/.emacs.d/init.d/core/iar-evil-mode.el (source)...
Loading /root/.emacs.d/init.d/core/iar-gptel-setup.el (source)...
[gptel] Using fork from /root/.emacs.d/gptel-fork (overriding ELPA package)
Loading /root/.emacs.d/configs/gptel.el (source)...
Loading /root/.emacs.d/init.d/core/iar-mcp-setup.el (source)...
Loading /root/.emacs.d/init.d/tool-call/iar-malformed-args.el (source)...
Loading /root/.emacs.d/init.d/tool-call/iar-tool-call.el (source)...
[tool-call] Layer installed
Loading /root/.emacs.d/init.d/tool-call/iar-tool-result-timestamp.el (source)...
Loading /root/.emacs.d/init.d/tool-call/iar-tool-result-budget.el (source)...
Loading /root/.emacs.d/init.d/tool-call/iar-request-log.el (source)...
[request-log] Witness installed
Loading /root/.emacs.d/init.d/tool-call/iar-context-fence.el (source)...
Loading /root/.emacs.d/init.d/tool-call/iar-msgs-fence.el (source)...
Loading /root/.emacs.d/init.d/tool-call/iar-request-watchdog.el (source)...
[watchdog] Request watchdog installed
Loading /root/.emacs.d/init.d/tool-call/iar-text-mode-detector.el (source)...
Loading /root/.emacs.d/init.d/agent/iar-prompt-loader.el (source)...
Loading /root/.emacs.d/init.d/core/iar-mount-awareness.el (source)...
Loading /root/.emacs.d/init.d/core/iar-rate-limit.el (source)...
Loading /root/.emacs.d/init.d/security/iar-output-sanitizer.el (source)...
Loading /root/.emacs.d/init.d/security/iar-file-guard.el (source)...
Loading /root/.emacs.d/init.d/security/iar-audit-log.el (source)...
Loading /root/.emacs.d/init.d/security/iar-loop-guard.el (source)...
Loading /root/.emacs.d/init.d/security/iar-loop-guard-chain.el (source)...
Loading /root/.emacs.d/init.d/security/iar-tool-guard.el (source)...
Loading /root/.emacs.d/init.d/security/iar-utf8-scrub.el (source)...
Loading /root/.emacs.d/init.d/tools/filesystem/list_directory.el (source)...
Loading /root/.emacs.d/init.d/tools/filesystem/read_file.el (source)...
Loading /root/.emacs.d/init.d/tools/filesystem/write_file.el (source)...
Loading /root/.emacs.d/init.d/tools/filesystem/append_file.el (source)...
Loading /root/.emacs.d/init.d/tools/code/execute_code_local.el (source)...
Loading /root/.emacs.d/init.d/tools/code/execute_code_remote.el (source)...
Loading /root/.emacs.d/init.d/tools/code/check_elisp.el (source)...
Loading /root/.emacs.d/init.d/tools/tasks/read_task.el (source)...
Loading /root/.emacs.d/init.d/tools/tasks/create_task.el (source)...
Loading /root/.emacs.d/init.d/tools/tasks/write_subtask.el (source)...
Loading /root/.emacs.d/init.d/tools/tasks/remove_task.el (source)...
Loading /root/.emacs.d/init.d/tools/tasks/read_history.el (source)...
Loading /root/.emacs.d/init.d/tools/tasks/read_roadmap.el (source)...
Loading /root/.emacs.d/init.d/tools/tasks/write_roadmap.el (source)...
Loading /root/.emacs.d/init.d/tools/notify/telegram.el (source)...
Loading /root/.emacs.d/init.d/tools/git/git_commit.el (source)...
Loading /root/.emacs.d/init.d/tools/knowledge/read_knowledge.el (source)...
Loading /root/.emacs.d/init.d/agent/iar-project-parser.el (source)...
Loading /root/.emacs.d/init.d/agent/iar-prompt-assembly.el (source)...
Loading /root/.emacs.d/init.d/agent/iar-agent-loader.el (source)...
Loading /root/.emacs.d/init.d/agent/iar-knowledge-loader.el (source)...
Loading /root/.emacs.d/init.d/agent/iar-buffer-info.el (source)...
Loading /root/.emacs.d/init.d/tools/agent/delegate.el (source)...
Loading /root/.emacs.d/init.d/tools/agent/reload_os.el (source)...
Loading /root/.emacs.d/init.d/tools/agent/reload_agent.el (source)...
Loading /root/.emacs.d/init.d/tools/agent/read_own_prompt.el (source)...
Loading /root/.emacs.d/init.d/agent/iar-guidelines-checker.el (source)...
Loading /root/.emacs.d/init.d/agent/iar-agent-cycle.el (source)...
Loading /root/.emacs.d/init.d/debug/iar-status-mode.el (source)...
[status-mode] Installed
Loading /root/.emacs.d/init.d/session/iar-quit.el (source)...
[aria] Starting cycle with 3600s timeout (archetype: aria-cycle, project: iar, cycle: aria_daily)
[assembly] DIGEST [iar/aria] 13307 chars (warn at 12000) -- injected full on every request; diet it
[aria] Assembled prompt: 48991 chars (~12247 tokens), 21 tools
[aria] Sending cycle prompt to aria agent...
Querying Ollama...
Ollama error: (HTTP/1.1 429 Too Many Requests) you (Randazzo) have reached your weekly usage limit, add usage credits: https://ollama.com/settings (ref: 887a145a-f8c9-4063-b990-43a4c5f80ee7)
[aria] Cycle request FAILED (strike 1/3)
[aria] No active requests for 1800s -- stalled, exit 1
[aria] Cycle complete. Turns: 0, Tool calls: 0, Exit: 1
Tokens: 0 in / 0 out / 0 total
Requests: 1
[0;31m[ERR][2026-09-13 14:30:08][0m Cycle 1 failed in 1815s (exit 1)

[0;34m[INF][2026-09-13 15:00:28][0m --- Cycle 1/1 ---
Already up to date.
============================================
  Preflight Mount Audit — Emacboros
  2026-09-13T18:00:28Z
============================================

--- Phase 1: /proc/mounts scan ---

--- Phase 2: Writability tests ---
[0;32m[PASS][0m /root/.emacs.d/.git/hooks — does not exist
[0;32m[PASS][0m /var/run/docker.sock — does not exist
[0;32m[PASS][0m /etc/cron.d — does not exist
[0;32m[PASS][0m /var/spool/cron — does not exist
[0;32m[PASS][0m /etc/systemd/system — directory is read-only
[0;32m[PASS][0m /etc/systemd — directory is read-only

--- Phase 3: Capability audit ---
[0;32m[PASS][0m CAP_DAC_OVERRIDE (bit 1) is not set — can bypass file read/write/execute permissions
[0;32m[PASS][0m CAP_SYS_ADMIN (bit 21) is not set — broad system administration (mount, namespaces, etc.)
[0;32m[PASS][0m CAP_SETUID (bit 7) is not set — can change process UID
[0;32m[PASS][0m CAP_SETGID (bit 6) is not set — can change process GID
[0;32m[PASS][0m CAP_MKNOD (bit 27) is not set — can create special device files
[0;32m[PASS][0m CAP_NET_RAW (bit 13) is SET (expected) — can create raw network sockets (needed for nmap/traceroute)
[0;32m[PASS][0m CAP_NET_BIND_SERVICE (bit 10) is SET (expected) — can bind to ports < 1024
[0;32m[PASS][0m CAP_FOWNER (bit 3) is not set — can bypass file ownership checks
[0;32m[PASS][0m CAP_SETFCAP (bit 31) is not set — can set file capabilities

--- Phase 4: Host mount audit ---
Writable real-filesystem mounts:
[0;33m[WARN][0m Host mount: /sys/kernel/security (securityfs, rw,nosuid,nodev,noexec,relatime)
[0;33m[WARN][0m Host mount: /sys/fs/cgroup (cgroup2, rw,seclabel,nosuid,nodev,noexec,relatime,nsdelegate,memory_recursiveprot,memory_hugetlb_accounting)
[0;33m[WARN][0m Host mount: /sys/fs/pstore (pstore, rw,seclabel,nosuid,nodev,noexec,relatime)
[0;33m[WARN][0m Host mount: /sys/firmware/efi/efivars (efivarfs, rw,nosuid,nodev,noexec,relatime)
[0;33m[WARN][0m Host mount: /sys/fs/bpf (bpf, rw,nosuid,nodev,noexec,relatime,mode=700)
[0;33m[WARN][0m Host mount: /sys/kernel/config (configfs, rw,nosuid,nodev,noexec,relatime)
[0;33m[WARN][0m Host mount: /sys/fs/selinux (selinuxfs, rw,nosuid,noexec,relatime)
[0;33m[WARN][0m Host mount: /sys/fs/fuse/connections (fusectl, rw,nosuid,nodev,noexec,relatime)
[0;33m[WARN][0m Host mount: /sys/kernel/debug (debugfs, rw,seclabel,nosuid,nodev,noexec,relatime)
[0;33m[WARN][0m Host mount: /sys/kernel/debug/tracing (tracefs, rw,seclabel,nosuid,nodev,noexec,relatime)
[0;33m[WARN][0m Host mount: /sys/kernel/tracing (tracefs, rw,seclabel,nosuid,nodev,noexec,relatime)
[0;33m[WARN][0m Host mount: /root/personalization (btrfs, rw,seclabel,relatime,compress=zstd:1,ssd,discard=async,space_cache=v2,subvolid=256,subvol=/root)
[0;33m[WARN][0m Host mount: /root/.emacs.d (btrfs, rw,seclabel,relatime,compress=zstd:1,ssd,discard=async,space_cache=v2,subvolid=256,subvol=/root)
[0;33m[WARN][0m Host mount: /root/i.ar (btrfs, rw,seclabel,relatime,compress=zstd:1,ssd,discard=async,space_cache=v2,subvolid=256,subvol=/root)
[0;33m[WARN][0m Host mount: /root/.emacs.d/metaconfig (btrfs, rw,seclabel,relatime,compress=zstd:1,ssd,discard=async,space_cache=v2,subvolid=256,subvol=/root)
[0;33m[WARN][0m Host mount: /root/i.ar/prompts (btrfs, rw,seclabel,relatime,compress=zstd:1,ssd,discard=async,space_cache=v2,subvolid=256,subvol=/root)
[0;33m[WARN][0m Host mount: /root/.emacs.d/gptel-fork (btrfs, rw,seclabel,relatime,compress=zstd:1,ssd,discard=async,space_cache=v2,subvolid=256,subvol=/root)

============================================
[0;32m  PREFLIGHT PASSED[0m
============================================
Loading /root/.emacs.d/configs/paths.el (source)...
Loading /root/.emacs.d/configs/predicates.el (source)...
Loading /root/.emacs.d/configs/keybindings.el (source)...
Loading /root/.emacs.d/configs/delimiters.el (source)...
Loading /root/.emacs.d/configs/git.el (source)...
Loading /root/.emacs.d/configs/fork.el (source)...
Loading /root/.emacs.d/configs/delegate.el (source)...
Loading /root/.emacs.d/configs/cycle.el (source)...
Loading /root/.emacs.d/configs/loop-guard.el (source)...
Loading /root/.emacs.d/configs/memory.el (source)...
Loading /root/.emacs.d/configs/file-guard.el (source)...
Loading /root/.emacs.d/configs/tool-limits.el (source)...
Loading /root/.emacs.d/configs/tasks.el (source)...
Loading /root/.emacs.d/configs/mcp.el (source)...
Loading /root/.emacs.d/init.d/shared/iar-utils.el (source)...
Loading /root/.emacs.d/init.d/shared/iar-agent-utils.el (source)...
Loading /root/.emacs.d/init.d/core/iar-locale.el (source)...
Loading /root/.emacs.d/init.d/core/iar-package-setup.el (source)...
Loading /root/.emacs.d/init.d/core/iar-ui-cleanup.el (source)...
Loading /root/.emacs.d/init.d/core/iar-evil-mode.el (source)...
Loading /root/.emacs.d/init.d/core/iar-gptel-setup.el (source)...
[gptel] Using fork from /root/.emacs.d/gptel-fork (overriding ELPA package)
Loading /root/.emacs.d/configs/gptel.el (source)...
Loading /root/.emacs.d/init.d/core/iar-mcp-setup.el (source)...
Loading /root/.emacs.d/init.d/tool-call/iar-malformed-args.el (source)...
Loading /root/.emacs.d/init.d/tool-call/iar-tool-call.el (source)...
[tool-call] Layer installed
Loading /root/.emacs.d/init.d/tool-call/iar-tool-result-timestamp.el (source)...
Loading /root/.emacs.d/init.d/tool-call/iar-tool-result-budget.el (source)...
Loading /root/.emacs.d/init.d/tool-call/iar-request-log.el (source)...
[request-log] Witness installed
Loading /root/.emacs.d/init.d/tool-call/iar-context-fence.el (source)...
Loading /root/.emacs.d/init.d/tool-call/iar-msgs-fence.el (source)...
Loading /root/.emacs.d/init.d/tool-call/iar-request-watchdog.el (source)...
[watchdog] Request watchdog installed
Loading /root/.emacs.d/init.d/tool-call/iar-text-mode-detector.el (source)...
Loading /root/.emacs.d/init.d/agent/iar-prompt-loader.el (source)...
Loading /root/.emacs.d/init.d/core/iar-mount-awareness.el (source)...
Loading /root/.emacs.d/init.d/core/iar-rate-limit.el (source)...
Loading /root/.emacs.d/init.d/security/iar-output-sanitizer.el (source)...
Loading /root/.emacs.d/init.d/security/iar-file-guard.el (source)...
Loading /root/.emacs.d/init.d/security/iar-audit-log.el (source)...
Loading /root/.emacs.d/init.d/security/iar-loop-guard.el (source)...
Loading /root/.emacs.d/init.d/security/iar-loop-guard-chain.el (source)...
Loading /root/.emacs.d/init.d/security/iar-tool-guard.el (source)...
Loading /root/.emacs.d/init.d/security/iar-utf8-scrub.el (source)...
Loading /root/.emacs.d/init.d/tools/filesystem/list_directory.el (source)...
Loading /root/.emacs.d/init.d/tools/filesystem/read_file.el (source)...
Loading /root/.emacs.d/init.d/tools/filesystem/write_file.el (source)...
Loading /root/.emacs.d/init.d/tools/filesystem/append_file.el (source)...
Loading /root/.emacs.d/init.d/tools/code/execute_code_local.el (source)...
Loading /root/.emacs.d/init.d/tools/code/execute_code_remote.el (source)...
Loading /root/.emacs.d/init.d/tools/code/check_elisp.el (source)...
Loading /root/.emacs.d/init.d/tools/tasks/read_task.el (source)...
Loading /root/.emacs.d/init.d/tools/tasks/create_task.el (source)...
Loading /root/.emacs.d/init.d/tools/tasks/write_subtask.el (source)...
Loading /root/.emacs.d/init.d/tools/tasks/remove_task.el (source)...
Loading /root/.emacs.d/init.d/tools/tasks/read_history.el (source)...
Loading /root/.emacs.d/init.d/tools/tasks/read_roadmap.el (source)...
Loading /root/.emacs.d/init.d/tools/tasks/write_roadmap.el (source)...
Loading /root/.emacs.d/init.d/tools/notify/telegram.el (source)...
Loading /root/.emacs.d/init.d/tools/git/git_commit.el (source)...
Loading /root/.emacs.d/init.d/tools/knowledge/read_knowledge.el (source)...
Loading /root/.emacs.d/init.d/agent/iar-project-parser.el (source)...
Loading /root/.emacs.d/init.d/agent/iar-prompt-assembly.el (source)...
Loading /root/.emacs.d/init.d/agent/iar-agent-loader.el (source)...
Loading /root/.emacs.d/init.d/agent/iar-knowledge-loader.el (source)...
Loading /root/.emacs.d/init.d/agent/iar-buffer-info.el (source)...
Loading /root/.emacs.d/init.d/tools/agent/delegate.el (source)...
Loading /root/.emacs.d/init.d/tools/agent/reload_os.el (source)...
Loading /root/.emacs.d/init.d/tools/agent/reload_agent.el (source)...
Loading /root/.emacs.d/init.d/tools/agent/read_own_prompt.el (source)...
Loading /root/.emacs.d/init.d/agent/iar-guidelines-checker.el (source)...
Loading /root/.emacs.d/init.d/agent/iar-agent-cycle.el (source)...
Loading /root/.emacs.d/init.d/debug/iar-status-mode.el (source)...
[status-mode] Installed
Loading /root/.emacs.d/init.d/session/iar-quit.el (source)...
[aria] Starting cycle with 3600s timeout (archetype: aria-cycle, project: iar, cycle: aria_daily)
[assembly] DIGEST [iar/aria] 13307 chars (warn at 12000) -- injected full on every request; diet it
[aria] Assembled prompt: 48976 chars (~12244 tokens), 21 tools
[aria] Sending cycle prompt to aria agent...
Querying Ollama...
Ollama error: (HTTP/1.1 429 Too Many Requests) you (Randazzo) have reached your weekly usage limit, add usage credits: https://ollama.com/settings (ref: 27fbd3da-8d8e-4b09-ba9b-f61dc61585ee)
[aria] Cycle request FAILED (strike 1/3)
[aria] No active requests for 1800s -- stalled, exit 1
[aria] Cycle complete. Turns: 0, Tool calls: 0, Exit: 1
Tokens: 0 in / 0 out / 0 total
Requests: 1
[0;31m[ERR][2026-09-13 15:30:43][0m Cycle 1 failed in 1815s (exit 1)

[0;34m[INF][2026-09-13 16:01:02][0m --- Cycle 1/1 ---
Already up to date.
============================================
  Preflight Mount Audit — Emacboros
  2026-09-13T19:01:03Z
============================================

--- Phase 1: /proc/mounts scan ---

--- Phase 2: Writability tests ---
[0;32m[PASS][0m /root/.emacs.d/.git/hooks — does not exist
[0;32m[PASS][0m /var/run/docker.sock — does not exist
[0;32m[PASS][0m /etc/cron.d — does not exist
[0;32m[PASS][0m /var/spool/cron — does not exist
[0;32m[PASS][0m /etc/systemd/system — directory is read-only
[0;32m[PASS][0m /etc/systemd — directory is read-only

--- Phase 3: Capability audit ---
[0;32m[PASS][0m CAP_DAC_OVERRIDE (bit 1) is not set — can bypass file read/write/execute permissions
[0;32m[PASS][0m CAP_SYS_ADMIN (bit 21) is not set — broad system administration (mount, namespaces, etc.)
[0;32m[PASS][0m CAP_SETUID (bit 7) is not set — can change process UID
[0;32m[PASS][0m CAP_SETGID (bit 6) is not set — can change process GID
[0;32m[PASS][0m CAP_MKNOD (bit 27) is not set — can create special device files
[0;32m[PASS][0m CAP_NET_RAW (bit 13) is SET (expected) — can create raw network sockets (needed for nmap/traceroute)
[0;32m[PASS][0m CAP_NET_BIND_SERVICE (bit 10) is SET (expected) — can bind to ports < 1024
[0;32m[PASS][0m CAP_FOWNER (bit 3) is not set — can bypass file ownership checks
[0;32m[PASS][0m CAP_SETFCAP (bit 31) is not set — can set file capabilities

--- Phase 4: Host mount audit ---
Writable real-filesystem mounts:
[0;33m[WARN][0m Host mount: /sys/kernel/security (securityfs, rw,nosuid,nodev,noexec,relatime)
[0;33m[WARN][0m Host mount: /sys/fs/cgroup (cgroup2, rw,seclabel,nosuid,nodev,noexec,relatime,nsdelegate,memory_recursiveprot,memory_hugetlb_accounting)
[0;33m[WARN][0m Host mount: /sys/fs/pstore (pstore, rw,seclabel,nosuid,nodev,noexec,relatime)
[0;33m[WARN][0m Host mount: /sys/firmware/efi/efivars (efivarfs, rw,nosuid,nodev,noexec,relatime)
[0;33m[WARN][0m Host mount: /sys/fs/bpf (bpf, rw,nosuid,nodev,noexec,relatime,mode=700)
[0;33m[WARN][0m Host mount: /sys/kernel/config (configfs, rw,nosuid,nodev,noexec,relatime)
[0;33m[WARN][0m Host mount: /sys/fs/selinux (selinuxfs, rw,nosuid,noexec,relatime)
[0;33m[WARN][0m Host mount: /sys/fs/fuse/connections (fusectl, rw,nosuid,nodev,noexec,relatime)
[0;33m[WARN][0m Host mount: /sys/kernel/debug (debugfs, rw,seclabel,nosuid,nodev,noexec,relatime)
[0;33m[WARN][0m Host mount: /sys/kernel/debug/tracing (tracefs, rw,seclabel,nosuid,nodev,noexec,relatime)
[0;33m[WARN][0m Host mount: /sys/kernel/tracing (tracefs, rw,seclabel,nosuid,nodev,noexec,relatime)
[0;33m[WARN][0m Host mount: /root/i.ar (btrfs, rw,seclabel,relatime,compress=zstd:1,ssd,discard=async,space_cache=v2,subvolid=256,subvol=/root)
[0;33m[WARN][0m Host mount: /root/.emacs.d (btrfs, rw,seclabel,relatime,compress=zstd:1,ssd,discard=async,space_cache=v2,subvolid=256,subvol=/root)
[0;33m[WARN][0m Host mount: /root/personalization (btrfs, rw,seclabel,relatime,compress=zstd:1,ssd,discard=async,space_cache=v2,subvolid=256,subvol=/root)
[0;33m[WARN][0m Host mount: /root/i.ar/prompts (btrfs, rw,seclabel,relatime,compress=zstd:1,ssd,discard=async,space_cache=v2,subvolid=256,subvol=/root)
[0;33m[WARN][0m Host mount: /root/.emacs.d/metaconfig (btrfs, rw,seclabel,relatime,compress=zstd:1,ssd,discard=async,space_cache=v2,subvolid=256,subvol=/root)
[0;33m[WARN][0m Host mount: /root/.emacs.d/gptel-fork (btrfs, rw,seclabel,relatime,compress=zstd:1,ssd,discard=async,space_cache=v2,subvolid=256,subvol=/root)

============================================
[0;32m  PREFLIGHT PASSED[0m
============================================
Loading /root/.emacs.d/configs/paths.el (source)...
Loading /root/.emacs.d/configs/predicates.el (source)...
Loading /root/.emacs.d/configs/keybindings.el (source)...
Loading /root/.emacs.d/configs/delimiters.el (source)...
Loading /root/.emacs.d/configs/git.el (source)...
Loading /root/.emacs.d/configs/fork.el (source)...
Loading /root/.emacs.d/configs/delegate.el (source)...
Loading /root/.emacs.d/configs/cycle.el (source)...
Loading /root/.emacs.d/configs/loop-guard.el (source)...
Loading /root/.emacs.d/configs/memory.el (source)...
Loading /root/.emacs.d/configs/file-guard.el (source)...
Loading /root/.emacs.d/configs/tool-limits.el (source)...
Loading /root/.emacs.d/configs/tasks.el (source)...
Loading /root/.emacs.d/configs/mcp.el (source)...
Loading /root/.emacs.d/init.d/shared/iar-utils.el (source)...
Loading /root/.emacs.d/init.d/shared/iar-agent-utils.el (source)...
Loading /root/.emacs.d/init.d/core/iar-locale.el (source)...
Loading /root/.emacs.d/init.d/core/iar-package-setup.el (source)...
Loading /root/.emacs.d/init.d/core/iar-ui-cleanup.el (source)...
Loading /root/.emacs.d/init.d/core/iar-evil-mode.el (source)...
Loading /root/.emacs.d/init.d/core/iar-gptel-setup.el (source)...
[gptel] Using fork from /root/.emacs.d/gptel-fork (overriding ELPA package)
Loading /root/.emacs.d/configs/gptel.el (source)...
Loading /root/.emacs.d/init.d/core/iar-mcp-setup.el (source)...
Loading /root/.emacs.d/init.d/tool-call/iar-malformed-args.el (source)...
Loading /root/.emacs.d/init.d/tool-call/iar-tool-call.el (source)...
[tool-call] Layer installed
Loading /root/.emacs.d/init.d/tool-call/iar-tool-result-timestamp.el (source)...
Loading /root/.emacs.d/init.d/tool-call/iar-tool-result-budget.el (source)...
Loading /root/.emacs.d/init.d/tool-call/iar-request-log.el (source)...
[request-log] Witness installed
Loading /root/.emacs.d/init.d/tool-call/iar-context-fence.el (source)...
Loading /root/.emacs.d/init.d/tool-call/iar-msgs-fence.el (source)...
Loading /root/.emacs.d/init.d/tool-call/iar-request-watchdog.el (source)...
[watchdog] Request watchdog installed
Loading /root/.emacs.d/init.d/tool-call/iar-text-mode-detector.el (source)...
Loading /root/.emacs.d/init.d/agent/iar-prompt-loader.el (source)...
Loading /root/.emacs.d/init.d/core/iar-mount-awareness.el (source)...
Loading /root/.emacs.d/init.d/core/iar-rate-limit.el (source)...
Loading /root/.emacs.d/init.d/security/iar-output-sanitizer.el (source)...
Loading /root/.emacs.d/init.d/security/iar-file-guard.el (source)...
Loading /root/.emacs.d/init.d/security/iar-audit-log.el (source)...
Loading /root/.emacs.d/init.d/security/iar-loop-guard.el (source)...
Loading /root/.emacs.d/init.d/security/iar-loop-guard-chain.el (source)...
Loading /root/.emacs.d/init.d/security/iar-tool-guard.el (source)...
Loading /root/.emacs.d/init.d/security/iar-utf8-scrub.el (source)...
Loading /root/.emacs.d/init.d/tools/filesystem/list_directory.el (source)...
Loading /root/.emacs.d/init.d/tools/filesystem/read_file.el (source)...
Loading /root/.emacs.d/init.d/tools/filesystem/write_file.el (source)...
Loading /root/.emacs.d/init.d/tools/filesystem/append_file.el (source)...
Loading /root/.emacs.d/init.d/tools/code/execute_code_local.el (source)...
Loading /root/.emacs.d/init.d/tools/code/execute_code_remote.el (source)...
Loading /root/.emacs.d/init.d/tools/code/check_elisp.el (source)...
Loading /root/.emacs.d/init.d/tools/tasks/read_task.el (source)...
Loading /root/.emacs.d/init.d/tools/tasks/create_task.el (source)...
Loading /root/.emacs.d/init.d/tools/tasks/write_subtask.el (source)...
Loading /root/.emacs.d/init.d/tools/tasks/remove_task.el (source)...
Loading /root/.emacs.d/init.d/tools/tasks/read_history.el (source)...
Loading /root/.emacs.d/init.d/tools/tasks/read_roadmap.el (source)...
Loading /root/.emacs.d/init.d/tools/tasks/write_roadmap.el (source)...
Loading /root/.emacs.d/init.d/tools/notify/telegram.el (source)...
Loading /root/.emacs.d/init.d/tools/git/git_commit.el (source)...
Loading /root/.emacs.d/init.d/tools/knowledge/read_knowledge.el (source)...
Loading /root/.emacs.d/init.d/agent/iar-project-parser.el (source)...
Loading /root/.emacs.d/init.d/agent/iar-prompt-assembly.el (source)...
Loading /root/.emacs.d/init.d/agent/iar-agent-loader.el (source)...
Loading /root/.emacs.d/init.d/agent/iar-knowledge-loader.el (source)...
Loading /root/.emacs.d/init.d/agent/iar-buffer-info.el (source)...
Loading /root/.emacs.d/init.d/tools/agent/delegate.el (source)...
Loading /root/.emacs.d/init.d/tools/agent/reload_os.el (source)...
Loading /root/.emacs.d/init.d/tools/agent/reload_agent.el (source)...
Loading /root/.emacs.d/init.d/tools/agent/read_own_prompt.el (source)...
Loading /root/.emacs.d/init.d/agent/iar-guidelines-checker.el (source)...
Loading /root/.emacs.d/init.d/agent/iar-agent-cycle.el (source)...
Loading /root/.emacs.d/init.d/debug/iar-status-mode.el (source)...
[status-mode] Installed
Loading /root/.emacs.d/init.d/session/iar-quit.el (source)...
[aria] Starting cycle with 3600s timeout (archetype: aria-cycle, project: iar, cycle: aria_daily)
[assembly] DIGEST [iar/aria] 13307 chars (warn at 12000) -- injected full on every request; diet it
[aria] Assembled prompt: 49023 chars (~12255 tokens), 21 tools
[aria] Sending cycle prompt to aria agent...
Querying Ollama...
Ollama error: (HTTP/1.1 429 Too Many Requests) you (Randazzo) have reached your weekly usage limit, add usage credits: https://ollama.com/settings (ref: e170d3ad-2a34-4881-a636-480eac64df89)
[aria] Cycle request FAILED (strike 1/3)
[aria] No active requests for 1800s -- stalled, exit 1
[aria] Cycle complete. Turns: 0, Tool calls: 0, Exit: 1
Tokens: 0 in / 0 out / 0 total
Requests: 1
[0;31m[ERR][2026-09-13 16:31:17][0m Cycle 1 failed in 1815s (exit 1)

[0;34m[INF][2026-09-13 17:01:36][0m --- Cycle 1/1 ---
Already up to date.
============================================
  Preflight Mount Audit — Emacboros
  2026-09-13T20:01:37Z
============================================

--- Phase 1: /proc/mounts scan ---

--- Phase 2: Writability tests ---
[0;32m[PASS][0m /root/.emacs.d/.git/hooks — does not exist
[0;32m[PASS][0m /var/run/docker.sock — does not exist
[0;32m[PASS][0m /etc/cron.d — does not exist
[0;32m[PASS][0m /var/spool/cron — does not exist
[0;32m[PASS][0m /etc/systemd/system — directory is read-only
[0;32m[PASS][0m /etc/systemd — directory is read-only

--- Phase 3: Capability audit ---
[0;32m[PASS][0m CAP_DAC_OVERRIDE (bit 1) is not set — can bypass file read/write/execute permissions
[0;32m[PASS][0m CAP_SYS_ADMIN (bit 21) is not set — broad system administration (mount, namespaces, etc.)
[0;32m[PASS][0m CAP_SETUID (bit 7) is not set — can change process UID
[0;32m[PASS][0m CAP_SETGID (bit 6) is not set — can change process GID
[0;32m[PASS][0m CAP_MKNOD (bit 27) is not set — can create special device files
[0;32m[PASS][0m CAP_NET_RAW (bit 13) is SET (expected) — can create raw network sockets (needed for nmap/traceroute)
[0;32m[PASS][0m CAP_NET_BIND_SERVICE (bit 10) is SET (expected) — can bind to ports < 1024
[0;32m[PASS][0m CAP_FOWNER (bit 3) is not set — can bypass file ownership checks
[0;32m[PASS][0m CAP_SETFCAP (bit 31) is not set — can set file capabilities

--- Phase 4: Host mount audit ---
Writable real-filesystem mounts:
[0;33m[WARN][0m Host mount: /sys/kernel/security (securityfs, rw,nosuid,nodev,noexec,relatime)
[0;33m[WARN][0m Host mount: /sys/fs/cgroup (cgroup2, rw,seclabel,nosuid,nodev,noexec,relatime,nsdelegate,memory_recursiveprot,memory_hugetlb_accounting)
[0;33m[WARN][0m Host mount: /sys/fs/pstore (pstore, rw,seclabel,nosuid,nodev,noexec,relatime)
[0;33m[WARN][0m Host mount: /sys/firmware/efi/efivars (efivarfs, rw,nosuid,nodev,noexec,relatime)
[0;33m[WARN][0m Host mount: /sys/fs/bpf (bpf, rw,nosuid,nodev,noexec,relatime,mode=700)
[0;33m[WARN][0m Host mount: /sys/kernel/config (configfs, rw,nosuid,nodev,noexec,relatime)
[0;33m[WARN][0m Host mount: /sys/fs/selinux (selinuxfs, rw,nosuid,noexec,relatime)
[0;33m[WARN][0m Host mount: /sys/fs/fuse/connections (fusectl, rw,nosuid,nodev,noexec,relatime)
[0;33m[WARN][0m Host mount: /sys/kernel/debug (debugfs, rw,seclabel,nosuid,nodev,noexec,relatime)
[0;33m[WARN][0m Host mount: /sys/kernel/debug/tracing (tracefs, rw,seclabel,nosuid,nodev,noexec,relatime)
[0;33m[WARN][0m Host mount: /sys/kernel/tracing (tracefs, rw,seclabel,nosuid,nodev,noexec,relatime)
[0;33m[WARN][0m Host mount: /root/i.ar (btrfs, rw,seclabel,relatime,compress=zstd:1,ssd,discard=async,space_cache=v2,subvolid=256,subvol=/root)
[0;33m[WARN][0m Host mount: /root/.emacs.d (btrfs, rw,seclabel,relatime,compress=zstd:1,ssd,discard=async,space_cache=v2,subvolid=256,subvol=/root)
[0;33m[WARN][0m Host mount: /root/personalization (btrfs, rw,seclabel,relatime,compress=zstd:1,ssd,discard=async,space_cache=v2,subvolid=256,subvol=/root)
[0;33m[WARN][0m Host mount: /root/.emacs.d/gptel-fork (btrfs, rw,seclabel,relatime,compress=zstd:1,ssd,discard=async,space_cache=v2,subvolid=256,subvol=/root)
[0;33m[WARN][0m Host mount: /root/i.ar/prompts (btrfs, rw,seclabel,relatime,compress=zstd:1,ssd,discard=async,space_cache=v2,subvolid=256,subvol=/root)
[0;33m[WARN][0m Host mount: /root/.emacs.d/metaconfig (btrfs, rw,seclabel,relatime,compress=zstd:1,ssd,discard=async,space_cache=v2,subvolid=256,subvol=/root)

============================================
[0;32m  PREFLIGHT PASSED[0m
============================================
Loading /root/.emacs.d/configs/paths.el (source)...
Loading /root/.emacs.d/configs/predicates.el (source)...
Loading /root/.emacs.d/configs/keybindings.el (source)...
Loading /root/.emacs.d/configs/delimiters.el (source)...
Loading /root/.emacs.d/configs/git.el (source)...
Loading /root/.emacs.d/configs/fork.el (source)...
Loading /root/.emacs.d/configs/delegate.el (source)...
Loading /root/.emacs.d/configs/cycle.el (source)...
Loading /root/.emacs.d/configs/loop-guard.el (source)...
Loading /root/.emacs.d/configs/memory.el (source)...
Loading /root/.emacs.d/configs/file-guard.el (source)...
Loading /root/.emacs.d/configs/tool-limits.el (source)...
Loading /root/.emacs.d/configs/tasks.el (source)...
Loading /root/.emacs.d/configs/mcp.el (source)...
Loading /root/.emacs.d/init.d/shared/iar-utils.el (source)...
Loading /root/.emacs.d/init.d/shared/iar-agent-utils.el (source)...
Loading /root/.emacs.d/init.d/core/iar-locale.el (source)...
Loading /root/.emacs.d/init.d/core/iar-package-setup.el (source)...
Loading /root/.emacs.d/init.d/core/iar-ui-cleanup.el (source)...
Loading /root/.emacs.d/init.d/core/iar-evil-mode.el (source)...
Loading /root/.emacs.d/init.d/core/iar-gptel-setup.el (source)...
[gptel] Using fork from /root/.emacs.d/gptel-fork (overriding ELPA package)
Loading /root/.emacs.d/configs/gptel.el (source)...
Loading /root/.emacs.d/init.d/core/iar-mcp-setup.el (source)...
Loading /root/.emacs.d/init.d/tool-call/iar-malformed-args.el (source)...
Loading /root/.emacs.d/init.d/tool-call/iar-tool-call.el (source)...
[tool-call] Layer installed
Loading /root/.emacs.d/init.d/tool-call/iar-tool-result-timestamp.el (source)...
Loading /root/.emacs.d/init.d/tool-call/iar-tool-result-budget.el (source)...
Loading /root/.emacs.d/init.d/tool-call/iar-request-log.el (source)...
[request-log] Witness installed
Loading /root/.emacs.d/init.d/tool-call/iar-context-fence.el (source)...
Loading /root/.emacs.d/init.d/tool-call/iar-msgs-fence.el (source)...
Loading /root/.emacs.d/init.d/tool-call/iar-request-watchdog.el (source)...
[watchdog] Request watchdog installed
Loading /root/.emacs.d/init.d/tool-call/iar-text-mode-detector.el (source)...
Loading /root/.emacs.d/init.d/agent/iar-prompt-loader.el (source)...
Loading /root/.emacs.d/init.d/core/iar-mount-awareness.el (source)...
Loading /root/.emacs.d/init.d/core/iar-rate-limit.el (source)...
Loading /root/.emacs.d/init.d/security/iar-output-sanitizer.el (source)...
Loading /root/.emacs.d/init.d/security/iar-file-guard.el (source)...
Loading /root/.emacs.d/init.d/security/iar-audit-log.el (source)...
Loading /root/.emacs.d/init.d/security/iar-loop-guard.el (source)...
Loading /root/.emacs.d/init.d/security/iar-loop-guard-chain.el (source)...
Loading /root/.emacs.d/init.d/security/iar-tool-guard.el (source)...
Loading /root/.emacs.d/init.d/security/iar-utf8-scrub.el (source)...
Loading /root/.emacs.d/init.d/tools/filesystem/list_directory.el (source)...
Loading /root/.emacs.d/init.d/tools/filesystem/read_file.el (source)...
Loading /root/.emacs.d/init.d/tools/filesystem/write_file.el (source)...
Loading /root/.emacs.d/init.d/tools/filesystem/append_file.el (source)...
Loading /root/.emacs.d/init.d/tools/code/execute_code_local.el (source)...
Loading /root/.emacs.d/init.d/tools/code/execute_code_remote.el (source)...
Loading /root/.emacs.d/init.d/tools/code/check_elisp.el (source)...
Loading /root/.emacs.d/init.d/tools/tasks/read_task.el (source)...
Loading /root/.emacs.d/init.d/tools/tasks/create_task.el (source)...
Loading /root/.emacs.d/init.d/tools/tasks/write_subtask.el (source)...
Loading /root/.emacs.d/init.d/tools/tasks/remove_task.el (source)...
Loading /root/.emacs.d/init.d/tools/tasks/read_history.el (source)...
Loading /root/.emacs.d/init.d/tools/tasks/read_roadmap.el (source)...
Loading /root/.emacs.d/init.d/tools/tasks/write_roadmap.el (source)...
Loading /root/.emacs.d/init.d/tools/notify/telegram.el (source)...
Loading /root/.emacs.d/init.d/tools/git/git_commit.el (source)...
Loading /root/.emacs.d/init.d/tools/knowledge/read_knowledge.el (source)...
Loading /root/.emacs.d/init.d/agent/iar-project-parser.el (source)...
Loading /root/.emacs.d/init.d/agent/iar-prompt-assembly.el (source)...
Loading /root/.emacs.d/init.d/agent/iar-agent-loader.el (source)...
Loading /root/.emacs.d/init.d/agent/iar-knowledge-loader.el (source)...
Loading /root/.emacs.d/init.d/agent/iar-buffer-info.el (source)...
Loading /root/.emacs.d/init.d/tools/agent/delegate.el (source)...
Loading /root/.emacs.d/init.d/tools/agent/reload_os.el (source)...
Loading /root/.emacs.d/init.d/tools/agent/reload_agent.el (source)...
Loading /root/.emacs.d/init.d/tools/agent/read_own_prompt.el (source)...
Loading /root/.emacs.d/init.d/agent/iar-guidelines-checker.el (source)...
Loading /root/.emacs.d/init.d/agent/iar-agent-cycle.el (source)...
Loading /root/.emacs.d/init.d/debug/iar-status-mode.el (source)...
[status-mode] Installed
Loading /root/.emacs.d/init.d/session/iar-quit.el (source)...
[aria] Starting cycle with 3600s timeout (archetype: aria-cycle, project: iar, cycle: aria_daily)
[assembly] DIGEST [iar/aria] 13307 chars (warn at 12000) -- injected full on every request; diet it
[aria] Assembled prompt: 49064 chars (~12266 tokens), 21 tools
[aria] Sending cycle prompt to aria agent...
Querying Ollama...
Ollama error: (HTTP/1.1 429 Too Many Requests) you (Randazzo) have reached your weekly usage limit, add usage credits: https://ollama.com/settings (ref: ac3b056a-fd0e-4fa8-94ec-fe5925ad1aac)
[aria] Cycle request FAILED (strike 1/3)
[aria] No active requests for 1800s -- stalled, exit 1
[aria] Cycle complete. Turns: 0, Tool calls: 0, Exit: 1
Tokens: 0 in / 0 out / 0 total
Requests: 1
[0;31m[ERR][2026-09-13 17:31:51][0m Cycle 1 failed in 1815s (exit 1)

[0;34m[INF][2026-09-13 18:02:11][0m --- Cycle 1/1 ---
Already up to date.
============================================
  Preflight Mount Audit — Emacboros
  2026-09-13T21:02:11Z
============================================

--- Phase 1: /proc/mounts scan ---

--- Phase 2: Writability tests ---
[0;32m[PASS][0m /root/.emacs.d/.git/hooks — does not exist
[0;32m[PASS][0m /var/run/docker.sock — does not exist
[0;32m[PASS][0m /etc/cron.d — does not exist
[0;32m[PASS][0m /var/spool/cron — does not exist
[0;32m[PASS][0m /etc/systemd/system — directory is read-only
[0;32m[PASS][0m /etc/systemd — directory is read-only

--- Phase 3: Capability audit ---
[0;32m[PASS][0m CAP_DAC_OVERRIDE (bit 1) is not set — can bypass file read/write/execute permissions
[0;32m[PASS][0m CAP_SYS_ADMIN (bit 21) is not set — broad system administration (mount, namespaces, etc.)
[0;32m[PASS][0m CAP_SETUID (bit 7) is not set — can change process UID
[0;32m[PASS][0m CAP_SETGID (bit 6) is not set — can change process GID
[0;32m[PASS][0m CAP_MKNOD (bit 27) is not set — can create special device files
[0;32m[PASS][0m CAP_NET_RAW (bit 13) is SET (expected) — can create raw network sockets (needed for nmap/traceroute)
[0;32m[PASS][0m CAP_NET_BIND_SERVICE (bit 10) is SET (expected) — can bind to ports < 1024
[0;32m[PASS][0m CAP_FOWNER (bit 3) is not set — can bypass file ownership checks
[0;32m[PASS][0m CAP_SETFCAP (bit 31) is not set — can set file capabilities

--- Phase 4: Host mount audit ---
Writable real-filesystem mounts:
[0;33m[WARN][0m Host mount: /sys/kernel/security (securityfs, rw,nosuid,nodev,noexec,relatime)
[0;33m[WARN][0m Host mount: /sys/fs/cgroup (cgroup2, rw,seclabel,nosuid,nodev,noexec,relatime,nsdelegate,memory_recursiveprot,memory_hugetlb_accounting)
[0;33m[WARN][0m Host mount: /sys/fs/pstore (pstore, rw,seclabel,nosuid,nodev,noexec,relatime)
[0;33m[WARN][0m Host mount: /sys/firmware/efi/efivars (efivarfs, rw,nosuid,nodev,noexec,relatime)
[0;33m[WARN][0m Host mount: /sys/fs/bpf (bpf, rw,nosuid,nodev,noexec,relatime,mode=700)
[0;33m[WARN][0m Host mount: /sys/kernel/config (configfs, rw,nosuid,nodev,noexec,relatime)
[0;33m[WARN][0m Host mount: /sys/fs/selinux (selinuxfs, rw,nosuid,noexec,relatime)
[0;33m[WARN][0m Host mount: /sys/fs/fuse/connections (fusectl, rw,nosuid,nodev,noexec,relatime)
[0;33m[WARN][0m Host mount: /sys/kernel/debug (debugfs, rw,seclabel,nosuid,nodev,noexec,relatime)
[0;33m[WARN][0m Host mount: /sys/kernel/debug/tracing (tracefs, rw,seclabel,nosuid,nodev,noexec,relatime)
[0;33m[WARN][0m Host mount: /sys/kernel/tracing (tracefs, rw,seclabel,nosuid,nodev,noexec,relatime)
[0;33m[WARN][0m Host mount: /root/.emacs.d (btrfs, rw,seclabel,relatime,compress=zstd:1,ssd,discard=async,space_cache=v2,subvolid=256,subvol=/root)
[0;33m[WARN][0m Host mount: /root/i.ar (btrfs, rw,seclabel,relatime,compress=zstd:1,ssd,discard=async,space_cache=v2,subvolid=256,subvol=/root)
[0;33m[WARN][0m Host mount: /root/personalization (btrfs, rw,seclabel,relatime,compress=zstd:1,ssd,discard=async,space_cache=v2,subvolid=256,subvol=/root)
[0;33m[WARN][0m Host mount: /root/.emacs.d/gptel-fork (btrfs, rw,seclabel,relatime,compress=zstd:1,ssd,discard=async,space_cache=v2,subvolid=256,subvol=/root)
[0;33m[WARN][0m Host mount: /root/i.ar/prompts (btrfs, rw,seclabel,relatime,compress=zstd:1,ssd,discard=async,space_cache=v2,subvolid=256,subvol=/root)
[0;33m[WARN][0m Host mount: /root/.emacs.d/metaconfig (btrfs, rw,seclabel,relatime,compress=zstd:1,ssd,discard=async,space_cache=v2,subvolid=256,subvol=/root)

============================================
[0;32m  PREFLIGHT PASSED[0m
============================================
Loading /root/.emacs.d/configs/paths.el (source)...
Loading /root/.emacs.d/configs/predicates.el (source)...
Loading /root/.emacs.d/configs/keybindings.el (source)...
Loading /root/.emacs.d/configs/delimiters.el (source)...
Loading /root/.emacs.d/configs/git.el (source)...
Loading /root/.emacs.d/configs/fork.el (source)...
Loading /root/.emacs.d/configs/delegate.el (source)...
Loading /root/.emacs.d/configs/cycle.el (source)...
Loading /root/.emacs.d/configs/loop-guard.el (source)...
Loading /root/.emacs.d/configs/memory.el (source)...
Loading /root/.emacs.d/configs/file-guard.el (source)...
Loading /root/.emacs.d/configs/tool-limits.el (source)...
Loading /root/.emacs.d/configs/tasks.el (source)...
Loading /root/.emacs.d/configs/mcp.el (source)...
Loading /root/.emacs.d/init.d/shared/iar-utils.el (source)...
Loading /root/.emacs.d/init.d/shared/iar-agent-utils.el (source)...
Loading /root/.emacs.d/init.d/core/iar-locale.el (source)...
Loading /root/.emacs.d/init.d/core/iar-package-setup.el (source)...
Loading /root/.emacs.d/init.d/core/iar-ui-cleanup.el (source)...
Loading /root/.emacs.d/init.d/core/iar-evil-mode.el (source)...
Loading /root/.emacs.d/init.d/core/iar-gptel-setup.el (source)...
[gptel] Using fork from /root/.emacs.d/gptel-fork (overriding ELPA package)
Loading /root/.emacs.d/configs/gptel.el (source)...
Loading /root/.emacs.d/init.d/core/iar-mcp-setup.el (source)...
Loading /root/.emacs.d/init.d/tool-call/iar-malformed-args.el (source)...
Loading /root/.emacs.d/init.d/tool-call/iar-tool-call.el (source)...
[tool-call] Layer installed
Loading /root/.emacs.d/init.d/tool-call/iar-tool-result-timestamp.el (source)...
Loading /root/.emacs.d/init.d/tool-call/iar-tool-result-budget.el (source)...
Loading /root/.emacs.d/init.d/tool-call/iar-request-log.el (source)...
[request-log] Witness installed
Loading /root/.emacs.d/init.d/tool-call/iar-context-fence.el (source)...
Loading /root/.emacs.d/init.d/tool-call/iar-msgs-fence.el (source)...
Loading /root/.emacs.d/init.d/tool-call/iar-request-watchdog.el (source)...
[watchdog] Request watchdog installed
Loading /root/.emacs.d/init.d/tool-call/iar-text-mode-detector.el (source)...
Loading /root/.emacs.d/init.d/agent/iar-prompt-loader.el (source)...
Loading /root/.emacs.d/init.d/core/iar-mount-awareness.el (source)...
Loading /root/.emacs.d/init.d/core/iar-rate-limit.el (source)...
Loading /root/.emacs.d/init.d/security/iar-output-sanitizer.el (source)...
Loading /root/.emacs.d/init.d/security/iar-file-guard.el (source)...
Loading /root/.emacs.d/init.d/security/iar-audit-log.el (source)...
Loading /root/.emacs.d/init.d/security/iar-loop-guard.el (source)...
Loading /root/.emacs.d/init.d/security/iar-loop-guard-chain.el (source)...
Loading /root/.emacs.d/init.d/security/iar-tool-guard.el (source)...
Loading /root/.emacs.d/init.d/security/iar-utf8-scrub.el (source)...
Loading /root/.emacs.d/init.d/tools/filesystem/list_directory.el (source)...
Loading /root/.emacs.d/init.d/tools/filesystem/read_file.el (source)...
Loading /root/.emacs.d/init.d/tools/filesystem/write_file.el (source)...
Loading /root/.emacs.d/init.d/tools/filesystem/append_file.el (source)...
Loading /root/.emacs.d/init.d/tools/code/execute_code_local.el (source)...
Loading /root/.emacs.d/init.d/tools/code/execute_code_remote.el (source)...
Loading /root/.emacs.d/init.d/tools/code/check_elisp.el (source)...
Loading /root/.emacs.d/init.d/tools/tasks/read_task.el (source)...
Loading /root/.emacs.d/init.d/tools/tasks/create_task.el (source)...
Loading /root/.emacs.d/init.d/tools/tasks/write_subtask.el (source)...
Loading /root/.emacs.d/init.d/tools/tasks/remove_task.el (source)...
Loading /root/.emacs.d/init.d/tools/tasks/read_history.el (source)...
Loading /root/.emacs.d/init.d/tools/tasks/read_roadmap.el (source)...
Loading /root/.emacs.d/init.d/tools/tasks/write_roadmap.el (source)...
Loading /root/.emacs.d/init.d/tools/notify/telegram.el (source)...
Loading /root/.emacs.d/init.d/tools/git/git_commit.el (source)...
Loading /root/.emacs.d/init.d/tools/knowledge/read_knowledge.el (source)...
Loading /root/.emacs.d/init.d/agent/iar-project-parser.el (source)...
Loading /root/.emacs.d/init.d/agent/iar-prompt-assembly.el (source)...
Loading /root/.emacs.d/init.d/agent/iar-agent-loader.el (source)...
Loading /root/.emacs.d/init.d/agent/iar-knowledge-loader.el (source)...
Loading /root/.emacs.d/init.d/agent/iar-buffer-info.el (source)...
Loading /root/.emacs.d/init.d/tools/agent/delegate.el (source)...
Loading /root/.emacs.d/init.d/tools/agent/reload_os.el (source)...
Loading /root/.emacs.d/init.d/tools/agent/reload_agent.el (source)...
Loading /root/.emacs.d/init.d/tools/agent/read_own_prompt.el (source)...
Loading /root/.emacs.d/init.d/agent/iar-guidelines-checker.el (source)...
Loading /root/.emacs.d/init.d/agent/iar-agent-cycle.el (source)...
Loading /root/.emacs.d/init.d/debug/iar-status-mode.el (source)...
[status-mode] Installed
Loading /root/.emacs.d/init.d/session/iar-quit.el (source)...
[aria] Starting cycle with 3600s timeout (archetype: aria-cycle, project: iar, cycle: aria_daily)
[assembly] DIGEST [iar/aria] 13307 chars (warn at 12000) -- injected full on every request; diet it
[aria] Assembled prompt: 49047 chars (~12261 tokens), 21 tools
[aria] Sending cycle prompt to aria agent...
Querying Ollama...
Ollama error: (HTTP/1.1 429 Too Many Requests) you (Randazzo) have reached your weekly usage limit, add usage credits: https://ollama.com/settings (ref: 1d91d72c-5403-429f-bfaa-d1471856a9e7)
[aria] Cycle request FAILED (strike 1/3)
[aria] No active requests for 1800s -- stalled, exit 1
[aria] Cycle complete. Turns: 0, Tool calls: 0, Exit: 1
Tokens: 0 in / 0 out / 0 total
Requests: 1
[0;31m[ERR][2026-09-13 18:32:26][0m Cycle 1 failed in 1815s (exit 1)

[0;34m[INF][2026-09-13 19:02:45][0m --- Cycle 1/1 ---
Already up to date.
============================================
  Preflight Mount Audit — Emacboros
  2026-09-13T22:02:46Z
============================================

--- Phase 1: /proc/mounts scan ---

--- Phase 2: Writability tests ---
[0;32m[PASS][0m /root/.emacs.d/.git/hooks — does not exist
[0;32m[PASS][0m /var/run/docker.sock — does not exist
[0;32m[PASS][0m /etc/cron.d — does not exist
[0;32m[PASS][0m /var/spool/cron — does not exist
[0;32m[PASS][0m /etc/systemd/system — directory is read-only
[0;32m[PASS][0m /etc/systemd — directory is read-only

--- Phase 3: Capability audit ---
[0;32m[PASS][0m CAP_DAC_OVERRIDE (bit 1) is not set — can bypass file read/write/execute permissions
[0;32m[PASS][0m CAP_SYS_ADMIN (bit 21) is not set — broad system administration (mount, namespaces, etc.)
[0;32m[PASS][0m CAP_SETUID (bit 7) is not set — can change process UID
[0;32m[PASS][0m CAP_SETGID (bit 6) is not set — can change process GID
[0;32m[PASS][0m CAP_MKNOD (bit 27) is not set — can create special device files
[0;32m[PASS][0m CAP_NET_RAW (bit 13) is SET (expected) — can create raw network sockets (needed for nmap/traceroute)
[0;32m[PASS][0m CAP_NET_BIND_SERVICE (bit 10) is SET (expected) — can bind to ports < 1024
[0;32m[PASS][0m CAP_FOWNER (bit 3) is not set — can bypass file ownership checks
[0;32m[PASS][0m CAP_SETFCAP (bit 31) is not set — can set file capabilities

--- Phase 4: Host mount audit ---
Writable real-filesystem mounts:
[0;33m[WARN][0m Host mount: /sys/kernel/security (securityfs, rw,nosuid,nodev,noexec,relatime)
[0;33m[WARN][0m Host mount: /sys/fs/cgroup (cgroup2, rw,seclabel,nosuid,nodev,noexec,relatime,nsdelegate,memory_recursiveprot,memory_hugetlb_accounting)
[0;33m[WARN][0m Host mount: /sys/fs/pstore (pstore, rw,seclabel,nosuid,nodev,noexec,relatime)
[0;33m[WARN][0m Host mount: /sys/firmware/efi/efivars (efivarfs, rw,nosuid,nodev,noexec,relatime)
[0;33m[WARN][0m Host mount: /sys/fs/bpf (bpf, rw,nosuid,nodev,noexec,relatime,mode=700)
[0;33m[WARN][0m Host mount: /sys/kernel/config (configfs, rw,nosuid,nodev,noexec,relatime)
[0;33m[WARN][0m Host mount: /sys/fs/selinux (selinuxfs, rw,nosuid,noexec,relatime)
[0;33m[WARN][0m Host mount: /sys/fs/fuse/connections (fusectl, rw,nosuid,nodev,noexec,relatime)
[0;33m[WARN][0m Host mount: /sys/kernel/debug (debugfs, rw,seclabel,nosuid,nodev,noexec,relatime)
[0;33m[WARN][0m Host mount: /sys/kernel/debug/tracing (tracefs, rw,seclabel,nosuid,nodev,noexec,relatime)
[0;33m[WARN][0m Host mount: /sys/kernel/tracing (tracefs, rw,seclabel,nosuid,nodev,noexec,relatime)
[0;33m[WARN][0m Host mount: /root/.emacs.d (btrfs, rw,seclabel,relatime,compress=zstd:1,ssd,discard=async,space_cache=v2,subvolid=256,subvol=/root)
[0;33m[WARN][0m Host mount: /root/personalization (btrfs, rw,seclabel,relatime,compress=zstd:1,ssd,discard=async,space_cache=v2,subvolid=256,subvol=/root)
[0;33m[WARN][0m Host mount: /root/i.ar (btrfs, rw,seclabel,relatime,compress=zstd:1,ssd,discard=async,space_cache=v2,subvolid=256,subvol=/root)
[0;33m[WARN][0m Host mount: /root/.emacs.d/metaconfig (btrfs, rw,seclabel,relatime,compress=zstd:1,ssd,discard=async,space_cache=v2,subvolid=256,subvol=/root)
[0;33m[WARN][0m Host mount: /root/i.ar/prompts (btrfs, rw,seclabel,relatime,compress=zstd:1,ssd,discard=async,space_cache=v2,subvolid=256,subvol=/root)
[0;33m[WARN][0m Host mount: /root/.emacs.d/gptel-fork (btrfs, rw,seclabel,relatime,compress=zstd:1,ssd,discard=async,space_cache=v2,subvolid=256,subvol=/root)

============================================
[0;32m  PREFLIGHT PASSED[0m
============================================
Loading /root/.emacs.d/configs/paths.el (source)...
Loading /root/.emacs.d/configs/predicates.el (source)...
Loading /root/.emacs.d/configs/keybindings.el (source)...
Loading /root/.emacs.d/configs/delimiters.el (source)...
Loading /root/.emacs.d/configs/git.el (source)...
Loading /root/.emacs.d/configs/fork.el (source)...
Loading /root/.emacs.d/configs/delegate.el (source)...
Loading /root/.emacs.d/configs/cycle.el (source)...
Loading /root/.emacs.d/configs/loop-guard.el (source)...
Loading /root/.emacs.d/configs/memory.el (source)...
Loading /root/.emacs.d/configs/file-guard.el (source)...
Loading /root/.emacs.d/configs/tool-limits.el (source)...
Loading /root/.emacs.d/configs/tasks.el (source)...
Loading /root/.emacs.d/configs/mcp.el (source)...
Loading /root/.emacs.d/init.d/shared/iar-utils.el (source)...
Loading /root/.emacs.d/init.d/shared/iar-agent-utils.el (source)...
Loading /root/.emacs.d/init.d/core/iar-locale.el (source)...
Loading /root/.emacs.d/init.d/core/iar-package-setup.el (source)...
Loading /root/.emacs.d/init.d/core/iar-ui-cleanup.el (source)...
Loading /root/.emacs.d/init.d/core/iar-evil-mode.el (source)...
Loading /root/.emacs.d/init.d/core/iar-gptel-setup.el (source)...
[gptel] Using fork from /root/.emacs.d/gptel-fork (overriding ELPA package)
Loading /root/.emacs.d/configs/gptel.el (source)...
Loading /root/.emacs.d/init.d/core/iar-mcp-setup.el (source)...
Loading /root/.emacs.d/init.d/tool-call/iar-malformed-args.el (source)...
Loading /root/.emacs.d/init.d/tool-call/iar-tool-call.el (source)...
[tool-call] Layer installed
Loading /root/.emacs.d/init.d/tool-call/iar-tool-result-timestamp.el (source)...
Loading /root/.emacs.d/init.d/tool-call/iar-tool-result-budget.el (source)...
Loading /root/.emacs.d/init.d/tool-call/iar-request-log.el (source)...
[request-log] Witness installed
Loading /root/.emacs.d/init.d/tool-call/iar-context-fence.el (source)...
Loading /root/.emacs.d/init.d/tool-call/iar-msgs-fence.el (source)...
Loading /root/.emacs.d/init.d/tool-call/iar-request-watchdog.el (source)...
[watchdog] Request watchdog installed
Loading /root/.emacs.d/init.d/tool-call/iar-text-mode-detector.el (source)...
Loading /root/.emacs.d/init.d/agent/iar-prompt-loader.el (source)...
Loading /root/.emacs.d/init.d/core/iar-mount-awareness.el (source)...
Loading /root/.emacs.d/init.d/core/iar-rate-limit.el (source)...
Loading /root/.emacs.d/init.d/security/iar-output-sanitizer.el (source)...
Loading /root/.emacs.d/init.d/security/iar-file-guard.el (source)...
Loading /root/.emacs.d/init.d/security/iar-audit-log.el (source)...
Loading /root/.emacs.d/init.d/security/iar-loop-guard.el (source)...
Loading /root/.emacs.d/init.d/security/iar-loop-guard-chain.el (source)...
Loading /root/.emacs.d/init.d/security/iar-tool-guard.el (source)...
Loading /root/.emacs.d/init.d/security/iar-utf8-scrub.el (source)...
Loading /root/.emacs.d/init.d/tools/filesystem/list_directory.el (source)...
Loading /root/.emacs.d/init.d/tools/filesystem/read_file.el (source)...
Loading /root/.emacs.d/init.d/tools/filesystem/write_file.el (source)...
Loading /root/.emacs.d/init.d/tools/filesystem/append_file.el (source)...
Loading /root/.emacs.d/init.d/tools/code/execute_code_local.el (source)...
Loading /root/.emacs.d/init.d/tools/code/execute_code_remote.el (source)...
Loading /root/.emacs.d/init.d/tools/code/check_elisp.el (source)...
Loading /root/.emacs.d/init.d/tools/tasks/read_task.el (source)...
Loading /root/.emacs.d/init.d/tools/tasks/create_task.el (source)...
Loading /root/.emacs.d/init.d/tools/tasks/write_subtask.el (source)...
Loading /root/.emacs.d/init.d/tools/tasks/remove_task.el (source)...
Loading /root/.emacs.d/init.d/tools/tasks/read_history.el (source)...
Loading /root/.emacs.d/init.d/tools/tasks/read_roadmap.el (source)...
Loading /root/.emacs.d/init.d/tools/tasks/write_roadmap.el (source)...
Loading /root/.emacs.d/init.d/tools/notify/telegram.el (source)...
Loading /root/.emacs.d/init.d/tools/git/git_commit.el (source)...
Loading /root/.emacs.d/init.d/tools/knowledge/read_knowledge.el (source)...
Loading /root/.emacs.d/init.d/agent/iar-project-parser.el (source)...
Loading /root/.emacs.d/init.d/agent/iar-prompt-assembly.el (source)...
Loading /root/.emacs.d/init.d/agent/iar-agent-loader.el (source)...
Loading /root/.emacs.d/init.d/agent/iar-knowledge-loader.el (source)...
Loading /root/.emacs.d/init.d/agent/iar-buffer-info.el (source)...
Loading /root/.emacs.d/init.d/tools/agent/delegate.el (source)...
Loading /root/.emacs.d/init.d/tools/agent/reload_os.el (source)...
Loading /root/.emacs.d/init.d/tools/agent/reload_agent.el (source)...
Loading /root/.emacs.d/init.d/tools/agent/read_own_prompt.el (source)...
Loading /root/.emacs.d/init.d/agent/iar-guidelines-checker.el (source)...
Loading /root/.emacs.d/init.d/agent/iar-agent-cycle.el (source)...
Loading /root/.emacs.d/init.d/debug/iar-status-mode.el (source)...
[status-mode] Installed
Loading /root/.emacs.d/init.d/session/iar-quit.el (source)...
[aria] Starting cycle with 3600s timeout (archetype: aria-cycle, project: iar, cycle: aria_daily)
[assembly] DIGEST [iar/aria] 13307 chars (warn at 12000) -- injected full on every request; diet it
[aria] Assembled prompt: 48949 chars (~12237 tokens), 21 tools
[aria] Sending cycle prompt to aria agent...
Querying Ollama...
Ollama error: (HTTP/1.1 429 Too Many Requests) you (Randazzo) have reached your weekly usage limit, add usage credits: https://ollama.com/settings (ref: 900b6c7e-7d28-46a8-9a9c-af9429a90c7f)
[aria] Cycle request FAILED (strike 1/3)
[aria] No active requests for 1800s -- stalled, exit 1
[aria] Cycle complete. Turns: 0, Tool calls: 0, Exit: 1
Tokens: 0 in / 0 out / 0 total
Requests: 1
[0;31m[ERR][2026-09-13 19:33:00][0m Cycle 1 failed in 1815s (exit 1)

[0;34m[INF][2026-09-13 20:03:20][0m --- Cycle 1/1 ---
Already up to date.
============================================
  Preflight Mount Audit — Emacboros
  2026-09-13T23:03:21Z
============================================

--- Phase 1: /proc/mounts scan ---

--- Phase 2: Writability tests ---
[0;32m[PASS][0m /root/.emacs.d/.git/hooks — does not exist
[0;32m[PASS][0m /var/run/docker.sock — does not exist
[0;32m[PASS][0m /etc/cron.d — does not exist
[0;32m[PASS][0m /var/spool/cron — does not exist
[0;32m[PASS][0m /etc/systemd/system — directory is read-only
[0;32m[PASS][0m /etc/systemd — directory is read-only

--- Phase 3: Capability audit ---
[0;32m[PASS][0m CAP_DAC_OVERRIDE (bit 1) is not set — can bypass file read/write/execute permissions
[0;32m[PASS][0m CAP_SYS_ADMIN (bit 21) is not set — broad system administration (mount, namespaces, etc.)
[0;32m[PASS][0m CAP_SETUID (bit 7) is not set — can change process UID
[0;32m[PASS][0m CAP_SETGID (bit 6) is not set — can change process GID
[0;32m[PASS][0m CAP_MKNOD (bit 27) is not set — can create special device files
[0;32m[PASS][0m CAP_NET_RAW (bit 13) is SET (expected) — can create raw network sockets (needed for nmap/traceroute)
[0;32m[PASS][0m CAP_NET_BIND_SERVICE (bit 10) is SET (expected) — can bind to ports < 1024
[0;32m[PASS][0m CAP_FOWNER (bit 3) is not set — can bypass file ownership checks
[0;32m[PASS][0m CAP_SETFCAP (bit 31) is not set — can set file capabilities

--- Phase 4: Host mount audit ---
Writable real-filesystem mounts:
[0;33m[WARN][0m Host mount: /sys/kernel/security (securityfs, rw,nosuid,nodev,noexec,relatime)
[0;33m[WARN][0m Host mount: /sys/fs/cgroup (cgroup2, rw,seclabel,nosuid,nodev,noexec,relatime,nsdelegate,memory_recursiveprot,memory_hugetlb_accounting)
[0;33m[WARN][0m Host mount: /sys/fs/pstore (pstore, rw,seclabel,nosuid,nodev,noexec,relatime)
[0;33m[WARN][0m Host mount: /sys/firmware/efi/efivars (efivarfs, rw,nosuid,nodev,noexec,relatime)
[0;33m[WARN][0m Host mount: /sys/fs/bpf (bpf, rw,nosuid,nodev,noexec,relatime,mode=700)
[0;33m[WARN][0m Host mount: /sys/kernel/config (configfs, rw,nosuid,nodev,noexec,relatime)
[0;33m[WARN][0m Host mount: /sys/fs/selinux (selinuxfs, rw,nosuid,noexec,relatime)
[0;33m[WARN][0m Host mount: /sys/fs/fuse/connections (fusectl, rw,nosuid,nodev,noexec,relatime)
[0;33m[WARN][0m Host mount: /sys/kernel/debug (debugfs, rw,seclabel,nosuid,nodev,noexec,relatime)
[0;33m[WARN][0m Host mount: /sys/kernel/debug/tracing (tracefs, rw,seclabel,nosuid,nodev,noexec,relatime)
[0;33m[WARN][0m Host mount: /sys/kernel/tracing (tracefs, rw,seclabel,nosuid,nodev,noexec,relatime)
[0;33m[WARN][0m Host mount: /root/.emacs.d (btrfs, rw,seclabel,relatime,compress=zstd:1,ssd,discard=async,space_cache=v2,subvolid=256,subvol=/root)
[0;33m[WARN][0m Host mount: /root/i.ar (btrfs, rw,seclabel,relatime,compress=zstd:1,ssd,discard=async,space_cache=v2,subvolid=256,subvol=/root)
[0;33m[WARN][0m Host mount: /root/personalization (btrfs, rw,seclabel,relatime,compress=zstd:1,ssd,discard=async,space_cache=v2,subvolid=256,subvol=/root)
[0;33m[WARN][0m Host mount: /root/.emacs.d/metaconfig (btrfs, rw,seclabel,relatime,compress=zstd:1,ssd,discard=async,space_cache=v2,subvolid=256,subvol=/root)
[0;33m[WARN][0m Host mount: /root/.emacs.d/gptel-fork (btrfs, rw,seclabel,relatime,compress=zstd:1,ssd,discard=async,space_cache=v2,subvolid=256,subvol=/root)
[0;33m[WARN][0m Host mount: /root/i.ar/prompts (btrfs, rw,seclabel,relatime,compress=zstd:1,ssd,discard=async,space_cache=v2,subvolid=256,subvol=/root)

============================================
[0;32m  PREFLIGHT PASSED[0m
============================================
Loading /root/.emacs.d/configs/paths.el (source)...
Loading /root/.emacs.d/configs/predicates.el (source)...
Loading /root/.emacs.d/configs/keybindings.el (source)...
Loading /root/.emacs.d/configs/delimiters.el (source)...
Loading /root/.emacs.d/configs/git.el (source)...
Loading /root/.emacs.d/configs/fork.el (source)...
Loading /root/.emacs.d/configs/delegate.el (source)...
Loading /root/.emacs.d/configs/cycle.el (source)...
Loading /root/.emacs.d/configs/loop-guard.el (source)...
Loading /root/.emacs.d/configs/memory.el (source)...
Loading /root/.emacs.d/configs/file-guard.el (source)...
Loading /root/.emacs.d/configs/tool-limits.el (source)...
Loading /root/.emacs.d/configs/tasks.el (source)...
Loading /root/.emacs.d/configs/mcp.el (source)...
Loading /root/.emacs.d/init.d/shared/iar-utils.el (source)...
Loading /root/.emacs.d/init.d/shared/iar-agent-utils.el (source)...
Loading /root/.emacs.d/init.d/core/iar-locale.el (source)...
Loading /root/.emacs.d/init.d/core/iar-package-setup.el (source)...
Loading /root/.emacs.d/init.d/core/iar-ui-cleanup.el (source)...
Loading /root/.emacs.d/init.d/core/iar-evil-mode.el (source)...
Loading /root/.emacs.d/init.d/core/iar-gptel-setup.el (source)...
[gptel] Using fork from /root/.emacs.d/gptel-fork (overriding ELPA package)
Loading /root/.emacs.d/configs/gptel.el (source)...
Loading /root/.emacs.d/init.d/core/iar-mcp-setup.el (source)...
Loading /root/.emacs.d/init.d/tool-call/iar-malformed-args.el (source)...
Loading /root/.emacs.d/init.d/tool-call/iar-tool-call.el (source)...
[tool-call] Layer installed
Loading /root/.emacs.d/init.d/tool-call/iar-tool-result-timestamp.el (source)...
Loading /root/.emacs.d/init.d/tool-call/iar-tool-result-budget.el (source)...
Loading /root/.emacs.d/init.d/tool-call/iar-request-log.el (source)...
[request-log] Witness installed
Loading /root/.emacs.d/init.d/tool-call/iar-context-fence.el (source)...
Loading /root/.emacs.d/init.d/tool-call/iar-msgs-fence.el (source)...
Loading /root/.emacs.d/init.d/tool-call/iar-request-watchdog.el (source)...
[watchdog] Request watchdog installed
Loading /root/.emacs.d/init.d/tool-call/iar-text-mode-detector.el (source)...
Loading /root/.emacs.d/init.d/agent/iar-prompt-loader.el (source)...
Loading /root/.emacs.d/init.d/core/iar-mount-awareness.el (source)...
Loading /root/.emacs.d/init.d/core/iar-rate-limit.el (source)...
Loading /root/.emacs.d/init.d/security/iar-output-sanitizer.el (source)...
Loading /root/.emacs.d/init.d/security/iar-file-guard.el (source)...
Loading /root/.emacs.d/init.d/security/iar-audit-log.el (source)...
Loading /root/.emacs.d/init.d/security/iar-loop-guard.el (source)...
Loading /root/.emacs.d/init.d/security/iar-loop-guard-chain.el (source)...
Loading /root/.emacs.d/init.d/security/iar-tool-guard.el (source)...
Loading /root/.emacs.d/init.d/security/iar-utf8-scrub.el (source)...
Loading /root/.emacs.d/init.d/tools/filesystem/list_directory.el (source)...
Loading /root/.emacs.d/init.d/tools/filesystem/read_file.el (source)...
Loading /root/.emacs.d/init.d/tools/filesystem/write_file.el (source)...
Loading /root/.emacs.d/init.d/tools/filesystem/append_file.el (source)...
Loading /root/.emacs.d/init.d/tools/code/execute_code_local.el (source)...
Loading /root/.emacs.d/init.d/tools/code/execute_code_remote.el (source)...
Loading /root/.emacs.d/init.d/tools/code/check_elisp.el (source)...
Loading /root/.emacs.d/init.d/tools/tasks/read_task.el (source)...
Loading /root/.emacs.d/init.d/tools/tasks/create_task.el (source)...
Loading /root/.emacs.d/init.d/tools/tasks/write_subtask.el (source)...
Loading /root/.emacs.d/init.d/tools/tasks/remove_task.el (source)...
Loading /root/.emacs.d/init.d/tools/tasks/read_history.el (source)...
Loading /root/.emacs.d/init.d/tools/tasks/read_roadmap.el (source)...
Loading /root/.emacs.d/init.d/tools/tasks/write_roadmap.el (source)...
Loading /root/.emacs.d/init.d/tools/notify/telegram.el (source)...
Loading /root/.emacs.d/init.d/tools/git/git_commit.el (source)...
Loading /root/.emacs.d/init.d/tools/knowledge/read_knowledge.el (source)...
Loading /root/.emacs.d/init.d/agent/iar-project-parser.el (source)...
Loading /root/.emacs.d/init.d/agent/iar-prompt-assembly.el (source)...
Loading /root/.emacs.d/init.d/agent/iar-agent-loader.el (source)...
Loading /root/.emacs.d/init.d/agent/iar-knowledge-loader.el (source)...
Loading /root/.emacs.d/init.d/agent/iar-buffer-info.el (source)...
Loading /root/.emacs.d/init.d/tools/agent/delegate.el (source)...
Loading /root/.emacs.d/init.d/tools/agent/reload_os.el (source)...
Loading /root/.emacs.d/init.d/tools/agent/reload_agent.el (source)...
Loading /root/.emacs.d/init.d/tools/agent/read_own_prompt.el (source)...
Loading /root/.emacs.d/init.d/agent/iar-guidelines-checker.el (source)...
Loading /root/.emacs.d/init.d/agent/iar-agent-cycle.el (source)...
Loading /root/.emacs.d/init.d/debug/iar-status-mode.el (source)...
[status-mode] Installed
Loading /root/.emacs.d/init.d/session/iar-quit.el (source)...
[aria] Starting cycle with 3600s timeout (archetype: aria-cycle, project: iar, cycle: aria_daily)
[assembly] DIGEST [iar/aria] 13307 chars (warn at 12000) -- injected full on every request; diet it
[aria] Assembled prompt: 49047 chars (~12261 tokens), 21 tools
[aria] Sending cycle prompt to aria agent...
Querying Ollama...
Ollama error: (HTTP/1.1 429 Too Many Requests) you (Randazzo) have reached your weekly usage limit, add usage credits: https://ollama.com/settings (ref: 898655fc-a73c-445d-9c6b-5846bcb0fc30)
[aria] Cycle request FAILED (strike 1/3)
[aria] No active requests for 1800s -- stalled, exit 1
[aria] Cycle complete. Turns: 0, Tool calls: 0, Exit: 1
Tokens: 0 in / 0 out / 0 total
Requests: 1
[0;31m[ERR][2026-09-13 20:33:36][0m Cycle 1 failed in 1816s (exit 1)

[0;34m[INF][2026-09-13 21:03:55][0m --- Cycle 1/1 ---
Already up to date.
============================================
  Preflight Mount Audit — Emacboros
  2026-09-14T00:03:56Z
============================================

--- Phase 1: /proc/mounts scan ---

--- Phase 2: Writability tests ---
[0;32m[PASS][0m /root/.emacs.d/.git/hooks — does not exist
[0;32m[PASS][0m /var/run/docker.sock — does not exist
[0;32m[PASS][0m /etc/cron.d — does not exist
[0;32m[PASS][0m /var/spool/cron — does not exist
[0;32m[PASS][0m /etc/systemd/system — directory is read-only
[0;32m[PASS][0m /etc/systemd — directory is read-only

--- Phase 3: Capability audit ---
[0;32m[PASS][0m CAP_DAC_OVERRIDE (bit 1) is not set — can bypass file read/write/execute permissions
[0;32m[PASS][0m CAP_SYS_ADMIN (bit 21) is not set — broad system administration (mount, namespaces, etc.)
[0;32m[PASS][0m CAP_SETUID (bit 7) is not set — can change process UID
[0;32m[PASS][0m CAP_SETGID (bit 6) is not set — can change process GID
[0;32m[PASS][0m CAP_MKNOD (bit 27) is not set — can create special device files
[0;32m[PASS][0m CAP_NET_RAW (bit 13) is SET (expected) — can create raw network sockets (needed for nmap/traceroute)
[0;32m[PASS][0m CAP_NET_BIND_SERVICE (bit 10) is SET (expected) — can bind to ports < 1024
[0;32m[PASS][0m CAP_FOWNER (bit 3) is not set — can bypass file ownership checks
[0;32m[PASS][0m CAP_SETFCAP (bit 31) is not set — can set file capabilities

--- Phase 4: Host mount audit ---
Writable real-filesystem mounts:
[0;33m[WARN][0m Host mount: /sys/kernel/security (securityfs, rw,nosuid,nodev,noexec,relatime)
[0;33m[WARN][0m Host mount: /sys/fs/cgroup (cgroup2, rw,seclabel,nosuid,nodev,noexec,relatime,nsdelegate,memory_recursiveprot,memory_hugetlb_accounting)
[0;33m[WARN][0m Host mount: /sys/fs/pstore (pstore, rw,seclabel,nosuid,nodev,noexec,relatime)
[0;33m[WARN][0m Host mount: /sys/firmware/efi/efivars (efivarfs, rw,nosuid,nodev,noexec,relatime)
[0;33m[WARN][0m Host mount: /sys/fs/bpf (bpf, rw,nosuid,nodev,noexec,relatime,mode=700)
[0;33m[WARN][0m Host mount: /sys/kernel/config (configfs, rw,nosuid,nodev,noexec,relatime)
[0;33m[WARN][0m Host mount: /sys/fs/selinux (selinuxfs, rw,nosuid,noexec,relatime)
[0;33m[WARN][0m Host mount: /sys/fs/fuse/connections (fusectl, rw,nosuid,nodev,noexec,relatime)
[0;33m[WARN][0m Host mount: /sys/kernel/debug (debugfs, rw,seclabel,nosuid,nodev,noexec,relatime)
[0;33m[WARN][0m Host mount: /sys/kernel/debug/tracing (tracefs, rw,seclabel,nosuid,nodev,noexec,relatime)
[0;33m[WARN][0m Host mount: /sys/kernel/tracing (tracefs, rw,seclabel,nosuid,nodev,noexec,relatime)
[0;33m[WARN][0m Host mount: /root/i.ar (btrfs, rw,seclabel,relatime,compress=zstd:1,ssd,discard=async,space_cache=v2,subvolid=256,subvol=/root)
[0;33m[WARN][0m Host mount: /root/personalization (btrfs, rw,seclabel,relatime,compress=zstd:1,ssd,discard=async,space_cache=v2,subvolid=256,subvol=/root)
[0;33m[WARN][0m Host mount: /root/.emacs.d (btrfs, rw,seclabel,relatime,compress=zstd:1,ssd,discard=async,space_cache=v2,subvolid=256,subvol=/root)
[0;33m[WARN][0m Host mount: /root/.emacs.d/gptel-fork (btrfs, rw,seclabel,relatime,compress=zstd:1,ssd,discard=async,space_cache=v2,subvolid=256,subvol=/root)
[0;33m[WARN][0m Host mount: /root/.emacs.d/metaconfig (btrfs, rw,seclabel,relatime,compress=zstd:1,ssd,discard=async,space_cache=v2,subvolid=256,subvol=/root)
[0;33m[WARN][0m Host mount: /root/i.ar/prompts (btrfs, rw,seclabel,relatime,compress=zstd:1,ssd,discard=async,space_cache=v2,subvolid=256,subvol=/root)

============================================
[0;32m  PREFLIGHT PASSED[0m
============================================
Loading /root/.emacs.d/configs/paths.el (source)...
Loading /root/.emacs.d/configs/predicates.el (source)...
Loading /root/.emacs.d/configs/keybindings.el (source)...
Loading /root/.emacs.d/configs/delimiters.el (source)...
Loading /root/.emacs.d/configs/git.el (source)...
Loading /root/.emacs.d/configs/fork.el (source)...
Loading /root/.emacs.d/configs/delegate.el (source)...
Loading /root/.emacs.d/configs/cycle.el (source)...
Loading /root/.emacs.d/configs/loop-guard.el (source)...
Loading /root/.emacs.d/configs/memory.el (source)...
Loading /root/.emacs.d/configs/file-guard.el (source)...
Loading /root/.emacs.d/configs/tool-limits.el (source)...
Loading /root/.emacs.d/configs/tasks.el (source)...
Loading /root/.emacs.d/configs/mcp.el (source)...
Loading /root/.emacs.d/init.d/shared/iar-utils.el (source)...
Loading /root/.emacs.d/init.d/shared/iar-agent-utils.el (source)...
Loading /root/.emacs.d/init.d/core/iar-locale.el (source)...
Loading /root/.emacs.d/init.d/core/iar-package-setup.el (source)...
Loading /root/.emacs.d/init.d/core/iar-ui-cleanup.el (source)...
Loading /root/.emacs.d/init.d/core/iar-evil-mode.el (source)...
Loading /root/.emacs.d/init.d/core/iar-gptel-setup.el (source)...
[gptel] Using fork from /root/.emacs.d/gptel-fork (overriding ELPA package)
Loading /root/.emacs.d/configs/gptel.el (source)...
Loading /root/.emacs.d/init.d/core/iar-mcp-setup.el (source)...
Loading /root/.emacs.d/init.d/tool-call/iar-malformed-args.el (source)...
Loading /root/.emacs.d/init.d/tool-call/iar-tool-call.el (source)...
[tool-call] Layer installed
Loading /root/.emacs.d/init.d/tool-call/iar-tool-result-timestamp.el (source)...
Loading /root/.emacs.d/init.d/tool-call/iar-tool-result-budget.el (source)...
Loading /root/.emacs.d/init.d/tool-call/iar-request-log.el (source)...
[request-log] Witness installed
Loading /root/.emacs.d/init.d/tool-call/iar-context-fence.el (source)...
Loading /root/.emacs.d/init.d/tool-call/iar-msgs-fence.el (source)...
Loading /root/.emacs.d/init.d/tool-call/iar-request-watchdog.el (source)...
[watchdog] Request watchdog installed
Loading /root/.emacs.d/init.d/tool-call/iar-text-mode-detector.el (source)...
Loading /root/.emacs.d/init.d/agent/iar-prompt-loader.el (source)...
Loading /root/.emacs.d/init.d/core/iar-mount-awareness.el (source)...
Loading /root/.emacs.d/init.d/core/iar-rate-limit.el (source)...
Loading /root/.emacs.d/init.d/security/iar-output-sanitizer.el (source)...
Loading /root/.emacs.d/init.d/security/iar-file-guard.el (source)...
Loading /root/.emacs.d/init.d/security/iar-audit-log.el (source)...
Loading /root/.emacs.d/init.d/security/iar-loop-guard.el (source)...
Loading /root/.emacs.d/init.d/security/iar-loop-guard-chain.el (source)...
Loading /root/.emacs.d/init.d/security/iar-tool-guard.el (source)...
Loading /root/.emacs.d/init.d/security/iar-utf8-scrub.el (source)...
Loading /root/.emacs.d/init.d/tools/filesystem/list_directory.el (source)...
Loading /root/.emacs.d/init.d/tools/filesystem/read_file.el (source)...
Loading /root/.emacs.d/init.d/tools/filesystem/write_file.el (source)...
Loading /root/.emacs.d/init.d/tools/filesystem/append_file.el (source)...
Loading /root/.emacs.d/init.d/tools/code/execute_code_local.el (source)...
Loading /root/.emacs.d/init.d/tools/code/execute_code_remote.el (source)...
Loading /root/.emacs.d/init.d/tools/code/check_elisp.el (source)...
Loading /root/.emacs.d/init.d/tools/tasks/read_task.el (source)...
Loading /root/.emacs.d/init.d/tools/tasks/create_task.el (source)...
Loading /root/.emacs.d/init.d/tools/tasks/write_subtask.el (source)...
Loading /root/.emacs.d/init.d/tools/tasks/remove_task.el (source)...
Loading /root/.emacs.d/init.d/tools/tasks/read_history.el (source)...
Loading /root/.emacs.d/init.d/tools/tasks/read_roadmap.el (source)...
Loading /root/.emacs.d/init.d/tools/tasks/write_roadmap.el (source)...
Loading /root/.emacs.d/init.d/tools/notify/telegram.el (source)...
Loading /root/.emacs.d/init.d/tools/git/git_commit.el (source)...
Loading /root/.emacs.d/init.d/tools/knowledge/read_knowledge.el (source)...
Loading /root/.emacs.d/init.d/agent/iar-project-parser.el (source)...
Loading /root/.emacs.d/init.d/agent/iar-prompt-assembly.el (source)...
Loading /root/.emacs.d/init.d/agent/iar-agent-loader.el (source)...
Loading /root/.emacs.d/init.d/agent/iar-knowledge-loader.el (source)...
Loading /root/.emacs.d/init.d/agent/iar-buffer-info.el (source)...
Loading /root/.emacs.d/init.d/tools/agent/delegate.el (source)...
Loading /root/.emacs.d/init.d/tools/agent/reload_os.el (source)...
Loading /root/.emacs.d/init.d/tools/agent/reload_agent.el (source)...
Loading /root/.emacs.d/init.d/tools/agent/read_own_prompt.el (source)...
Loading /root/.emacs.d/init.d/agent/iar-guidelines-checker.el (source)...
Loading /root/.emacs.d/init.d/agent/iar-agent-cycle.el (source)...
Loading /root/.emacs.d/init.d/debug/iar-status-mode.el (source)...
[status-mode] Installed
Loading /root/.emacs.d/init.d/session/iar-quit.el (source)...
[aria] Starting cycle with 3600s timeout (archetype: aria-cycle, project: iar, cycle: aria_daily)
[assembly] DIGEST [iar/aria] 13307 chars (warn at 12000) -- injected full on every request; diet it
[aria] Assembled prompt: 49014 chars (~12253 tokens), 21 tools
[aria] Sending cycle prompt to aria agent...
Querying Ollama...
[aria] Same-tool warning: 100 calls to execute_code_local this cycle -- one call blocked with notice
[aria] Cycle complete. Turns: 1, Tool calls: 126, Exit: 0
Tokens: 9292166 in / 84488 out / 9376654 total
Requests: 127
[0;32m[INF][2026-09-13 21:23:27][0m Cycle 1 succeeded in 1172s (exit 0)

[0;34m[INF][2026-09-13 21:27:55][0m --- Cycle 1/1 ---
Already up to date.
============================================
  Preflight Mount Audit — Emacboros
  2026-09-14T00:27:55Z
============================================

--- Phase 1: /proc/mounts scan ---

--- Phase 2: Writability tests ---
[0;32m[PASS][0m /root/.emacs.d/.git/hooks — does not exist
[0;32m[PASS][0m /var/run/docker.sock — does not exist
[0;32m[PASS][0m /etc/cron.d — does not exist
[0;32m[PASS][0m /var/spool/cron — does not exist
[0;32m[PASS][0m /etc/systemd/system — directory is read-only
[0;32m[PASS][0m /etc/systemd — directory is read-only

--- Phase 3: Capability audit ---
[0;32m[PASS][0m CAP_DAC_OVERRIDE (bit 1) is not set — can bypass file read/write/execute permissions
[0;32m[PASS][0m CAP_SYS_ADMIN (bit 21) is not set — broad system administration (mount, namespaces, etc.)
[0;32m[PASS][0m CAP_SETUID (bit 7) is not set — can change process UID
[0;32m[PASS][0m CAP_SETGID (bit 6) is not set — can change process GID
[0;32m[PASS][0m CAP_MKNOD (bit 27) is not set — can create special device files
[0;32m[PASS][0m CAP_NET_RAW (bit 13) is SET (expected) — can create raw network sockets (needed for nmap/traceroute)
[0;32m[PASS][0m CAP_NET_BIND_SERVICE (bit 10) is SET (expected) — can bind to ports < 1024
[0;32m[PASS][0m CAP_FOWNER (bit 3) is not set — can bypass file ownership checks
[0;32m[PASS][0m CAP_SETFCAP (bit 31) is not set — can set file capabilities

--- Phase 4: Host mount audit ---
Writable real-filesystem mounts:
[0;33m[WARN][0m Host mount: /sys/kernel/security (securityfs, rw,nosuid,nodev,noexec,relatime)
[0;33m[WARN][0m Host mount: /sys/fs/cgroup (cgroup2, rw,seclabel,nosuid,nodev,noexec,relatime,nsdelegate,memory_recursiveprot,memory_hugetlb_accounting)
[0;33m[WARN][0m Host mount: /sys/fs/pstore (pstore, rw,seclabel,nosuid,nodev,noexec,relatime)
[0;33m[WARN][0m Host mount: /sys/firmware/efi/efivars (efivarfs, rw,nosuid,nodev,noexec,relatime)
[0;33m[WARN][0m Host mount: /sys/fs/bpf (bpf, rw,nosuid,nodev,noexec,relatime,mode=700)
[0;33m[WARN][0m Host mount: /sys/kernel/config (configfs, rw,nosuid,nodev,noexec,relatime)
[0;33m[WARN][0m Host mount: /sys/fs/selinux (selinuxfs, rw,nosuid,noexec,relatime)
[0;33m[WARN][0m Host mount: /sys/fs/fuse/connections (fusectl, rw,nosuid,nodev,noexec,relatime)
[0;33m[WARN][0m Host mount: /sys/kernel/debug (debugfs, rw,seclabel,nosuid,nodev,noexec,relatime)
[0;33m[WARN][0m Host mount: /sys/kernel/debug/tracing (tracefs, rw,seclabel,nosuid,nodev,noexec,relatime)
[0;33m[WARN][0m Host mount: /sys/kernel/tracing (tracefs, rw,seclabel,nosuid,nodev,noexec,relatime)
[0;33m[WARN][0m Host mount: /root/.emacs.d (btrfs, rw,seclabel,relatime,compress=zstd:1,ssd,discard=async,space_cache=v2,subvolid=256,subvol=/root)
[0;33m[WARN][0m Host mount: /root/i.ar (btrfs, rw,seclabel,relatime,compress=zstd:1,ssd,discard=async,space_cache=v2,subvolid=256,subvol=/root)
[0;33m[WARN][0m Host mount: /root/personalization (btrfs, rw,seclabel,relatime,compress=zstd:1,ssd,discard=async,space_cache=v2,subvolid=256,subvol=/root)
[0;33m[WARN][0m Host mount: /root/.emacs.d/gptel-fork (btrfs, rw,seclabel,relatime,compress=zstd:1,ssd,discard=async,space_cache=v2,subvolid=256,subvol=/root)
[0;33m[WARN][0m Host mount: /root/i.ar/prompts (btrfs, rw,seclabel,relatime,compress=zstd:1,ssd,discard=async,space_cache=v2,subvolid=256,subvol=/root)
[0;33m[WARN][0m Host mount: /root/.emacs.d/metaconfig (btrfs, rw,seclabel,relatime,compress=zstd:1,ssd,discard=async,space_cache=v2,subvolid=256,subvol=/root)

============================================
[0;32m  PREFLIGHT PASSED[0m
============================================
Loading /root/.emacs.d/configs/paths.el (source)...
Loading /root/.emacs.d/configs/predicates.el (source)...
Loading /root/.emacs.d/configs/keybindings.el (source)...
Loading /root/.emacs.d/configs/delimiters.el (source)...
Loading /root/.emacs.d/configs/git.el (source)...
Loading /root/.emacs.d/configs/fork.el (source)...
Loading /root/.emacs.d/configs/delegate.el (source)...
Loading /root/.emacs.d/configs/cycle.el (source)...
Loading /root/.emacs.d/configs/loop-guard.el (source)...
Loading /root/.emacs.d/configs/memory.el (source)...
Loading /root/.emacs.d/configs/file-guard.el (source)...
Loading /root/.emacs.d/configs/tool-limits.el (source)...
Loading /root/.emacs.d/configs/tasks.el (source)...
Loading /root/.emacs.d/configs/mcp.el (source)...
Loading /root/.emacs.d/init.d/shared/iar-utils.el (source)...
Loading /root/.emacs.d/init.d/shared/iar-agent-utils.el (source)...
Loading /root/.emacs.d/init.d/core/iar-locale.el (source)...
Loading /root/.emacs.d/init.d/core/iar-package-setup.el (source)...
Loading /root/.emacs.d/init.d/core/iar-ui-cleanup.el (source)...
Loading /root/.emacs.d/init.d/core/iar-evil-mode.el (source)...
Loading /root/.emacs.d/init.d/core/iar-gptel-setup.el (source)...
[gptel] Using fork from /root/.emacs.d/gptel-fork (overriding ELPA package)
Loading /root/.emacs.d/configs/gptel.el (source)...
Loading /root/.emacs.d/init.d/core/iar-mcp-setup.el (source)...
Loading /root/.emacs.d/init.d/tool-call/iar-malformed-args.el (source)...
Loading /root/.emacs.d/init.d/tool-call/iar-tool-call.el (source)...
[tool-call] Layer installed
Loading /root/.emacs.d/init.d/tool-call/iar-tool-result-timestamp.el (source)...
Loading /root/.emacs.d/init.d/tool-call/iar-tool-result-budget.el (source)...
Loading /root/.emacs.d/init.d/tool-call/iar-request-log.el (source)...
[request-log] Witness installed
Loading /root/.emacs.d/init.d/tool-call/iar-context-fence.el (source)...
Loading /root/.emacs.d/init.d/tool-call/iar-msgs-fence.el (source)...
Loading /root/.emacs.d/init.d/tool-call/iar-request-watchdog.el (source)...
[watchdog] Request watchdog installed
Loading /root/.emacs.d/init.d/tool-call/iar-text-mode-detector.el (source)...
Loading /root/.emacs.d/init.d/agent/iar-prompt-loader.el (source)...
Loading /root/.emacs.d/init.d/core/iar-mount-awareness.el (source)...
Loading /root/.emacs.d/init.d/core/iar-rate-limit.el (source)...
Loading /root/.emacs.d/init.d/security/iar-output-sanitizer.el (source)...
Loading /root/.emacs.d/init.d/security/iar-file-guard.el (source)...
Loading /root/.emacs.d/init.d/security/iar-audit-log.el (source)...
Loading /root/.emacs.d/init.d/security/iar-loop-guard.el (source)...
Loading /root/.emacs.d/init.d/security/iar-loop-guard-chain.el (source)...
Loading /root/.emacs.d/init.d/security/iar-tool-guard.el (source)...
Loading /root/.emacs.d/init.d/security/iar-utf8-scrub.el (source)...
Loading /root/.emacs.d/init.d/tools/filesystem/list_directory.el (source)...
Loading /root/.emacs.d/init.d/tools/filesystem/read_file.el (source)...
Loading /root/.emacs.d/init.d/tools/filesystem/write_file.el (source)...
Loading /root/.emacs.d/init.d/tools/filesystem/append_file.el (source)...
Loading /root/.emacs.d/init.d/tools/code/execute_code_local.el (source)...
Loading /root/.emacs.d/init.d/tools/code/execute_code_remote.el (source)...
Loading /root/.emacs.d/init.d/tools/code/check_elisp.el (source)...
Loading /root/.emacs.d/init.d/tools/tasks/read_task.el (source)...
Loading /root/.emacs.d/init.d/tools/tasks/create_task.el (source)...
Loading /root/.emacs.d/init.d/tools/tasks/write_subtask.el (source)...
Loading /root/.emacs.d/init.d/tools/tasks/remove_task.el (source)...
Loading /root/.emacs.d/init.d/tools/tasks/read_history.el (source)...
Loading /root/.emacs.d/init.d/tools/tasks/read_roadmap.el (source)...
Loading /root/.emacs.d/init.d/tools/tasks/write_roadmap.el (source)...
Loading /root/.emacs.d/init.d/tools/notify/telegram.el (source)...
Loading /root/.emacs.d/init.d/tools/git/git_commit.el (source)...
Loading /root/.emacs.d/init.d/tools/knowledge/read_knowledge.el (source)...
Loading /root/.emacs.d/init.d/agent/iar-project-parser.el (source)...
Loading /root/.emacs.d/init.d/agent/iar-prompt-assembly.el (source)...
Loading /root/.emacs.d/init.d/agent/iar-agent-loader.el (source)...
Loading /root/.emacs.d/init.d/agent/iar-knowledge-loader.el (source)...
Loading /root/.emacs.d/init.d/agent/iar-buffer-info.el (source)...
Loading /root/.emacs.d/init.d/tools/agent/delegate.el (source)...
Loading /root/.emacs.d/init.d/tools/agent/reload_os.el (source)...
Loading /root/.emacs.d/init.d/tools/agent/reload_agent.el (source)...
Loading /root/.emacs.d/init.d/tools/agent/read_own_prompt.el (source)...
Loading /root/.emacs.d/init.d/agent/iar-guidelines-checker.el (source)...
Loading /root/.emacs.d/init.d/agent/iar-agent-cycle.el (source)...
Loading /root/.emacs.d/init.d/debug/iar-status-mode.el (source)...
[status-mode] Installed
Loading /root/.emacs.d/init.d/session/iar-quit.el (source)...
[aria] Starting cycle with 3600s timeout (archetype: aria-cycle, project: iar, cycle: aria_daily)
[assembly] DIGEST [iar/aria] 13307 chars (warn at 12000) -- injected full on every request; diet it
[aria] Assembled prompt: 49145 chars (~12286 tokens), 21 tools
[aria] Sending cycle prompt to aria agent...
Querying Ollama...
[aria] Same-tool warning: 100 calls to execute_code_local this cycle -- one call blocked with notice

In iar--usage--record-paths:
iar-tool-call.el:504:11: Warning: Unused lexical variable ‘rel-dir’
[aria] Tool-call budget warning (150/300) -- one call blocked with notice
[aria] Cycle complete. Turns: 1, Tool calls: 193, Exit: 0
Tokens: 14879967 in / 63563 out / 14943530 total
Requests: 194
[0;32m[INF][2026-09-13 21:48:25][0m Cycle 1 succeeded in 1230s (exit 0)

[0;34m[INF][2026-09-13 21:56:54][0m --- Cycle 1/1 ---
Already up to date.
============================================
  Preflight Mount Audit — Emacboros
  2026-09-14T00:56:55Z
============================================

--- Phase 1: /proc/mounts scan ---

--- Phase 2: Writability tests ---
[0;32m[PASS][0m /root/.emacs.d/.git/hooks — does not exist
[0;32m[PASS][0m /var/run/docker.sock — does not exist
[0;32m[PASS][0m /etc/cron.d — does not exist
[0;32m[PASS][0m /var/spool/cron — does not exist
[0;32m[PASS][0m /etc/systemd/system — directory is read-only
[0;32m[PASS][0m /etc/systemd — directory is read-only

--- Phase 3: Capability audit ---
[0;32m[PASS][0m CAP_DAC_OVERRIDE (bit 1) is not set — can bypass file read/write/execute permissions
[0;32m[PASS][0m CAP_SYS_ADMIN (bit 21) is not set — broad system administration (mount, namespaces, etc.)
[0;32m[PASS][0m CAP_SETUID (bit 7) is not set — can change process UID
[0;32m[PASS][0m CAP_SETGID (bit 6) is not set — can change process GID
[0;32m[PASS][0m CAP_MKNOD (bit 27) is not set — can create special device files
[0;32m[PASS][0m CAP_NET_RAW (bit 13) is SET (expected) — can create raw network sockets (needed for nmap/traceroute)
[0;32m[PASS][0m CAP_NET_BIND_SERVICE (bit 10) is SET (expected) — can bind to ports < 1024
[0;32m[PASS][0m CAP_FOWNER (bit 3) is not set — can bypass file ownership checks
[0;32m[PASS][0m CAP_SETFCAP (bit 31) is not set — can set file capabilities

--- Phase 4: Host mount audit ---
Writable real-filesystem mounts:
[0;33m[WARN][0m Host mount: /sys/kernel/security (securityfs, rw,nosuid,nodev,noexec,relatime)
[0;33m[WARN][0m Host mount: /sys/fs/cgroup (cgroup2, rw,seclabel,nosuid,nodev,noexec,relatime,nsdelegate,memory_recursiveprot,memory_hugetlb_accounting)
[0;33m[WARN][0m Host mount: /sys/fs/pstore (pstore, rw,seclabel,nosuid,nodev,noexec,relatime)
[0;33m[WARN][0m Host mount: /sys/firmware/efi/efivars (efivarfs, rw,nosuid,nodev,noexec,relatime)
[0;33m[WARN][0m Host mount: /sys/fs/bpf (bpf, rw,nosuid,nodev,noexec,relatime,mode=700)
[0;33m[WARN][0m Host mount: /sys/kernel/config (configfs, rw,nosuid,nodev,noexec,relatime)
[0;33m[WARN][0m Host mount: /sys/fs/selinux (selinuxfs, rw,nosuid,noexec,relatime)
[0;33m[WARN][0m Host mount: /sys/fs/fuse/connections (fusectl, rw,nosuid,nodev,noexec,relatime)
[0;33m[WARN][0m Host mount: /sys/kernel/debug (debugfs, rw,seclabel,nosuid,nodev,noexec,relatime)
[0;33m[WARN][0m Host mount: /sys/kernel/debug/tracing (tracefs, rw,seclabel,nosuid,nodev,noexec,relatime)
[0;33m[WARN][0m Host mount: /sys/kernel/tracing (tracefs, rw,seclabel,nosuid,nodev,noexec,relatime)
[0;33m[WARN][0m Host mount: /root/personalization (btrfs, rw,seclabel,relatime,compress=zstd:1,ssd,discard=async,space_cache=v2,subvolid=256,subvol=/root)
[0;33m[WARN][0m Host mount: /root/i.ar (btrfs, rw,seclabel,relatime,compress=zstd:1,ssd,discard=async,space_cache=v2,subvolid=256,subvol=/root)
[0;33m[WARN][0m Host mount: /root/.emacs.d (btrfs, rw,seclabel,relatime,compress=zstd:1,ssd,discard=async,space_cache=v2,subvolid=256,subvol=/root)
[0;33m[WARN][0m Host mount: /root/i.ar/prompts (btrfs, rw,seclabel,relatime,compress=zstd:1,ssd,discard=async,space_cache=v2,subvolid=256,subvol=/root)
[0;33m[WARN][0m Host mount: /root/.emacs.d/metaconfig (btrfs, rw,seclabel,relatime,compress=zstd:1,ssd,discard=async,space_cache=v2,subvolid=256,subvol=/root)
[0;33m[WARN][0m Host mount: /root/.emacs.d/gptel-fork (btrfs, rw,seclabel,relatime,compress=zstd:1,ssd,discard=async,space_cache=v2,subvolid=256,subvol=/root)

============================================
[0;32m  PREFLIGHT PASSED[0m
============================================
Loading /root/.emacs.d/configs/paths.el (source)...
Loading /root/.emacs.d/configs/predicates.el (source)...
Loading /root/.emacs.d/configs/keybindings.el (source)...
Loading /root/.emacs.d/configs/delimiters.el (source)...
Loading /root/.emacs.d/configs/git.el (source)...
Loading /root/.emacs.d/configs/fork.el (source)...
Loading /root/.emacs.d/configs/delegate.el (source)...
Loading /root/.emacs.d/configs/cycle.el (source)...
Loading /root/.emacs.d/configs/loop-guard.el (source)...
Loading /root/.emacs.d/configs/memory.el (source)...
Loading /root/.emacs.d/configs/file-guard.el (source)...
Loading /root/.emacs.d/configs/tool-limits.el (source)...
Loading /root/.emacs.d/configs/tasks.el (source)...
Loading /root/.emacs.d/configs/mcp.el (source)...
Loading /root/.emacs.d/init.d/shared/iar-utils.el (source)...
Loading /root/.emacs.d/init.d/shared/iar-agent-utils.el (source)...
Loading /root/.emacs.d/init.d/core/iar-locale.el (source)...
Loading /root/.emacs.d/init.d/core/iar-package-setup.el (source)...
Loading /root/.emacs.d/init.d/core/iar-ui-cleanup.el (source)...
Loading /root/.emacs.d/init.d/core/iar-evil-mode.el (source)...
Loading /root/.emacs.d/init.d/core/iar-gptel-setup.el (source)...
[gptel] Using fork from /root/.emacs.d/gptel-fork (overriding ELPA package)
Loading /root/.emacs.d/configs/gptel.el (source)...
Loading /root/.emacs.d/init.d/core/iar-mcp-setup.el (source)...
Loading /root/.emacs.d/init.d/tool-call/iar-malformed-args.el (source)...
Loading /root/.emacs.d/init.d/tool-call/iar-tool-call.el (source)...
[tool-call] Layer installed
Loading /root/.emacs.d/init.d/tool-call/iar-tool-result-timestamp.el (source)...
Loading /root/.emacs.d/init.d/tool-call/iar-tool-result-budget.el (source)...
Loading /root/.emacs.d/init.d/tool-call/iar-request-log.el (source)...
[request-log] Witness installed
Loading /root/.emacs.d/init.d/tool-call/iar-context-fence.el (source)...
Loading /root/.emacs.d/init.d/tool-call/iar-msgs-fence.el (source)...
Loading /root/.emacs.d/init.d/tool-call/iar-request-watchdog.el (source)...
[watchdog] Request watchdog installed
Loading /root/.emacs.d/init.d/tool-call/iar-text-mode-detector.el (source)...
Loading /root/.emacs.d/init.d/agent/iar-prompt-loader.el (source)...
Loading /root/.emacs.d/init.d/core/iar-mount-awareness.el (source)...
Loading /root/.emacs.d/init.d/core/iar-rate-limit.el (source)...
Loading /root/.emacs.d/init.d/security/iar-output-sanitizer.el (source)...
Loading /root/.emacs.d/init.d/security/iar-file-guard.el (source)...
Loading /root/.emacs.d/init.d/security/iar-audit-log.el (source)...
Loading /root/.emacs.d/init.d/security/iar-loop-guard.el (source)...
Loading /root/.emacs.d/init.d/security/iar-loop-guard-chain.el (source)...
Loading /root/.emacs.d/init.d/security/iar-tool-guard.el (source)...
Loading /root/.emacs.d/init.d/security/iar-utf8-scrub.el (source)...
Loading /root/.emacs.d/init.d/tools/filesystem/list_directory.el (source)...
Loading /root/.emacs.d/init.d/tools/filesystem/read_file.el (source)...
Loading /root/.emacs.d/init.d/tools/filesystem/write_file.el (source)...
Loading /root/.emacs.d/init.d/tools/filesystem/append_file.el (source)...
Loading /root/.emacs.d/init.d/tools/code/execute_code_local.el (source)...
Loading /root/.emacs.d/init.d/tools/code/execute_code_remote.el (source)...
Loading /root/.emacs.d/init.d/tools/code/check_elisp.el (source)...
Loading /root/.emacs.d/init.d/tools/tasks/read_task.el (source)...
Loading /root/.emacs.d/init.d/tools/tasks/create_task.el (source)...
Loading /root/.emacs.d/init.d/tools/tasks/write_subtask.el (source)...
Loading /root/.emacs.d/init.d/tools/tasks/remove_task.el (source)...
Loading /root/.emacs.d/init.d/tools/tasks/read_history.el (source)...
Loading /root/.emacs.d/init.d/tools/tasks/read_roadmap.el (source)...
Loading /root/.emacs.d/init.d/tools/tasks/write_roadmap.el (source)...
Loading /root/.emacs.d/init.d/tools/notify/telegram.el (source)...
Loading /root/.emacs.d/init.d/tools/git/git_commit.el (source)...
Loading /root/.emacs.d/init.d/tools/knowledge/read_knowledge.el (source)...
Loading /root/.emacs.d/init.d/agent/iar-project-parser.el (source)...
Loading /root/.emacs.d/init.d/agent/iar-prompt-assembly.el (source)...
Loading /root/.emacs.d/init.d/agent/iar-agent-loader.el (source)...
Loading /root/.emacs.d/init.d/agent/iar-knowledge-loader.el (source)...
Loading /root/.emacs.d/init.d/agent/iar-buffer-info.el (source)...
Loading /root/.emacs.d/init.d/tools/agent/delegate.el (source)...
Loading /root/.emacs.d/init.d/tools/agent/reload_os.el (source)...
Loading /root/.emacs.d/init.d/tools/agent/reload_agent.el (source)...
Loading /root/.emacs.d/init.d/tools/agent/read_own_prompt.el (source)...
Loading /root/.emacs.d/init.d/agent/iar-guidelines-checker.el (source)...
Loading /root/.emacs.d/init.d/agent/iar-agent-cycle.el (source)...
Loading /root/.emacs.d/init.d/debug/iar-status-mode.el (source)...
[status-mode] Installed
Loading /root/.emacs.d/init.d/session/iar-quit.el (source)...
[aria] Starting cycle with 3600s timeout (archetype: aria-cycle, project: iar, cycle: aria_daily)
[aria] Assembled prompt: 47679 chars (~11919 tokens), 21 tools
[aria] Sending cycle prompt to aria agent...
Querying Ollama...
[aria] Same-tool warning: 100 calls to execute_code_local this cycle -- one call blocked with notice
[aria] Tool-call budget warning (150/300) -- one call blocked with notice
[aria] Msgs soft cap warning (msgs 401 >= 400) -- one call blocked with notice
[aria] Cycle complete. Turns: 1, Tool calls: 237, Exit: 0
Tokens: 14290546 in / 87031 out / 14377577 total
Requests: 238
[0;32m[INF][2026-09-13 22:24:12][0m Cycle 1 succeeded in 1638s (exit 0)

[0;34m[INF][2026-09-13 22:29:47][0m --- Cycle 1/1 ---
Already up to date.
============================================
  Preflight Mount Audit — Emacboros
  2026-09-14T01:29:47Z
============================================

--- Phase 1: /proc/mounts scan ---

--- Phase 2: Writability tests ---
[0;32m[PASS][0m /root/.emacs.d/.git/hooks — does not exist
[0;32m[PASS][0m /var/run/docker.sock — does not exist
[0;32m[PASS][0m /etc/cron.d — does not exist
[0;32m[PASS][0m /var/spool/cron — does not exist
[0;32m[PASS][0m /etc/systemd/system — directory is read-only
[0;32m[PASS][0m /etc/systemd — directory is read-only

--- Phase 3: Capability audit ---
[0;32m[PASS][0m CAP_DAC_OVERRIDE (bit 1) is not set — can bypass file read/write/execute permissions
[0;32m[PASS][0m CAP_SYS_ADMIN (bit 21) is not set — broad system administration (mount, namespaces, etc.)
[0;32m[PASS][0m CAP_SETUID (bit 7) is not set — can change process UID
[0;32m[PASS][0m CAP_SETGID (bit 6) is not set — can change process GID
[0;32m[PASS][0m CAP_MKNOD (bit 27) is not set — can create special device files
[0;32m[PASS][0m CAP_NET_RAW (bit 13) is SET (expected) — can create raw network sockets (needed for nmap/traceroute)
[0;32m[PASS][0m CAP_NET_BIND_SERVICE (bit 10) is SET (expected) — can bind to ports < 1024
[0;32m[PASS][0m CAP_FOWNER (bit 3) is not set — can bypass file ownership checks
[0;32m[PASS][0m CAP_SETFCAP (bit 31) is not set — can set file capabilities

--- Phase 4: Host mount audit ---
Writable real-filesystem mounts:
[0;33m[WARN][0m Host mount: /sys/kernel/security (securityfs, rw,nosuid,nodev,noexec,relatime)
[0;33m[WARN][0m Host mount: /sys/fs/cgroup (cgroup2, rw,seclabel,nosuid,nodev,noexec,relatime,nsdelegate,memory_recursiveprot,memory_hugetlb_accounting)
[0;33m[WARN][0m Host mount: /sys/fs/pstore (pstore, rw,seclabel,nosuid,nodev,noexec,relatime)
[0;33m[WARN][0m Host mount: /sys/firmware/efi/efivars (efivarfs, rw,nosuid,nodev,noexec,relatime)
[0;33m[WARN][0m Host mount: /sys/fs/bpf (bpf, rw,nosuid,nodev,noexec,relatime,mode=700)
[0;33m[WARN][0m Host mount: /sys/kernel/config (configfs, rw,nosuid,nodev,noexec,relatime)
[0;33m[WARN][0m Host mount: /sys/fs/selinux (selinuxfs, rw,nosuid,noexec,relatime)
[0;33m[WARN][0m Host mount: /sys/fs/fuse/connections (fusectl, rw,nosuid,nodev,noexec,relatime)
[0;33m[WARN][0m Host mount: /sys/kernel/debug (debugfs, rw,seclabel,nosuid,nodev,noexec,relatime)
[0;33m[WARN][0m Host mount: /sys/kernel/debug/tracing (tracefs, rw,seclabel,nosuid,nodev,noexec,relatime)
[0;33m[WARN][0m Host mount: /sys/kernel/tracing (tracefs, rw,seclabel,nosuid,nodev,noexec,relatime)
[0;33m[WARN][0m Host mount: /root/personalization (btrfs, rw,seclabel,relatime,compress=zstd:1,ssd,discard=async,space_cache=v2,subvolid=256,subvol=/root)
[0;33m[WARN][0m Host mount: /root/i.ar (btrfs, rw,seclabel,relatime,compress=zstd:1,ssd,discard=async,space_cache=v2,subvolid=256,subvol=/root)
[0;33m[WARN][0m Host mount: /root/.emacs.d (btrfs, rw,seclabel,relatime,compress=zstd:1,ssd,discard=async,space_cache=v2,subvolid=256,subvol=/root)
[0;33m[WARN][0m Host mount: /root/.emacs.d/metaconfig (btrfs, rw,seclabel,relatime,compress=zstd:1,ssd,discard=async,space_cache=v2,subvolid=256,subvol=/root)
[0;33m[WARN][0m Host mount: /root/.emacs.d/gptel-fork (btrfs, rw,seclabel,relatime,compress=zstd:1,ssd,discard=async,space_cache=v2,subvolid=256,subvol=/root)
[0;33m[WARN][0m Host mount: /root/i.ar/prompts (btrfs, rw,seclabel,relatime,compress=zstd:1,ssd,discard=async,space_cache=v2,subvolid=256,subvol=/root)

============================================
[0;32m  PREFLIGHT PASSED[0m
============================================
Loading /root/.emacs.d/configs/paths.el (source)...
Loading /root/.emacs.d/configs/predicates.el (source)...
Loading /root/.emacs.d/configs/keybindings.el (source)...
Loading /root/.emacs.d/configs/delimiters.el (source)...
Loading /root/.emacs.d/configs/git.el (source)...
Loading /root/.emacs.d/configs/fork.el (source)...
Loading /root/.emacs.d/configs/delegate.el (source)...
Loading /root/.emacs.d/configs/cycle.el (source)...
Loading /root/.emacs.d/configs/loop-guard.el (source)...
Loading /root/.emacs.d/configs/memory.el (source)...
Loading /root/.emacs.d/configs/file-guard.el (source)...
Loading /root/.emacs.d/configs/tool-limits.el (source)...
Loading /root/.emacs.d/configs/tasks.el (source)...
Loading /root/.emacs.d/configs/mcp.el (source)...
Loading /root/.emacs.d/init.d/shared/iar-utils.el (source)...
Loading /root/.emacs.d/init.d/shared/iar-agent-utils.el (source)...
Loading /root/.emacs.d/init.d/core/iar-locale.el (source)...
Loading /root/.emacs.d/init.d/core/iar-package-setup.el (source)...
Loading /root/.emacs.d/init.d/core/iar-ui-cleanup.el (source)...
Loading /root/.emacs.d/init.d/core/iar-evil-mode.el (source)...
Loading /root/.emacs.d/init.d/core/iar-gptel-setup.el (source)...
[gptel] Using fork from /root/.emacs.d/gptel-fork (overriding ELPA package)
Loading /root/.emacs.d/configs/gptel.el (source)...
Loading /root/.emacs.d/init.d/core/iar-mcp-setup.el (source)...
Loading /root/.emacs.d/init.d/tool-call/iar-malformed-args.el (source)...
Loading /root/.emacs.d/init.d/tool-call/iar-tool-call.el (source)...
[tool-call] Layer installed
Loading /root/.emacs.d/init.d/tool-call/iar-tool-result-timestamp.el (source)...
Loading /root/.emacs.d/init.d/tool-call/iar-tool-result-budget.el (source)...
Loading /root/.emacs.d/init.d/tool-call/iar-request-log.el (source)...
[request-log] Witness installed
Loading /root/.emacs.d/init.d/tool-call/iar-context-fence.el (source)...
Loading /root/.emacs.d/init.d/tool-call/iar-msgs-fence.el (source)...
Loading /root/.emacs.d/init.d/tool-call/iar-request-watchdog.el (source)...
[watchdog] Request watchdog installed
Loading /root/.emacs.d/init.d/tool-call/iar-text-mode-detector.el (source)...
Loading /root/.emacs.d/init.d/agent/iar-prompt-loader.el (source)...
Loading /root/.emacs.d/init.d/core/iar-mount-awareness.el (source)...
Loading /root/.emacs.d/init.d/core/iar-rate-limit.el (source)...
Loading /root/.emacs.d/init.d/security/iar-output-sanitizer.el (source)...
Loading /root/.emacs.d/init.d/security/iar-file-guard.el (source)...
Loading /root/.emacs.d/init.d/security/iar-audit-log.el (source)...
Loading /root/.emacs.d/init.d/security/iar-loop-guard.el (source)...
Loading /root/.emacs.d/init.d/security/iar-loop-guard-chain.el (source)...
Loading /root/.emacs.d/init.d/security/iar-tool-guard.el (source)...
Loading /root/.emacs.d/init.d/security/iar-utf8-scrub.el (source)...
Loading /root/.emacs.d/init.d/tools/filesystem/list_directory.el (source)...
Loading /root/.emacs.d/init.d/tools/filesystem/read_file.el (source)...
Loading /root/.emacs.d/init.d/tools/filesystem/write_file.el (source)...
Loading /root/.emacs.d/init.d/tools/filesystem/append_file.el (source)...
Loading /root/.emacs.d/init.d/tools/code/execute_code_local.el (source)...
Loading /root/.emacs.d/init.d/tools/code/execute_code_remote.el (source)...
Loading /root/.emacs.d/init.d/tools/code/check_elisp.el (source)...
Loading /root/.emacs.d/init.d/tools/tasks/read_task.el (source)...
Loading /root/.emacs.d/init.d/tools/tasks/create_task.el (source)...
Loading /root/.emacs.d/init.d/tools/tasks/write_subtask.el (source)...
Loading /root/.emacs.d/init.d/tools/tasks/remove_task.el (source)...
Loading /root/.emacs.d/init.d/tools/tasks/read_history.el (source)...
Loading /root/.emacs.d/init.d/tools/tasks/read_roadmap.el (source)...
Loading /root/.emacs.d/init.d/tools/tasks/write_roadmap.el (source)...
Loading /root/.emacs.d/init.d/tools/notify/telegram.el (source)...
Loading /root/.emacs.d/init.d/tools/git/git_commit.el (source)...
Loading /root/.emacs.d/init.d/tools/knowledge/read_knowledge.el (source)...
Loading /root/.emacs.d/init.d/agent/iar-project-parser.el (source)...
Loading /root/.emacs.d/init.d/agent/iar-prompt-assembly.el (source)...
Loading /root/.emacs.d/init.d/agent/iar-agent-loader.el (source)...
Loading /root/.emacs.d/init.d/agent/iar-knowledge-loader.el (source)...
Loading /root/.emacs.d/init.d/agent/iar-buffer-info.el (source)...
Loading /root/.emacs.d/init.d/tools/agent/delegate.el (source)...
Loading /root/.emacs.d/init.d/tools/agent/reload_os.el (source)...
Loading /root/.emacs.d/init.d/tools/agent/reload_agent.el (source)...
Loading /root/.emacs.d/init.d/tools/agent/read_own_prompt.el (source)...
Loading /root/.emacs.d/init.d/agent/iar-guidelines-checker.el (source)...
Loading /root/.emacs.d/init.d/agent/iar-agent-cycle.el (source)...
Loading /root/.emacs.d/init.d/debug/iar-status-mode.el (source)...
[status-mode] Installed
Loading /root/.emacs.d/init.d/session/iar-quit.el (source)...
[aria] Starting cycle with 3600s timeout (archetype: aria-cycle, project: iar, cycle: aria_daily)
[aria] Assembled prompt: 47700 chars (~11925 tokens), 21 tools
[aria] Sending cycle prompt to aria agent...
Querying Ollama...
[aria] Same-tool warning: 100 calls to execute_code_local this cycle -- one call blocked with notice
[aria] Tool-call budget warning (150/300) -- one call blocked with notice
[aria] Cycle complete. Turns: 1, Tool calls: 170, Exit: 0
Tokens: 11696021 in / 62997 out / 11759018 total
Requests: 171
[0;32m[INF][2026-09-13 22:58:04][0m Cycle 1 succeeded in 1697s (exit 0)

[0;34m[INF][2026-09-13 23:03:59][0m --- Cycle 1/1 ---
Already up to date.
============================================
  Preflight Mount Audit — Emacboros
  2026-09-14T02:04:00Z
============================================

--- Phase 1: /proc/mounts scan ---

--- Phase 2: Writability tests ---
[0;32m[PASS][0m /root/.emacs.d/.git/hooks — does not exist
[0;32m[PASS][0m /var/run/docker.sock — does not exist
[0;32m[PASS][0m /etc/cron.d — does not exist
[0;32m[PASS][0m /var/spool/cron — does not exist
[0;32m[PASS][0m /etc/systemd/system — directory is read-only
[0;32m[PASS][0m /etc/systemd — directory is read-only

--- Phase 3: Capability audit ---
[0;32m[PASS][0m CAP_DAC_OVERRIDE (bit 1) is not set — can bypass file read/write/execute permissions
[0;32m[PASS][0m CAP_SYS_ADMIN (bit 21) is not set — broad system administration (mount, namespaces, etc.)
[0;32m[PASS][0m CAP_SETUID (bit 7) is not set — can change process UID
[0;32m[PASS][0m CAP_SETGID (bit 6) is not set — can change process GID
[0;32m[PASS][0m CAP_MKNOD (bit 27) is not set — can create special device files
[0;32m[PASS][0m CAP_NET_RAW (bit 13) is SET (expected) — can create raw network sockets (needed for nmap/traceroute)
[0;32m[PASS][0m CAP_NET_BIND_SERVICE (bit 10) is SET (expected) — can bind to ports < 1024
[0;32m[PASS][0m CAP_FOWNER (bit 3) is not set — can bypass file ownership checks
[0;32m[PASS][0m CAP_SETFCAP (bit 31) is not set — can set file capabilities

--- Phase 4: Host mount audit ---
Writable real-filesystem mounts:
[0;33m[WARN][0m Host mount: /sys/kernel/security (securityfs, rw,nosuid,nodev,noexec,relatime)
[0;33m[WARN][0m Host mount: /sys/fs/cgroup (cgroup2, rw,seclabel,nosuid,nodev,noexec,relatime,nsdelegate,memory_recursiveprot,memory_hugetlb_accounting)
[0;33m[WARN][0m Host mount: /sys/fs/pstore (pstore, rw,seclabel,nosuid,nodev,noexec,relatime)
[0;33m[WARN][0m Host mount: /sys/firmware/efi/efivars (efivarfs, rw,nosuid,nodev,noexec,relatime)
[0;33m[WARN][0m Host mount: /sys/fs/bpf (bpf, rw,nosuid,nodev,noexec,relatime,mode=700)
[0;33m[WARN][0m Host mount: /sys/kernel/config (configfs, rw,nosuid,nodev,noexec,relatime)
[0;33m[WARN][0m Host mount: /sys/fs/selinux (selinuxfs, rw,nosuid,noexec,relatime)
[0;33m[WARN][0m Host mount: /sys/fs/fuse/connections (fusectl, rw,nosuid,nodev,noexec,relatime)
[0;33m[WARN][0m Host mount: /sys/kernel/debug (debugfs, rw,seclabel,nosuid,nodev,noexec,relatime)
[0;33m[WARN][0m Host mount: /sys/kernel/debug/tracing (tracefs, rw,seclabel,nosuid,nodev,noexec,relatime)
[0;33m[WARN][0m Host mount: /sys/kernel/tracing (tracefs, rw,seclabel,nosuid,nodev,noexec,relatime)
[0;33m[WARN][0m Host mount: /root/.emacs.d (btrfs, rw,seclabel,relatime,compress=zstd:1,ssd,discard=async,space_cache=v2,subvolid=256,subvol=/root)
[0;33m[WARN][0m Host mount: /root/i.ar (btrfs, rw,seclabel,relatime,compress=zstd:1,ssd,discard=async,space_cache=v2,subvolid=256,subvol=/root)
[0;33m[WARN][0m Host mount: /root/personalization (btrfs, rw,seclabel,relatime,compress=zstd:1,ssd,discard=async,space_cache=v2,subvolid=256,subvol=/root)
[0;33m[WARN][0m Host mount: /root/.emacs.d/metaconfig (btrfs, rw,seclabel,relatime,compress=zstd:1,ssd,discard=async,space_cache=v2,subvolid=256,subvol=/root)
[0;33m[WARN][0m Host mount: /root/.emacs.d/gptel-fork (btrfs, rw,seclabel,relatime,compress=zstd:1,ssd,discard=async,space_cache=v2,subvolid=256,subvol=/root)
[0;33m[WARN][0m Host mount: /root/i.ar/prompts (btrfs, rw,seclabel,relatime,compress=zstd:1,ssd,discard=async,space_cache=v2,subvolid=256,subvol=/root)

============================================
[0;32m  PREFLIGHT PASSED[0m
============================================
Loading /root/.emacs.d/configs/paths.el (source)...
Loading /root/.emacs.d/configs/predicates.el (source)...
Loading /root/.emacs.d/configs/keybindings.el (source)...
Loading /root/.emacs.d/configs/delimiters.el (source)...
Loading /root/.emacs.d/configs/git.el (source)...
Loading /root/.emacs.d/configs/fork.el (source)...
Loading /root/.emacs.d/configs/delegate.el (source)...
Loading /root/.emacs.d/configs/cycle.el (source)...
Loading /root/.emacs.d/configs/loop-guard.el (source)...
Loading /root/.emacs.d/configs/memory.el (source)...
Loading /root/.emacs.d/configs/file-guard.el (source)...
Loading /root/.emacs.d/configs/tool-limits.el (source)...
Loading /root/.emacs.d/configs/tasks.el (source)...
Loading /root/.emacs.d/configs/mcp.el (source)...
Loading /root/.emacs.d/init.d/shared/iar-utils.el (source)...
Loading /root/.emacs.d/init.d/shared/iar-agent-utils.el (source)...
Loading /root/.emacs.d/init.d/core/iar-locale.el (source)...
Loading /root/.emacs.d/init.d/core/iar-package-setup.el (source)...
Loading /root/.emacs.d/init.d/core/iar-ui-cleanup.el (source)...
Loading /root/.emacs.d/init.d/core/iar-evil-mode.el (source)...
Loading /root/.emacs.d/init.d/core/iar-gptel-setup.el (source)...
[gptel] Using fork from /root/.emacs.d/gptel-fork (overriding ELPA package)
Loading /root/.emacs.d/configs/gptel.el (source)...
Loading /root/.emacs.d/init.d/core/iar-mcp-setup.el (source)...
Loading /root/.emacs.d/init.d/tool-call/iar-malformed-args.el (source)...
Loading /root/.emacs.d/init.d/tool-call/iar-tool-call.el (source)...
[tool-call] Layer installed
Loading /root/.emacs.d/init.d/tool-call/iar-tool-result-timestamp.el (source)...
Loading /root/.emacs.d/init.d/tool-call/iar-tool-result-budget.el (source)...
Loading /root/.emacs.d/init.d/tool-call/iar-request-log.el (source)...
[request-log] Witness installed
Loading /root/.emacs.d/init.d/tool-call/iar-context-fence.el (source)...
Loading /root/.emacs.d/init.d/tool-call/iar-msgs-fence.el (source)...
Loading /root/.emacs.d/init.d/tool-call/iar-request-watchdog.el (source)...
[watchdog] Request watchdog installed
Loading /root/.emacs.d/init.d/tool-call/iar-text-mode-detector.el (source)...
Loading /root/.emacs.d/init.d/agent/iar-prompt-loader.el (source)...
Loading /root/.emacs.d/init.d/core/iar-mount-awareness.el (source)...
Loading /root/.emacs.d/init.d/core/iar-rate-limit.el (source)...
Loading /root/.emacs.d/init.d/security/iar-output-sanitizer.el (source)...
Loading /root/.emacs.d/init.d/security/iar-file-guard.el (source)...
Loading /root/.emacs.d/init.d/security/iar-audit-log.el (source)...
Loading /root/.emacs.d/init.d/security/iar-loop-guard.el (source)...
Loading /root/.emacs.d/init.d/security/iar-loop-guard-chain.el (source)...
Loading /root/.emacs.d/init.d/security/iar-tool-guard.el (source)...
Loading /root/.emacs.d/init.d/security/iar-utf8-scrub.el (source)...
Loading /root/.emacs.d/init.d/tools/filesystem/list_directory.el (source)...
Loading /root/.emacs.d/init.d/tools/filesystem/read_file.el (source)...
Loading /root/.emacs.d/init.d/tools/filesystem/write_file.el (source)...
Loading /root/.emacs.d/init.d/tools/filesystem/append_file.el (source)...
Loading /root/.emacs.d/init.d/tools/code/execute_code_local.el (source)...
Loading /root/.emacs.d/init.d/tools/code/execute_code_remote.el (source)...
Loading /root/.emacs.d/init.d/tools/code/check_elisp.el (source)...
Loading /root/.emacs.d/init.d/tools/tasks/read_task.el (source)...
Loading /root/.emacs.d/init.d/tools/tasks/create_task.el (source)...
Loading /root/.emacs.d/init.d/tools/tasks/write_subtask.el (source)...
Loading /root/.emacs.d/init.d/tools/tasks/remove_task.el (source)...
Loading /root/.emacs.d/init.d/tools/tasks/read_history.el (source)...
Loading /root/.emacs.d/init.d/tools/tasks/read_roadmap.el (source)...
Loading /root/.emacs.d/init.d/tools/tasks/write_roadmap.el (source)...
Loading /root/.emacs.d/init.d/tools/notify/telegram.el (source)...
Loading /root/.emacs.d/init.d/tools/git/git_commit.el (source)...
Loading /root/.emacs.d/init.d/tools/knowledge/read_knowledge.el (source)...
Loading /root/.emacs.d/init.d/agent/iar-project-parser.el (source)...
Loading /root/.emacs.d/init.d/agent/iar-prompt-assembly.el (source)...
Loading /root/.emacs.d/init.d/agent/iar-agent-loader.el (source)...
Loading /root/.emacs.d/init.d/agent/iar-knowledge-loader.el (source)...
Loading /root/.emacs.d/init.d/agent/iar-buffer-info.el (source)...
Loading /root/.emacs.d/init.d/tools/agent/delegate.el (source)...
Loading /root/.emacs.d/init.d/tools/agent/reload_os.el (source)...
Loading /root/.emacs.d/init.d/tools/agent/reload_agent.el (source)...
Loading /root/.emacs.d/init.d/tools/agent/read_own_prompt.el (source)...
Loading /root/.emacs.d/init.d/agent/iar-guidelines-checker.el (source)...
Loading /root/.emacs.d/init.d/agent/iar-agent-cycle.el (source)...
Loading /root/.emacs.d/init.d/debug/iar-status-mode.el (source)...
[status-mode] Installed
Loading /root/.emacs.d/init.d/session/iar-quit.el (source)...
[aria] Starting cycle with 3600s timeout (archetype: aria-cycle, project: iar, cycle: aria_daily)
[assembly] DIGEST [iar/aria] 12626 chars (warn at 12000) -- injected full on every request; diet it
[aria] Assembled prompt: 48239 chars (~12059 tokens), 21 tools
[aria] Sending cycle prompt to aria agent...
Querying Ollama...
[aria] Same-tool warning: 100 calls to execute_code_local this cycle -- one call blocked with notice
[aria] Tool-call budget warning (150/300) -- one call blocked with notice
[aria] Msgs soft cap warning (msgs 401 >= 400) -- one call blocked with notice
[aria] Cycle complete. Turns: 1, Tool calls: 202, Exit: 0
Tokens: 17227290 in / 56632 out / 17283922 total
Requests: 203
[0;32m[INF][2026-09-13 23:21:30][0m Cycle 1 succeeded in 1051s (exit 0)

[0;34m[INF][2026-09-13 23:30:34][0m --- Cycle 1/1 ---
Already up to date.
============================================
  Preflight Mount Audit — Emacboros
  2026-09-14T02:30:35Z
============================================

--- Phase 1: /proc/mounts scan ---

--- Phase 2: Writability tests ---
[0;32m[PASS][0m /root/.emacs.d/.git/hooks — does not exist
[0;32m[PASS][0m /var/run/docker.sock — does not exist
[0;32m[PASS][0m /etc/cron.d — does not exist
[0;32m[PASS][0m /var/spool/cron — does not exist
[0;32m[PASS][0m /etc/systemd/system — directory is read-only
[0;32m[PASS][0m /etc/systemd — directory is read-only

--- Phase 3: Capability audit ---
[0;32m[PASS][0m CAP_DAC_OVERRIDE (bit 1) is not set — can bypass file read/write/execute permissions
[0;32m[PASS][0m CAP_SYS_ADMIN (bit 21) is not set — broad system administration (mount, namespaces, etc.)
[0;32m[PASS][0m CAP_SETUID (bit 7) is not set — can change process UID
[0;32m[PASS][0m CAP_SETGID (bit 6) is not set — can change process GID
[0;32m[PASS][0m CAP_MKNOD (bit 27) is not set — can create special device files
[0;32m[PASS][0m CAP_NET_RAW (bit 13) is SET (expected) — can create raw network sockets (needed for nmap/traceroute)
[0;32m[PASS][0m CAP_NET_BIND_SERVICE (bit 10) is SET (expected) — can bind to ports < 1024
[0;32m[PASS][0m CAP_FOWNER (bit 3) is not set — can bypass file ownership checks
[0;32m[PASS][0m CAP_SETFCAP (bit 31) is not set — can set file capabilities

--- Phase 4: Host mount audit ---
Writable real-filesystem mounts:
[0;33m[WARN][0m Host mount: /sys/kernel/security (securityfs, rw,nosuid,nodev,noexec,relatime)
[0;33m[WARN][0m Host mount: /sys/fs/cgroup (cgroup2, rw,seclabel,nosuid,nodev,noexec,relatime,nsdelegate,memory_recursiveprot,memory_hugetlb_accounting)
[0;33m[WARN][0m Host mount: /sys/fs/pstore (pstore, rw,seclabel,nosuid,nodev,noexec,relatime)
[0;33m[WARN][0m Host mount: /sys/firmware/efi/efivars (efivarfs, rw,nosuid,nodev,noexec,relatime)
[0;33m[WARN][0m Host mount: /sys/fs/bpf (bpf, rw,nosuid,nodev,noexec,relatime,mode=700)
[0;33m[WARN][0m Host mount: /sys/kernel/config (configfs, rw,nosuid,nodev,noexec,relatime)
[0;33m[WARN][0m Host mount: /sys/fs/selinux (selinuxfs, rw,nosuid,noexec,relatime)
[0;33m[WARN][0m Host mount: /sys/fs/fuse/connections (fusectl, rw,nosuid,nodev,noexec,relatime)
[0;33m[WARN][0m Host mount: /sys/kernel/debug (debugfs, rw,seclabel,nosuid,nodev,noexec,relatime)
[0;33m[WARN][0m Host mount: /sys/kernel/debug/tracing (tracefs, rw,seclabel,nosuid,nodev,noexec,relatime)
[0;33m[WARN][0m Host mount: /sys/kernel/tracing (tracefs, rw,seclabel,nosuid,nodev,noexec,relatime)
[0;33m[WARN][0m Host mount: /root/.emacs.d (btrfs, rw,seclabel,relatime,compress=zstd:1,ssd,discard=async,space_cache=v2,subvolid=256,subvol=/root)
[0;33m[WARN][0m Host mount: /root/personalization (btrfs, rw,seclabel,relatime,compress=zstd:1,ssd,discard=async,space_cache=v2,subvolid=256,subvol=/root)
[0;33m[WARN][0m Host mount: /root/i.ar (btrfs, rw,seclabel,relatime,compress=zstd:1,ssd,discard=async,space_cache=v2,subvolid=256,subvol=/root)
[0;33m[WARN][0m Host mount: /root/i.ar/prompts (btrfs, rw,seclabel,relatime,compress=zstd:1,ssd,discard=async,space_cache=v2,subvolid=256,subvol=/root)
[0;33m[WARN][0m Host mount: /root/.emacs.d/gptel-fork (btrfs, rw,seclabel,relatime,compress=zstd:1,ssd,discard=async,space_cache=v2,subvolid=256,subvol=/root)
[0;33m[WARN][0m Host mount: /root/.emacs.d/metaconfig (btrfs, rw,seclabel,relatime,compress=zstd:1,ssd,discard=async,space_cache=v2,subvolid=256,subvol=/root)

============================================
[0;32m  PREFLIGHT PASSED[0m
============================================
Loading /root/.emacs.d/configs/paths.el (source)...
Loading /root/.emacs.d/configs/predicates.el (source)...
Loading /root/.emacs.d/configs/keybindings.el (source)...
Loading /root/.emacs.d/configs/delimiters.el (source)...
Loading /root/.emacs.d/configs/git.el (source)...
Loading /root/.emacs.d/configs/fork.el (source)...
Loading /root/.emacs.d/configs/delegate.el (source)...
Loading /root/.emacs.d/configs/cycle.el (source)...
Loading /root/.emacs.d/configs/loop-guard.el (source)...
Loading /root/.emacs.d/configs/memory.el (source)...
Loading /root/.emacs.d/configs/file-guard.el (source)...
Loading /root/.emacs.d/configs/tool-limits.el (source)...
Loading /root/.emacs.d/configs/tasks.el (source)...
Loading /root/.emacs.d/configs/mcp.el (source)...
Loading /root/.emacs.d/init.d/shared/iar-utils.el (source)...
Loading /root/.emacs.d/init.d/shared/iar-agent-utils.el (source)...
Loading /root/.emacs.d/init.d/core/iar-locale.el (source)...
Loading /root/.emacs.d/init.d/core/iar-package-setup.el (source)...
Loading /root/.emacs.d/init.d/core/iar-ui-cleanup.el (source)...
Loading /root/.emacs.d/init.d/core/iar-evil-mode.el (source)...
Loading /root/.emacs.d/init.d/core/iar-gptel-setup.el (source)...
[gptel] Using fork from /root/.emacs.d/gptel-fork (overriding ELPA package)
Loading /root/.emacs.d/configs/gptel.el (source)...
Loading /root/.emacs.d/init.d/core/iar-mcp-setup.el (source)...
Loading /root/.emacs.d/init.d/tool-call/iar-malformed-args.el (source)...
Loading /root/.emacs.d/init.d/tool-call/iar-tool-call.el (source)...
[tool-call] Layer installed
Loading /root/.emacs.d/init.d/tool-call/iar-tool-result-timestamp.el (source)...
Loading /root/.emacs.d/init.d/tool-call/iar-tool-result-budget.el (source)...
Loading /root/.emacs.d/init.d/tool-call/iar-request-log.el (source)...
[request-log] Witness installed
Loading /root/.emacs.d/init.d/tool-call/iar-context-fence.el (source)...
Loading /root/.emacs.d/init.d/tool-call/iar-msgs-fence.el (source)...
Loading /root/.emacs.d/init.d/tool-call/iar-request-watchdog.el (source)...
[watchdog] Request watchdog installed
Loading /root/.emacs.d/init.d/tool-call/iar-text-mode-detector.el (source)...
Loading /root/.emacs.d/init.d/agent/iar-prompt-loader.el (source)...
Loading /root/.emacs.d/init.d/core/iar-mount-awareness.el (source)...
Loading /root/.emacs.d/init.d/core/iar-rate-limit.el (source)...
Loading /root/.emacs.d/init.d/security/iar-output-sanitizer.el (source)...
Loading /root/.emacs.d/init.d/security/iar-file-guard.el (source)...
Loading /root/.emacs.d/init.d/security/iar-audit-log.el (source)...
Loading /root/.emacs.d/init.d/security/iar-loop-guard.el (source)...
Loading /root/.emacs.d/init.d/security/iar-loop-guard-chain.el (source)...
Loading /root/.emacs.d/init.d/security/iar-tool-guard.el (source)...
Loading /root/.emacs.d/init.d/security/iar-utf8-scrub.el (source)...
Loading /root/.emacs.d/init.d/tools/filesystem/list_directory.el (source)...
Loading /root/.emacs.d/init.d/tools/filesystem/read_file.el (source)...
Loading /root/.emacs.d/init.d/tools/filesystem/write_file.el (source)...
Loading /root/.emacs.d/init.d/tools/filesystem/append_file.el (source)...
Loading /root/.emacs.d/init.d/tools/code/execute_code_local.el (source)...
Loading /root/.emacs.d/init.d/tools/code/execute_code_remote.el (source)...
Loading /root/.emacs.d/init.d/tools/code/check_elisp.el (source)...
Loading /root/.emacs.d/init.d/tools/tasks/read_task.el (source)...
Loading /root/.emacs.d/init.d/tools/tasks/create_task.el (source)...
Loading /root/.emacs.d/init.d/tools/tasks/write_subtask.el (source)...
Loading /root/.emacs.d/init.d/tools/tasks/remove_task.el (source)...
Loading /root/.emacs.d/init.d/tools/tasks/read_history.el (source)...
Loading /root/.emacs.d/init.d/tools/tasks/read_roadmap.el (source)...
Loading /root/.emacs.d/init.d/tools/tasks/write_roadmap.el (source)...
Loading /root/.emacs.d/init.d/tools/notify/telegram.el (source)...
Loading /root/.emacs.d/init.d/tools/git/git_commit.el (source)...
Loading /root/.emacs.d/init.d/tools/knowledge/read_knowledge.el (source)...
Loading /root/.emacs.d/init.d/agent/iar-project-parser.el (source)...
Loading /root/.emacs.d/init.d/agent/iar-prompt-assembly.el (source)...
Loading /root/.emacs.d/init.d/agent/iar-agent-loader.el (source)...
Loading /root/.emacs.d/init.d/agent/iar-knowledge-loader.el (source)...
Loading /root/.emacs.d/init.d/agent/iar-buffer-info.el (source)...
Loading /root/.emacs.d/init.d/tools/agent/delegate.el (source)...
Loading /root/.emacs.d/init.d/tools/agent/reload_os.el (source)...
Loading /root/.emacs.d/init.d/tools/agent/reload_agent.el (source)...
Loading /root/.emacs.d/init.d/tools/agent/read_own_prompt.el (source)...
Loading /root/.emacs.d/init.d/agent/iar-guidelines-checker.el (source)...
Loading /root/.emacs.d/init.d/agent/iar-agent-cycle.el (source)...
Loading /root/.emacs.d/init.d/debug/iar-status-mode.el (source)...
[status-mode] Installed
Loading /root/.emacs.d/init.d/session/iar-quit.el (source)...
[aria] Starting cycle with 3600s timeout (archetype: aria-cycle, project: iar, cycle: aria_daily)
[assembly] DIGEST [iar/aria] 13000 chars (warn at 12000) -- injected full on every request; diet it
[aria] Assembled prompt: 48707 chars (~12176 tokens), 21 tools
[aria] Sending cycle prompt to aria agent...
Querying Ollama...
[loop-guard-chain] SOFT BLOCK: execute_code_local chained 10 times
[loop-guard-chain] SOFT BLOCK: execute_code_local chained 10 times
[loop-guard-chain] SOFT BLOCK: execute_code_local chained 11 times
[loop-guard-chain] SOFT BLOCK: execute_code_local chained 10 times
[loop-guard-chain] SOFT BLOCK: execute_code_local chained 11 times
[loop-guard-chain] SOFT BLOCK: execute_code_local chained 12 times
[aria] Same-tool warning: 100 calls to execute_code_local this cycle -- one call blocked with notice
[loop-guard-chain] SOFT BLOCK: execute_code_local chained 10 times
[loop-guard-chain] SOFT BLOCK: execute_code_local chained 11 times
[loop-guard-chain] SOFT BLOCK: execute_code_local chained 10 times
[loop-guard-chain] SOFT BLOCK: execute_code_local chained 11 times
[loop-guard-chain] SOFT BLOCK: execute_code_local chained 10 times
[loop-guard-chain] SOFT BLOCK: execute_code_local chained 11 times
[loop-guard-chain] SOFT BLOCK: execute_code_local chained 12 times
[aria] Tool-call budget warning (150/300) -- one call blocked with notice
[loop-guard-chain] SOFT BLOCK: execute_code_local chained 10 times
[loop-guard-chain] SOFT BLOCK: execute_code_local chained 11 times
[loop-guard-chain] SOFT BLOCK: execute_code_local chained 10 times
[loop-guard-chain] SOFT BLOCK: execute_code_local chained 11 times
[loop-guard-chain] SOFT BLOCK: execute_code_local chained 10 times
[loop-guard-chain] SOFT BLOCK: execute_code_local chained 11 times
[loop-guard-chain] SOFT BLOCK: execute_code_local chained 10 times
[loop-guard-chain] SOFT BLOCK: execute_code_local chained 11 times
[aria] Msgs soft cap warning (msgs 401 >= 400) -- one call blocked with notice
[loop-guard-chain] SOFT BLOCK: execute_code_local chained 10 times
[loop-guard-chain] SOFT BLOCK: execute_code_local chained 11 times
[loop-guard-chain] SOFT BLOCK: execute_code_local chained 10 times
[loop-guard-chain] SOFT BLOCK: execute_code_local chained 11 times
[loop-guard-chain] SOFT BLOCK: execute_code_local chained 10 times
[loop-guard-chain] SOFT BLOCK: execute_code_local chained 11 times
[loop-guard-chain] SOFT BLOCK: execute_code_local chained 10 times
[loop-guard-chain] SOFT BLOCK: execute_code_local chained 11 times
[loop-guard-chain] SOFT BLOCK: execute_code_local chained 10 times
[loop-guard-chain] SOFT BLOCK: execute_code_local chained 11 times
[loop-guard-chain] SOFT BLOCK: execute_code_local chained 10 times
[loop-guard-chain] SOFT BLOCK: execute_code_local chained 11 times
[loop-guard-chain] SOFT BLOCK: execute_code_local chained 10 times
[loop-guard-chain] SOFT BLOCK: execute_code_local chained 11 times
[loop-guard-chain] SOFT BLOCK: execute_code_local chained 10 times
[loop-guard-chain] SOFT BLOCK: execute_code_local chained 11 times
[aria] Msgs hard cap (601 msgs >= 600) -- blocking tool, demanding summary (block 1/5)
[aria] Tool-call soft cap (300) -- blocking tool, demanding summary (block 1/5)
[aria] Cycle complete. Turns: 1, Tool calls: 305, Exit: 0
Tokens: 26647727 in / 86377 out / 26734104 total
Requests: 306
[0;32m[INF][2026-09-14 00:24:53][0m Cycle 1 succeeded in 3259s (exit 0)
