
[0;34m[INF][2026-09-12 00:13:44][0m --- Cycle 1/1 ---
Already up to date.
============================================
  Preflight Mount Audit — Emacboros
  2026-09-12T03:13:44Z
============================================

--- Phase 1: /proc/mounts scan ---

--- Phase 2: Writability tests ---
[0;32m[PASS][0m /root/.emacs.d/.git/hooks — does not exist
[0;32m[PASS][0m /var/run/docker.sock — does not exist
[0;32m[PASS][0m /etc/cron.d — does not exist
[0;32m[PASS][0m /var/spool/cron — does not exist
[0;32m[PASS][0m /etc/systemd/system — directory is read-only
[0;32m[PASS][0m /etc/systemd — directory is read-only

--- Phase 3: Capability audit ---
[0;32m[PASS][0m CAP_DAC_OVERRIDE (bit 1) is not set — can bypass file read/write/execute permissions
[0;32m[PASS][0m CAP_SYS_ADMIN (bit 21) is not set — broad system administration (mount, namespaces, etc.)
[0;32m[PASS][0m CAP_SETUID (bit 7) is not set — can change process UID
[0;32m[PASS][0m CAP_SETGID (bit 6) is not set — can change process GID
[0;32m[PASS][0m CAP_MKNOD (bit 27) is not set — can create special device files
[0;32m[PASS][0m CAP_NET_RAW (bit 13) is SET (expected) — can create raw network sockets (needed for nmap/traceroute)
[0;32m[PASS][0m CAP_NET_BIND_SERVICE (bit 10) is SET (expected) — can bind to ports < 1024
[0;32m[PASS][0m CAP_FOWNER (bit 3) is not set — can bypass file ownership checks
[0;32m[PASS][0m CAP_SETFCAP (bit 31) is not set — can set file capabilities

--- Phase 4: Host mount audit ---
Writable real-filesystem mounts:
[0;33m[WARN][0m Host mount: /sys/kernel/security (securityfs, rw,nosuid,nodev,noexec,relatime)
[0;33m[WARN][0m Host mount: /sys/fs/cgroup (cgroup2, rw,seclabel,nosuid,nodev,noexec,relatime,nsdelegate,memory_recursiveprot,memory_hugetlb_accounting)
[0;33m[WARN][0m Host mount: /sys/fs/pstore (pstore, rw,seclabel,nosuid,nodev,noexec,relatime)
[0;33m[WARN][0m Host mount: /sys/firmware/efi/efivars (efivarfs, rw,nosuid,nodev,noexec,relatime)
[0;33m[WARN][0m Host mount: /sys/fs/bpf (bpf, rw,nosuid,nodev,noexec,relatime,mode=700)
[0;33m[WARN][0m Host mount: /sys/kernel/config (configfs, rw,nosuid,nodev,noexec,relatime)
[0;33m[WARN][0m Host mount: /sys/fs/selinux (selinuxfs, rw,nosuid,noexec,relatime)
[0;33m[WARN][0m Host mount: /sys/fs/fuse/connections (fusectl, rw,nosuid,nodev,noexec,relatime)
[0;33m[WARN][0m Host mount: /sys/kernel/debug (debugfs, rw,seclabel,nosuid,nodev,noexec,relatime)
[0;33m[WARN][0m Host mount: /sys/kernel/debug/tracing (tracefs, rw,seclabel,nosuid,nodev,noexec,relatime)
[0;33m[WARN][0m Host mount: /sys/kernel/tracing (tracefs, rw,seclabel,nosuid,nodev,noexec,relatime)
[0;33m[WARN][0m Host mount: /root/i.ar (btrfs, rw,seclabel,relatime,compress=zstd:1,ssd,discard=async,space_cache=v2,subvolid=256,subvol=/root)
[0;33m[WARN][0m Host mount: /root/.emacs.d (btrfs, rw,seclabel,relatime,compress=zstd:1,ssd,discard=async,space_cache=v2,subvolid=256,subvol=/root)
[0;33m[WARN][0m Host mount: /root/personalization (btrfs, rw,seclabel,relatime,compress=zstd:1,ssd,discard=async,space_cache=v2,subvolid=256,subvol=/root)
[0;33m[WARN][0m Host mount: /root/.emacs.d/metaconfig (btrfs, rw,seclabel,relatime,compress=zstd:1,ssd,discard=async,space_cache=v2,subvolid=256,subvol=/root)
[0;33m[WARN][0m Host mount: /root/.emacs.d/gptel-fork (btrfs, rw,seclabel,relatime,compress=zstd:1,ssd,discard=async,space_cache=v2,subvolid=256,subvol=/root)
[0;33m[WARN][0m Host mount: /root/i.ar/prompts (btrfs, rw,seclabel,relatime,compress=zstd:1,ssd,discard=async,space_cache=v2,subvolid=256,subvol=/root)

============================================
[0;32m  PREFLIGHT PASSED[0m
============================================
Loading /root/.emacs.d/configs/paths.el (source)...
Loading /root/.emacs.d/configs/predicates.el (source)...
Loading /root/.emacs.d/configs/keybindings.el (source)...
Loading /root/.emacs.d/configs/delimiters.el (source)...
Loading /root/.emacs.d/configs/git.el (source)...
Loading /root/.emacs.d/configs/fork.el (source)...
Loading /root/.emacs.d/configs/delegate.el (source)...
Loading /root/.emacs.d/configs/cycle.el (source)...
Loading /root/.emacs.d/configs/loop-guard.el (source)...
Loading /root/.emacs.d/configs/memory.el (source)...
Loading /root/.emacs.d/configs/file-guard.el (source)...
Loading /root/.emacs.d/configs/tool-limits.el (source)...
Loading /root/.emacs.d/configs/tasks.el (source)...
Loading /root/.emacs.d/configs/mcp.el (source)...
Loading /root/.emacs.d/init.d/shared/iar-utils.el (source)...
Loading /root/.emacs.d/init.d/shared/iar-agent-utils.el (source)...
Loading /root/.emacs.d/init.d/core/iar-locale.el (source)...
Loading /root/.emacs.d/init.d/core/iar-package-setup.el (source)...
Loading /root/.emacs.d/init.d/core/iar-ui-cleanup.el (source)...
Loading /root/.emacs.d/init.d/core/iar-evil-mode.el (source)...
Loading /root/.emacs.d/init.d/core/iar-gptel-setup.el (source)...
[gptel] Using fork from /root/.emacs.d/gptel-fork (overriding ELPA package)
Loading /root/.emacs.d/configs/gptel.el (source)...
Loading /root/.emacs.d/init.d/core/iar-mcp-setup.el (source)...
Loading /root/.emacs.d/init.d/tool-call/iar-malformed-args.el (source)...
Loading /root/.emacs.d/init.d/tool-call/iar-tool-call.el (source)...
[tool-call] Layer installed
Loading /root/.emacs.d/init.d/tool-call/iar-tool-result-timestamp.el (source)...
Loading /root/.emacs.d/init.d/tool-call/iar-tool-result-budget.el (source)...
Loading /root/.emacs.d/init.d/tool-call/iar-request-log.el (source)...
[request-log] Witness installed
Loading /root/.emacs.d/init.d/tool-call/iar-context-fence.el (source)...
Loading /root/.emacs.d/init.d/tool-call/iar-msgs-fence.el (source)...
Loading /root/.emacs.d/init.d/tool-call/iar-request-watchdog.el (source)...
[watchdog] Request watchdog installed
Loading /root/.emacs.d/init.d/tool-call/iar-text-mode-detector.el (source)...
Loading /root/.emacs.d/init.d/agent/iar-prompt-loader.el (source)...
Loading /root/.emacs.d/init.d/core/iar-mount-awareness.el (source)...
Loading /root/.emacs.d/init.d/core/iar-rate-limit.el (source)...
Loading /root/.emacs.d/init.d/security/iar-output-sanitizer.el (source)...
Loading /root/.emacs.d/init.d/security/iar-file-guard.el (source)...
Loading /root/.emacs.d/init.d/security/iar-audit-log.el (source)...
Loading /root/.emacs.d/init.d/security/iar-loop-guard.el (source)...
Loading /root/.emacs.d/init.d/security/iar-loop-guard-chain.el (source)...
Loading /root/.emacs.d/init.d/security/iar-tool-guard.el (source)...
Loading /root/.emacs.d/init.d/security/iar-utf8-scrub.el (source)...
Loading /root/.emacs.d/init.d/tools/filesystem/list_directory.el (source)...
Loading /root/.emacs.d/init.d/tools/filesystem/read_file.el (source)...
Loading /root/.emacs.d/init.d/tools/filesystem/write_file.el (source)...
Loading /root/.emacs.d/init.d/tools/filesystem/append_file.el (source)...
Loading /root/.emacs.d/init.d/tools/code/execute_code_local.el (source)...
Loading /root/.emacs.d/init.d/tools/code/execute_code_remote.el (source)...
Loading /root/.emacs.d/init.d/tools/code/check_elisp.el (source)...
Loading /root/.emacs.d/init.d/tools/tasks/read_task.el (source)...
Loading /root/.emacs.d/init.d/tools/tasks/create_task.el (source)...
Loading /root/.emacs.d/init.d/tools/tasks/write_subtask.el (source)...
Loading /root/.emacs.d/init.d/tools/tasks/remove_task.el (source)...
Loading /root/.emacs.d/init.d/tools/tasks/read_history.el (source)...
Loading /root/.emacs.d/init.d/tools/tasks/read_roadmap.el (source)...
Loading /root/.emacs.d/init.d/tools/tasks/write_roadmap.el (source)...
Loading /root/.emacs.d/init.d/tools/notify/telegram.el (source)...
Loading /root/.emacs.d/init.d/tools/git/git_commit.el (source)...
Loading /root/.emacs.d/init.d/tools/knowledge/read_knowledge.el (source)...
Loading /root/.emacs.d/init.d/agent/iar-project-parser.el (source)...
Loading /root/.emacs.d/init.d/agent/iar-prompt-assembly.el (source)...
Loading /root/.emacs.d/init.d/agent/iar-agent-loader.el (source)...
Loading /root/.emacs.d/init.d/agent/iar-knowledge-loader.el (source)...
Loading /root/.emacs.d/init.d/agent/iar-buffer-info.el (source)...
Loading /root/.emacs.d/init.d/tools/agent/delegate.el (source)...
Loading /root/.emacs.d/init.d/tools/agent/reload_os.el (source)...
Loading /root/.emacs.d/init.d/tools/agent/reload_agent.el (source)...
Loading /root/.emacs.d/init.d/tools/agent/read_own_prompt.el (source)...
Loading /root/.emacs.d/init.d/agent/iar-guidelines-checker.el (source)...
Loading /root/.emacs.d/init.d/agent/iar-agent-cycle.el (source)...
Loading /root/.emacs.d/init.d/debug/iar-status-mode.el (source)...
[status-mode] Installed
Loading /root/.emacs.d/init.d/session/iar-quit.el (source)...
[aria] Starting cycle with 3600s timeout (archetype: aria-cycle, project: iar, cycle: aria_daily)
[assembly] DIGEST [iar/aria] 13929 chars (warn at 12000) -- injected full on every request; diet it
[aria] Assembled prompt: 49232 chars (~12308 tokens), 21 tools
[aria] Sending cycle prompt to aria agent...
Querying Ollama...
[loop-guard-chain] SOFT BLOCK: execute_code_local chained 10 times
[aria] Same-tool warning: 100 calls to execute_code_local this cycle -- one call blocked with notice
[aria] Tool-call budget warning (152/300) -- one call blocked with notice
[aria] Cycle complete. Turns: 1, Tool calls: 157, Exit: 0
Tokens: 9843255 in / 40899 out / 9884154 total
Requests: 158
[0;32m[INF][2026-09-12 00:29:21][0m Cycle 1 succeeded in 937s (exit 0)

[0;34m[INF][2026-09-12 00:37:45][0m --- Cycle 1/1 ---
Already up to date.
============================================
  Preflight Mount Audit — Emacboros
  2026-09-12T03:37:46Z
============================================

--- Phase 1: /proc/mounts scan ---

--- Phase 2: Writability tests ---
[0;32m[PASS][0m /root/.emacs.d/.git/hooks — does not exist
[0;32m[PASS][0m /var/run/docker.sock — does not exist
[0;32m[PASS][0m /etc/cron.d — does not exist
[0;32m[PASS][0m /var/spool/cron — does not exist
[0;32m[PASS][0m /etc/systemd/system — directory is read-only
[0;32m[PASS][0m /etc/systemd — directory is read-only

--- Phase 3: Capability audit ---
[0;32m[PASS][0m CAP_DAC_OVERRIDE (bit 1) is not set — can bypass file read/write/execute permissions
[0;32m[PASS][0m CAP_SYS_ADMIN (bit 21) is not set — broad system administration (mount, namespaces, etc.)
[0;32m[PASS][0m CAP_SETUID (bit 7) is not set — can change process UID
[0;32m[PASS][0m CAP_SETGID (bit 6) is not set — can change process GID
[0;32m[PASS][0m CAP_MKNOD (bit 27) is not set — can create special device files
[0;32m[PASS][0m CAP_NET_RAW (bit 13) is SET (expected) — can create raw network sockets (needed for nmap/traceroute)
[0;32m[PASS][0m CAP_NET_BIND_SERVICE (bit 10) is SET (expected) — can bind to ports < 1024
[0;32m[PASS][0m CAP_FOWNER (bit 3) is not set — can bypass file ownership checks
[0;32m[PASS][0m CAP_SETFCAP (bit 31) is not set — can set file capabilities

--- Phase 4: Host mount audit ---
Writable real-filesystem mounts:
[0;33m[WARN][0m Host mount: /sys/kernel/security (securityfs, rw,nosuid,nodev,noexec,relatime)
[0;33m[WARN][0m Host mount: /sys/fs/cgroup (cgroup2, rw,seclabel,nosuid,nodev,noexec,relatime,nsdelegate,memory_recursiveprot,memory_hugetlb_accounting)
[0;33m[WARN][0m Host mount: /sys/fs/pstore (pstore, rw,seclabel,nosuid,nodev,noexec,relatime)
[0;33m[WARN][0m Host mount: /sys/firmware/efi/efivars (efivarfs, rw,nosuid,nodev,noexec,relatime)
[0;33m[WARN][0m Host mount: /sys/fs/bpf (bpf, rw,nosuid,nodev,noexec,relatime,mode=700)
[0;33m[WARN][0m Host mount: /sys/kernel/config (configfs, rw,nosuid,nodev,noexec,relatime)
[0;33m[WARN][0m Host mount: /sys/fs/selinux (selinuxfs, rw,nosuid,noexec,relatime)
[0;33m[WARN][0m Host mount: /sys/fs/fuse/connections (fusectl, rw,nosuid,nodev,noexec,relatime)
[0;33m[WARN][0m Host mount: /sys/kernel/debug (debugfs, rw,seclabel,nosuid,nodev,noexec,relatime)
[0;33m[WARN][0m Host mount: /sys/kernel/debug/tracing (tracefs, rw,seclabel,nosuid,nodev,noexec,relatime)
[0;33m[WARN][0m Host mount: /sys/kernel/tracing (tracefs, rw,seclabel,nosuid,nodev,noexec,relatime)
[0;33m[WARN][0m Host mount: /root/personalization (btrfs, rw,seclabel,relatime,compress=zstd:1,ssd,discard=async,space_cache=v2,subvolid=256,subvol=/root)
[0;33m[WARN][0m Host mount: /root/i.ar (btrfs, rw,seclabel,relatime,compress=zstd:1,ssd,discard=async,space_cache=v2,subvolid=256,subvol=/root)
[0;33m[WARN][0m Host mount: /root/.emacs.d (btrfs, rw,seclabel,relatime,compress=zstd:1,ssd,discard=async,space_cache=v2,subvolid=256,subvol=/root)
[0;33m[WARN][0m Host mount: /root/.emacs.d/gptel-fork (btrfs, rw,seclabel,relatime,compress=zstd:1,ssd,discard=async,space_cache=v2,subvolid=256,subvol=/root)
[0;33m[WARN][0m Host mount: /root/.emacs.d/metaconfig (btrfs, rw,seclabel,relatime,compress=zstd:1,ssd,discard=async,space_cache=v2,subvolid=256,subvol=/root)
[0;33m[WARN][0m Host mount: /root/i.ar/prompts (btrfs, rw,seclabel,relatime,compress=zstd:1,ssd,discard=async,space_cache=v2,subvolid=256,subvol=/root)

============================================
[0;32m  PREFLIGHT PASSED[0m
============================================
Loading /root/.emacs.d/configs/paths.el (source)...
Loading /root/.emacs.d/configs/predicates.el (source)...
Loading /root/.emacs.d/configs/keybindings.el (source)...
Loading /root/.emacs.d/configs/delimiters.el (source)...
Loading /root/.emacs.d/configs/git.el (source)...
Loading /root/.emacs.d/configs/fork.el (source)...
Loading /root/.emacs.d/configs/delegate.el (source)...
Loading /root/.emacs.d/configs/cycle.el (source)...
Loading /root/.emacs.d/configs/loop-guard.el (source)...
Loading /root/.emacs.d/configs/memory.el (source)...
Loading /root/.emacs.d/configs/file-guard.el (source)...
Loading /root/.emacs.d/configs/tool-limits.el (source)...
Loading /root/.emacs.d/configs/tasks.el (source)...
Loading /root/.emacs.d/configs/mcp.el (source)...
Loading /root/.emacs.d/init.d/shared/iar-utils.el (source)...
Loading /root/.emacs.d/init.d/shared/iar-agent-utils.el (source)...
Loading /root/.emacs.d/init.d/core/iar-locale.el (source)...
Loading /root/.emacs.d/init.d/core/iar-package-setup.el (source)...
Loading /root/.emacs.d/init.d/core/iar-ui-cleanup.el (source)...
Loading /root/.emacs.d/init.d/core/iar-evil-mode.el (source)...
Loading /root/.emacs.d/init.d/core/iar-gptel-setup.el (source)...
[gptel] Using fork from /root/.emacs.d/gptel-fork (overriding ELPA package)
Loading /root/.emacs.d/configs/gptel.el (source)...
Loading /root/.emacs.d/init.d/core/iar-mcp-setup.el (source)...
Loading /root/.emacs.d/init.d/tool-call/iar-malformed-args.el (source)...
Loading /root/.emacs.d/init.d/tool-call/iar-tool-call.el (source)...
[tool-call] Layer installed
Loading /root/.emacs.d/init.d/tool-call/iar-tool-result-timestamp.el (source)...
Loading /root/.emacs.d/init.d/tool-call/iar-tool-result-budget.el (source)...
Loading /root/.emacs.d/init.d/tool-call/iar-request-log.el (source)...
[request-log] Witness installed
Loading /root/.emacs.d/init.d/tool-call/iar-context-fence.el (source)...
Loading /root/.emacs.d/init.d/tool-call/iar-msgs-fence.el (source)...
Loading /root/.emacs.d/init.d/tool-call/iar-request-watchdog.el (source)...
[watchdog] Request watchdog installed
Loading /root/.emacs.d/init.d/tool-call/iar-text-mode-detector.el (source)...
Loading /root/.emacs.d/init.d/agent/iar-prompt-loader.el (source)...
Loading /root/.emacs.d/init.d/core/iar-mount-awareness.el (source)...
Loading /root/.emacs.d/init.d/core/iar-rate-limit.el (source)...
Loading /root/.emacs.d/init.d/security/iar-output-sanitizer.el (source)...
Loading /root/.emacs.d/init.d/security/iar-file-guard.el (source)...
Loading /root/.emacs.d/init.d/security/iar-audit-log.el (source)...
Loading /root/.emacs.d/init.d/security/iar-loop-guard.el (source)...
Loading /root/.emacs.d/init.d/security/iar-loop-guard-chain.el (source)...
Loading /root/.emacs.d/init.d/security/iar-tool-guard.el (source)...
Loading /root/.emacs.d/init.d/security/iar-utf8-scrub.el (source)...
Loading /root/.emacs.d/init.d/tools/filesystem/list_directory.el (source)...
Loading /root/.emacs.d/init.d/tools/filesystem/read_file.el (source)...
Loading /root/.emacs.d/init.d/tools/filesystem/write_file.el (source)...
Loading /root/.emacs.d/init.d/tools/filesystem/append_file.el (source)...
Loading /root/.emacs.d/init.d/tools/code/execute_code_local.el (source)...
Loading /root/.emacs.d/init.d/tools/code/execute_code_remote.el (source)...
Loading /root/.emacs.d/init.d/tools/code/check_elisp.el (source)...
Loading /root/.emacs.d/init.d/tools/tasks/read_task.el (source)...
Loading /root/.emacs.d/init.d/tools/tasks/create_task.el (source)...
Loading /root/.emacs.d/init.d/tools/tasks/write_subtask.el (source)...
Loading /root/.emacs.d/init.d/tools/tasks/remove_task.el (source)...
Loading /root/.emacs.d/init.d/tools/tasks/read_history.el (source)...
Loading /root/.emacs.d/init.d/tools/tasks/read_roadmap.el (source)...
Loading /root/.emacs.d/init.d/tools/tasks/write_roadmap.el (source)...
Loading /root/.emacs.d/init.d/tools/notify/telegram.el (source)...
Loading /root/.emacs.d/init.d/tools/git/git_commit.el (source)...
Loading /root/.emacs.d/init.d/tools/knowledge/read_knowledge.el (source)...
Loading /root/.emacs.d/init.d/agent/iar-project-parser.el (source)...
Loading /root/.emacs.d/init.d/agent/iar-prompt-assembly.el (source)...
Loading /root/.emacs.d/init.d/agent/iar-agent-loader.el (source)...
Loading /root/.emacs.d/init.d/agent/iar-knowledge-loader.el (source)...
Loading /root/.emacs.d/init.d/agent/iar-buffer-info.el (source)...
Loading /root/.emacs.d/init.d/tools/agent/delegate.el (source)...
Loading /root/.emacs.d/init.d/tools/agent/reload_os.el (source)...
Loading /root/.emacs.d/init.d/tools/agent/reload_agent.el (source)...
Loading /root/.emacs.d/init.d/tools/agent/read_own_prompt.el (source)...
Loading /root/.emacs.d/init.d/agent/iar-guidelines-checker.el (source)...
Loading /root/.emacs.d/init.d/agent/iar-agent-cycle.el (source)...
Loading /root/.emacs.d/init.d/debug/iar-status-mode.el (source)...
[status-mode] Installed
Loading /root/.emacs.d/init.d/session/iar-quit.el (source)...
[aria] Starting cycle with 3600s timeout (archetype: aria-cycle, project: iar, cycle: aria_daily)
[assembly] DIGEST [iar/aria] 13929 chars (warn at 12000) -- injected full on every request; diet it
[aria] Assembled prompt: 49418 chars (~12354 tokens), 21 tools
[aria] Sending cycle prompt to aria agent...
Querying Ollama...
[loop-guard] SOFT BLOCK: execute_code_local called 3 times identically, sending correction
[aria] Empty 0/0 text-only end (stop=stop, tokens_out=0) -- tombstone, exit 1
[aria] Cycle complete. Turns: 1, Tool calls: 63, Exit: 1
Tokens: 2275133 in / 41328 out / 2316461 total
Requests: 64
[0;31m[ERR][2026-09-12 00:46:55][0m Cycle 1 failed in 550s (exit 1)

[0;34m[INF][2026-09-12 00:49:12][0m --- Cycle 1/1 ---
Already up to date.
============================================
  Preflight Mount Audit — Emacboros
  2026-09-12T03:49:13Z
============================================

--- Phase 1: /proc/mounts scan ---

--- Phase 2: Writability tests ---
[0;32m[PASS][0m /root/.emacs.d/.git/hooks — does not exist
[0;32m[PASS][0m /var/run/docker.sock — does not exist
[0;32m[PASS][0m /etc/cron.d — does not exist
[0;32m[PASS][0m /var/spool/cron — does not exist
[0;32m[PASS][0m /etc/systemd/system — directory is read-only
[0;32m[PASS][0m /etc/systemd — directory is read-only

--- Phase 3: Capability audit ---
[0;32m[PASS][0m CAP_DAC_OVERRIDE (bit 1) is not set — can bypass file read/write/execute permissions
[0;32m[PASS][0m CAP_SYS_ADMIN (bit 21) is not set — broad system administration (mount, namespaces, etc.)
[0;32m[PASS][0m CAP_SETUID (bit 7) is not set — can change process UID
[0;32m[PASS][0m CAP_SETGID (bit 6) is not set — can change process GID
[0;32m[PASS][0m CAP_MKNOD (bit 27) is not set — can create special device files
[0;32m[PASS][0m CAP_NET_RAW (bit 13) is SET (expected) — can create raw network sockets (needed for nmap/traceroute)
[0;32m[PASS][0m CAP_NET_BIND_SERVICE (bit 10) is SET (expected) — can bind to ports < 1024
[0;32m[PASS][0m CAP_FOWNER (bit 3) is not set — can bypass file ownership checks
[0;32m[PASS][0m CAP_SETFCAP (bit 31) is not set — can set file capabilities

--- Phase 4: Host mount audit ---
Writable real-filesystem mounts:
[0;33m[WARN][0m Host mount: /sys/kernel/security (securityfs, rw,nosuid,nodev,noexec,relatime)
[0;33m[WARN][0m Host mount: /sys/fs/cgroup (cgroup2, rw,seclabel,nosuid,nodev,noexec,relatime,nsdelegate,memory_recursiveprot,memory_hugetlb_accounting)
[0;33m[WARN][0m Host mount: /sys/fs/pstore (pstore, rw,seclabel,nosuid,nodev,noexec,relatime)
[0;33m[WARN][0m Host mount: /sys/firmware/efi/efivars (efivarfs, rw,nosuid,nodev,noexec,relatime)
[0;33m[WARN][0m Host mount: /sys/fs/bpf (bpf, rw,nosuid,nodev,noexec,relatime,mode=700)
[0;33m[WARN][0m Host mount: /sys/kernel/config (configfs, rw,nosuid,nodev,noexec,relatime)
[0;33m[WARN][0m Host mount: /sys/fs/selinux (selinuxfs, rw,nosuid,noexec,relatime)
[0;33m[WARN][0m Host mount: /sys/fs/fuse/connections (fusectl, rw,nosuid,nodev,noexec,relatime)
[0;33m[WARN][0m Host mount: /sys/kernel/debug (debugfs, rw,seclabel,nosuid,nodev,noexec,relatime)
[0;33m[WARN][0m Host mount: /sys/kernel/debug/tracing (tracefs, rw,seclabel,nosuid,nodev,noexec,relatime)
[0;33m[WARN][0m Host mount: /sys/kernel/tracing (tracefs, rw,seclabel,nosuid,nodev,noexec,relatime)
[0;33m[WARN][0m Host mount: /root/i.ar (btrfs, rw,seclabel,relatime,compress=zstd:1,ssd,discard=async,space_cache=v2,subvolid=256,subvol=/root)
[0;33m[WARN][0m Host mount: /root/.emacs.d (btrfs, rw,seclabel,relatime,compress=zstd:1,ssd,discard=async,space_cache=v2,subvolid=256,subvol=/root)
[0;33m[WARN][0m Host mount: /root/personalization (btrfs, rw,seclabel,relatime,compress=zstd:1,ssd,discard=async,space_cache=v2,subvolid=256,subvol=/root)
[0;33m[WARN][0m Host mount: /root/.emacs.d/gptel-fork (btrfs, rw,seclabel,relatime,compress=zstd:1,ssd,discard=async,space_cache=v2,subvolid=256,subvol=/root)
[0;33m[WARN][0m Host mount: /root/i.ar/prompts (btrfs, rw,seclabel,relatime,compress=zstd:1,ssd,discard=async,space_cache=v2,subvolid=256,subvol=/root)
[0;33m[WARN][0m Host mount: /root/.emacs.d/metaconfig (btrfs, rw,seclabel,relatime,compress=zstd:1,ssd,discard=async,space_cache=v2,subvolid=256,subvol=/root)

============================================
[0;32m  PREFLIGHT PASSED[0m
============================================
Loading /root/.emacs.d/configs/paths.el (source)...
Loading /root/.emacs.d/configs/predicates.el (source)...
Loading /root/.emacs.d/configs/keybindings.el (source)...
Loading /root/.emacs.d/configs/delimiters.el (source)...
Loading /root/.emacs.d/configs/git.el (source)...
Loading /root/.emacs.d/configs/fork.el (source)...
Loading /root/.emacs.d/configs/delegate.el (source)...
Loading /root/.emacs.d/configs/cycle.el (source)...
Loading /root/.emacs.d/configs/loop-guard.el (source)...
Loading /root/.emacs.d/configs/memory.el (source)...
Loading /root/.emacs.d/configs/file-guard.el (source)...
Loading /root/.emacs.d/configs/tool-limits.el (source)...
Loading /root/.emacs.d/configs/tasks.el (source)...
Loading /root/.emacs.d/configs/mcp.el (source)...
Loading /root/.emacs.d/init.d/shared/iar-utils.el (source)...
Loading /root/.emacs.d/init.d/shared/iar-agent-utils.el (source)...
Loading /root/.emacs.d/init.d/core/iar-locale.el (source)...
Loading /root/.emacs.d/init.d/core/iar-package-setup.el (source)...
Loading /root/.emacs.d/init.d/core/iar-ui-cleanup.el (source)...
Loading /root/.emacs.d/init.d/core/iar-evil-mode.el (source)...
Loading /root/.emacs.d/init.d/core/iar-gptel-setup.el (source)...
[gptel] Using fork from /root/.emacs.d/gptel-fork (overriding ELPA package)
Loading /root/.emacs.d/configs/gptel.el (source)...
Loading /root/.emacs.d/init.d/core/iar-mcp-setup.el (source)...
Loading /root/.emacs.d/init.d/tool-call/iar-malformed-args.el (source)...
Loading /root/.emacs.d/init.d/tool-call/iar-tool-call.el (source)...
[tool-call] Layer installed
Loading /root/.emacs.d/init.d/tool-call/iar-tool-result-timestamp.el (source)...
Loading /root/.emacs.d/init.d/tool-call/iar-tool-result-budget.el (source)...
Loading /root/.emacs.d/init.d/tool-call/iar-request-log.el (source)...
[request-log] Witness installed
Loading /root/.emacs.d/init.d/tool-call/iar-context-fence.el (source)...
Loading /root/.emacs.d/init.d/tool-call/iar-msgs-fence.el (source)...
Loading /root/.emacs.d/init.d/tool-call/iar-request-watchdog.el (source)...
[watchdog] Request watchdog installed
Loading /root/.emacs.d/init.d/tool-call/iar-text-mode-detector.el (source)...
Loading /root/.emacs.d/init.d/agent/iar-prompt-loader.el (source)...
Loading /root/.emacs.d/init.d/core/iar-mount-awareness.el (source)...
Loading /root/.emacs.d/init.d/core/iar-rate-limit.el (source)...
Loading /root/.emacs.d/init.d/security/iar-output-sanitizer.el (source)...
Loading /root/.emacs.d/init.d/security/iar-file-guard.el (source)...
Loading /root/.emacs.d/init.d/security/iar-audit-log.el (source)...
Loading /root/.emacs.d/init.d/security/iar-loop-guard.el (source)...
Loading /root/.emacs.d/init.d/security/iar-loop-guard-chain.el (source)...
Loading /root/.emacs.d/init.d/security/iar-tool-guard.el (source)...
Loading /root/.emacs.d/init.d/security/iar-utf8-scrub.el (source)...
Loading /root/.emacs.d/init.d/tools/filesystem/list_directory.el (source)...
Loading /root/.emacs.d/init.d/tools/filesystem/read_file.el (source)...
Loading /root/.emacs.d/init.d/tools/filesystem/write_file.el (source)...
Loading /root/.emacs.d/init.d/tools/filesystem/append_file.el (source)...
Loading /root/.emacs.d/init.d/tools/code/execute_code_local.el (source)...
Loading /root/.emacs.d/init.d/tools/code/execute_code_remote.el (source)...
Loading /root/.emacs.d/init.d/tools/code/check_elisp.el (source)...
Loading /root/.emacs.d/init.d/tools/tasks/read_task.el (source)...
Loading /root/.emacs.d/init.d/tools/tasks/create_task.el (source)...
Loading /root/.emacs.d/init.d/tools/tasks/write_subtask.el (source)...
Loading /root/.emacs.d/init.d/tools/tasks/remove_task.el (source)...
Loading /root/.emacs.d/init.d/tools/tasks/read_history.el (source)...
Loading /root/.emacs.d/init.d/tools/tasks/read_roadmap.el (source)...
Loading /root/.emacs.d/init.d/tools/tasks/write_roadmap.el (source)...
Loading /root/.emacs.d/init.d/tools/notify/telegram.el (source)...
Loading /root/.emacs.d/init.d/tools/git/git_commit.el (source)...
Loading /root/.emacs.d/init.d/tools/knowledge/read_knowledge.el (source)...
Loading /root/.emacs.d/init.d/agent/iar-project-parser.el (source)...
Loading /root/.emacs.d/init.d/agent/iar-prompt-assembly.el (source)...
Loading /root/.emacs.d/init.d/agent/iar-agent-loader.el (source)...
Loading /root/.emacs.d/init.d/agent/iar-knowledge-loader.el (source)...
Loading /root/.emacs.d/init.d/agent/iar-buffer-info.el (source)...
Loading /root/.emacs.d/init.d/tools/agent/delegate.el (source)...
Loading /root/.emacs.d/init.d/tools/agent/reload_os.el (source)...
Loading /root/.emacs.d/init.d/tools/agent/reload_agent.el (source)...
Loading /root/.emacs.d/init.d/tools/agent/read_own_prompt.el (source)...
Loading /root/.emacs.d/init.d/agent/iar-guidelines-checker.el (source)...
Loading /root/.emacs.d/init.d/agent/iar-agent-cycle.el (source)...
Loading /root/.emacs.d/init.d/debug/iar-status-mode.el (source)...
[status-mode] Installed
Loading /root/.emacs.d/init.d/session/iar-quit.el (source)...
[aria] Starting cycle with 3600s timeout (archetype: aria-cycle, project: iar, cycle: aria_daily)
[assembly] DIGEST [iar/aria] 13929 chars (warn at 12000) -- injected full on every request; diet it
[aria] Assembled prompt: 49547 chars (~12386 tokens), 21 tools
[aria] Sending cycle prompt to aria agent...
Querying Ollama...
[aria] Same-tool warning: 100 calls to execute_code_local this cycle -- one call blocked with notice
[aria] Cycle complete. Turns: 1, Tool calls: 130, Exit: 0
Tokens: 9153734 in / 72068 out / 9225802 total
Requests: 131
[0;32m[INF][2026-09-12 01:00:12][0m Cycle 1 succeeded in 660s (exit 0)

[0;34m[INF][2026-09-12 01:05:35][0m --- Cycle 1/1 ---
Already up to date.
============================================
  Preflight Mount Audit — Emacboros
  2026-09-12T04:05:36Z
============================================

--- Phase 1: /proc/mounts scan ---

--- Phase 2: Writability tests ---
[0;32m[PASS][0m /root/.emacs.d/.git/hooks — does not exist
[0;32m[PASS][0m /var/run/docker.sock — does not exist
[0;32m[PASS][0m /etc/cron.d — does not exist
[0;32m[PASS][0m /var/spool/cron — does not exist
[0;32m[PASS][0m /etc/systemd/system — directory is read-only
[0;32m[PASS][0m /etc/systemd — directory is read-only

--- Phase 3: Capability audit ---
[0;32m[PASS][0m CAP_DAC_OVERRIDE (bit 1) is not set — can bypass file read/write/execute permissions
[0;32m[PASS][0m CAP_SYS_ADMIN (bit 21) is not set — broad system administration (mount, namespaces, etc.)
[0;32m[PASS][0m CAP_SETUID (bit 7) is not set — can change process UID
[0;32m[PASS][0m CAP_SETGID (bit 6) is not set — can change process GID
[0;32m[PASS][0m CAP_MKNOD (bit 27) is not set — can create special device files
[0;32m[PASS][0m CAP_NET_RAW (bit 13) is SET (expected) — can create raw network sockets (needed for nmap/traceroute)
[0;32m[PASS][0m CAP_NET_BIND_SERVICE (bit 10) is SET (expected) — can bind to ports < 1024
[0;32m[PASS][0m CAP_FOWNER (bit 3) is not set — can bypass file ownership checks
[0;32m[PASS][0m CAP_SETFCAP (bit 31) is not set — can set file capabilities

--- Phase 4: Host mount audit ---
Writable real-filesystem mounts:
[0;33m[WARN][0m Host mount: /sys/kernel/security (securityfs, rw,nosuid,nodev,noexec,relatime)
[0;33m[WARN][0m Host mount: /sys/fs/cgroup (cgroup2, rw,seclabel,nosuid,nodev,noexec,relatime,nsdelegate,memory_recursiveprot,memory_hugetlb_accounting)
[0;33m[WARN][0m Host mount: /sys/fs/pstore (pstore, rw,seclabel,nosuid,nodev,noexec,relatime)
[0;33m[WARN][0m Host mount: /sys/firmware/efi/efivars (efivarfs, rw,nosuid,nodev,noexec,relatime)
[0;33m[WARN][0m Host mount: /sys/fs/bpf (bpf, rw,nosuid,nodev,noexec,relatime,mode=700)
[0;33m[WARN][0m Host mount: /sys/kernel/config (configfs, rw,nosuid,nodev,noexec,relatime)
[0;33m[WARN][0m Host mount: /sys/fs/selinux (selinuxfs, rw,nosuid,noexec,relatime)
[0;33m[WARN][0m Host mount: /sys/fs/fuse/connections (fusectl, rw,nosuid,nodev,noexec,relatime)
[0;33m[WARN][0m Host mount: /sys/kernel/debug (debugfs, rw,seclabel,nosuid,nodev,noexec,relatime)
[0;33m[WARN][0m Host mount: /sys/kernel/debug/tracing (tracefs, rw,seclabel,nosuid,nodev,noexec,relatime)
[0;33m[WARN][0m Host mount: /sys/kernel/tracing (tracefs, rw,seclabel,nosuid,nodev,noexec,relatime)
[0;33m[WARN][0m Host mount: /root/i.ar (btrfs, rw,seclabel,relatime,compress=zstd:1,ssd,discard=async,space_cache=v2,subvolid=256,subvol=/root)
[0;33m[WARN][0m Host mount: /root/.emacs.d (btrfs, rw,seclabel,relatime,compress=zstd:1,ssd,discard=async,space_cache=v2,subvolid=256,subvol=/root)
[0;33m[WARN][0m Host mount: /root/personalization (btrfs, rw,seclabel,relatime,compress=zstd:1,ssd,discard=async,space_cache=v2,subvolid=256,subvol=/root)
[0;33m[WARN][0m Host mount: /root/.emacs.d/gptel-fork (btrfs, rw,seclabel,relatime,compress=zstd:1,ssd,discard=async,space_cache=v2,subvolid=256,subvol=/root)
[0;33m[WARN][0m Host mount: /root/.emacs.d/metaconfig (btrfs, rw,seclabel,relatime,compress=zstd:1,ssd,discard=async,space_cache=v2,subvolid=256,subvol=/root)
[0;33m[WARN][0m Host mount: /root/i.ar/prompts (btrfs, rw,seclabel,relatime,compress=zstd:1,ssd,discard=async,space_cache=v2,subvolid=256,subvol=/root)

============================================
[0;32m  PREFLIGHT PASSED[0m
============================================
Loading /root/.emacs.d/configs/paths.el (source)...
Loading /root/.emacs.d/configs/predicates.el (source)...
Loading /root/.emacs.d/configs/keybindings.el (source)...
Loading /root/.emacs.d/configs/delimiters.el (source)...
Loading /root/.emacs.d/configs/git.el (source)...
Loading /root/.emacs.d/configs/fork.el (source)...
Loading /root/.emacs.d/configs/delegate.el (source)...
Loading /root/.emacs.d/configs/cycle.el (source)...
Loading /root/.emacs.d/configs/loop-guard.el (source)...
Loading /root/.emacs.d/configs/memory.el (source)...
Loading /root/.emacs.d/configs/file-guard.el (source)...
Loading /root/.emacs.d/configs/tool-limits.el (source)...
Loading /root/.emacs.d/configs/tasks.el (source)...
Loading /root/.emacs.d/configs/mcp.el (source)...
Loading /root/.emacs.d/init.d/shared/iar-utils.el (source)...
Loading /root/.emacs.d/init.d/shared/iar-agent-utils.el (source)...
Loading /root/.emacs.d/init.d/core/iar-locale.el (source)...
Loading /root/.emacs.d/init.d/core/iar-package-setup.el (source)...
Loading /root/.emacs.d/init.d/core/iar-ui-cleanup.el (source)...
Loading /root/.emacs.d/init.d/core/iar-evil-mode.el (source)...
Loading /root/.emacs.d/init.d/core/iar-gptel-setup.el (source)...
[gptel] Using fork from /root/.emacs.d/gptel-fork (overriding ELPA package)
Loading /root/.emacs.d/configs/gptel.el (source)...
Loading /root/.emacs.d/init.d/core/iar-mcp-setup.el (source)...
Loading /root/.emacs.d/init.d/tool-call/iar-malformed-args.el (source)...
Loading /root/.emacs.d/init.d/tool-call/iar-tool-call.el (source)...
[tool-call] Layer installed
Loading /root/.emacs.d/init.d/tool-call/iar-tool-result-timestamp.el (source)...
Loading /root/.emacs.d/init.d/tool-call/iar-tool-result-budget.el (source)...
Loading /root/.emacs.d/init.d/tool-call/iar-request-log.el (source)...
[request-log] Witness installed
Loading /root/.emacs.d/init.d/tool-call/iar-context-fence.el (source)...
Loading /root/.emacs.d/init.d/tool-call/iar-msgs-fence.el (source)...
Loading /root/.emacs.d/init.d/tool-call/iar-request-watchdog.el (source)...
[watchdog] Request watchdog installed
Loading /root/.emacs.d/init.d/tool-call/iar-text-mode-detector.el (source)...
Loading /root/.emacs.d/init.d/agent/iar-prompt-loader.el (source)...
Loading /root/.emacs.d/init.d/core/iar-mount-awareness.el (source)...
Loading /root/.emacs.d/init.d/core/iar-rate-limit.el (source)...
Loading /root/.emacs.d/init.d/security/iar-output-sanitizer.el (source)...
Loading /root/.emacs.d/init.d/security/iar-file-guard.el (source)...
Loading /root/.emacs.d/init.d/security/iar-audit-log.el (source)...
Loading /root/.emacs.d/init.d/security/iar-loop-guard.el (source)...
Loading /root/.emacs.d/init.d/security/iar-loop-guard-chain.el (source)...
Loading /root/.emacs.d/init.d/security/iar-tool-guard.el (source)...
Loading /root/.emacs.d/init.d/security/iar-utf8-scrub.el (source)...
Loading /root/.emacs.d/init.d/tools/filesystem/list_directory.el (source)...
Loading /root/.emacs.d/init.d/tools/filesystem/read_file.el (source)...
Loading /root/.emacs.d/init.d/tools/filesystem/write_file.el (source)...
Loading /root/.emacs.d/init.d/tools/filesystem/append_file.el (source)...
Loading /root/.emacs.d/init.d/tools/code/execute_code_local.el (source)...
Loading /root/.emacs.d/init.d/tools/code/execute_code_remote.el (source)...
Loading /root/.emacs.d/init.d/tools/code/check_elisp.el (source)...
Loading /root/.emacs.d/init.d/tools/tasks/read_task.el (source)...
Loading /root/.emacs.d/init.d/tools/tasks/create_task.el (source)...
Loading /root/.emacs.d/init.d/tools/tasks/write_subtask.el (source)...
Loading /root/.emacs.d/init.d/tools/tasks/remove_task.el (source)...
Loading /root/.emacs.d/init.d/tools/tasks/read_history.el (source)...
Loading /root/.emacs.d/init.d/tools/tasks/read_roadmap.el (source)...
Loading /root/.emacs.d/init.d/tools/tasks/write_roadmap.el (source)...
Loading /root/.emacs.d/init.d/tools/notify/telegram.el (source)...
Loading /root/.emacs.d/init.d/tools/git/git_commit.el (source)...
Loading /root/.emacs.d/init.d/tools/knowledge/read_knowledge.el (source)...
Loading /root/.emacs.d/init.d/agent/iar-project-parser.el (source)...
Loading /root/.emacs.d/init.d/agent/iar-prompt-assembly.el (source)...
Loading /root/.emacs.d/init.d/agent/iar-agent-loader.el (source)...
Loading /root/.emacs.d/init.d/agent/iar-knowledge-loader.el (source)...
Loading /root/.emacs.d/init.d/agent/iar-buffer-info.el (source)...
Loading /root/.emacs.d/init.d/tools/agent/delegate.el (source)...
Loading /root/.emacs.d/init.d/tools/agent/reload_os.el (source)...
Loading /root/.emacs.d/init.d/tools/agent/reload_agent.el (source)...
Loading /root/.emacs.d/init.d/tools/agent/read_own_prompt.el (source)...
Loading /root/.emacs.d/init.d/agent/iar-guidelines-checker.el (source)...
Loading /root/.emacs.d/init.d/agent/iar-agent-cycle.el (source)...
Loading /root/.emacs.d/init.d/debug/iar-status-mode.el (source)...
[status-mode] Installed
Loading /root/.emacs.d/init.d/session/iar-quit.el (source)...
[aria] Starting cycle with 3600s timeout (archetype: aria-cycle, project: iar, cycle: aria_daily)
[aria] Assembled prompt: 47571 chars (~11892 tokens), 21 tools
[aria] Sending cycle prompt to aria agent...
Querying Ollama...
[aria] Cycle complete. Turns: 1, Tool calls: 72, Exit: 0
Tokens: 2477288 in / 21161 out / 2498449 total
Requests: 73
[0;32m[INF][2026-09-12 01:20:48][0m Cycle 1 succeeded in 913s (exit 0)

[0;34m[INF][2026-09-12 01:31:17][0m --- Cycle 1/1 ---
Already up to date.
============================================
  Preflight Mount Audit — Emacboros
  2026-09-12T04:31:18Z
============================================

--- Phase 1: /proc/mounts scan ---

--- Phase 2: Writability tests ---
[0;32m[PASS][0m /root/.emacs.d/.git/hooks — does not exist
[0;32m[PASS][0m /var/run/docker.sock — does not exist
[0;32m[PASS][0m /etc/cron.d — does not exist
[0;32m[PASS][0m /var/spool/cron — does not exist
[0;32m[PASS][0m /etc/systemd/system — directory is read-only
[0;32m[PASS][0m /etc/systemd — directory is read-only

--- Phase 3: Capability audit ---
[0;32m[PASS][0m CAP_DAC_OVERRIDE (bit 1) is not set — can bypass file read/write/execute permissions
[0;32m[PASS][0m CAP_SYS_ADMIN (bit 21) is not set — broad system administration (mount, namespaces, etc.)
[0;32m[PASS][0m CAP_SETUID (bit 7) is not set — can change process UID
[0;32m[PASS][0m CAP_SETGID (bit 6) is not set — can change process GID
[0;32m[PASS][0m CAP_MKNOD (bit 27) is not set — can create special device files
[0;32m[PASS][0m CAP_NET_RAW (bit 13) is SET (expected) — can create raw network sockets (needed for nmap/traceroute)
[0;32m[PASS][0m CAP_NET_BIND_SERVICE (bit 10) is SET (expected) — can bind to ports < 1024
[0;32m[PASS][0m CAP_FOWNER (bit 3) is not set — can bypass file ownership checks
[0;32m[PASS][0m CAP_SETFCAP (bit 31) is not set — can set file capabilities

--- Phase 4: Host mount audit ---
Writable real-filesystem mounts:
[0;33m[WARN][0m Host mount: /sys/kernel/security (securityfs, rw,nosuid,nodev,noexec,relatime)
[0;33m[WARN][0m Host mount: /sys/fs/cgroup (cgroup2, rw,seclabel,nosuid,nodev,noexec,relatime,nsdelegate,memory_recursiveprot,memory_hugetlb_accounting)
[0;33m[WARN][0m Host mount: /sys/fs/pstore (pstore, rw,seclabel,nosuid,nodev,noexec,relatime)
[0;33m[WARN][0m Host mount: /sys/firmware/efi/efivars (efivarfs, rw,nosuid,nodev,noexec,relatime)
[0;33m[WARN][0m Host mount: /sys/fs/bpf (bpf, rw,nosuid,nodev,noexec,relatime,mode=700)
[0;33m[WARN][0m Host mount: /sys/kernel/config (configfs, rw,nosuid,nodev,noexec,relatime)
[0;33m[WARN][0m Host mount: /sys/fs/selinux (selinuxfs, rw,nosuid,noexec,relatime)
[0;33m[WARN][0m Host mount: /sys/fs/fuse/connections (fusectl, rw,nosuid,nodev,noexec,relatime)
[0;33m[WARN][0m Host mount: /sys/kernel/debug (debugfs, rw,seclabel,nosuid,nodev,noexec,relatime)
[0;33m[WARN][0m Host mount: /sys/kernel/debug/tracing (tracefs, rw,seclabel,nosuid,nodev,noexec,relatime)
[0;33m[WARN][0m Host mount: /sys/kernel/tracing (tracefs, rw,seclabel,nosuid,nodev,noexec,relatime)
[0;33m[WARN][0m Host mount: /root/personalization (btrfs, rw,seclabel,relatime,compress=zstd:1,ssd,discard=async,space_cache=v2,subvolid=256,subvol=/root)
[0;33m[WARN][0m Host mount: /root/i.ar (btrfs, rw,seclabel,relatime,compress=zstd:1,ssd,discard=async,space_cache=v2,subvolid=256,subvol=/root)
[0;33m[WARN][0m Host mount: /root/.emacs.d (btrfs, rw,seclabel,relatime,compress=zstd:1,ssd,discard=async,space_cache=v2,subvolid=256,subvol=/root)
[0;33m[WARN][0m Host mount: /root/.emacs.d/gptel-fork (btrfs, rw,seclabel,relatime,compress=zstd:1,ssd,discard=async,space_cache=v2,subvolid=256,subvol=/root)
[0;33m[WARN][0m Host mount: /root/.emacs.d/metaconfig (btrfs, rw,seclabel,relatime,compress=zstd:1,ssd,discard=async,space_cache=v2,subvolid=256,subvol=/root)
[0;33m[WARN][0m Host mount: /root/i.ar/prompts (btrfs, rw,seclabel,relatime,compress=zstd:1,ssd,discard=async,space_cache=v2,subvolid=256,subvol=/root)

============================================
[0;32m  PREFLIGHT PASSED[0m
============================================
Loading /root/.emacs.d/configs/paths.el (source)...
Loading /root/.emacs.d/configs/predicates.el (source)...
Loading /root/.emacs.d/configs/keybindings.el (source)...
Loading /root/.emacs.d/configs/delimiters.el (source)...
Loading /root/.emacs.d/configs/git.el (source)...
Loading /root/.emacs.d/configs/fork.el (source)...
Loading /root/.emacs.d/configs/delegate.el (source)...
Loading /root/.emacs.d/configs/cycle.el (source)...
Loading /root/.emacs.d/configs/loop-guard.el (source)...
Loading /root/.emacs.d/configs/memory.el (source)...
Loading /root/.emacs.d/configs/file-guard.el (source)...
Loading /root/.emacs.d/configs/tool-limits.el (source)...
Loading /root/.emacs.d/configs/tasks.el (source)...
Loading /root/.emacs.d/configs/mcp.el (source)...
Loading /root/.emacs.d/init.d/shared/iar-utils.el (source)...
Loading /root/.emacs.d/init.d/shared/iar-agent-utils.el (source)...
Loading /root/.emacs.d/init.d/core/iar-locale.el (source)...
Loading /root/.emacs.d/init.d/core/iar-package-setup.el (source)...
Loading /root/.emacs.d/init.d/core/iar-ui-cleanup.el (source)...
Loading /root/.emacs.d/init.d/core/iar-evil-mode.el (source)...
Loading /root/.emacs.d/init.d/core/iar-gptel-setup.el (source)...
[gptel] Using fork from /root/.emacs.d/gptel-fork (overriding ELPA package)
Loading /root/.emacs.d/configs/gptel.el (source)...
Loading /root/.emacs.d/init.d/core/iar-mcp-setup.el (source)...
Loading /root/.emacs.d/init.d/tool-call/iar-malformed-args.el (source)...
Loading /root/.emacs.d/init.d/tool-call/iar-tool-call.el (source)...
[tool-call] Layer installed
Loading /root/.emacs.d/init.d/tool-call/iar-tool-result-timestamp.el (source)...
Loading /root/.emacs.d/init.d/tool-call/iar-tool-result-budget.el (source)...
Loading /root/.emacs.d/init.d/tool-call/iar-request-log.el (source)...
[request-log] Witness installed
Loading /root/.emacs.d/init.d/tool-call/iar-context-fence.el (source)...
Loading /root/.emacs.d/init.d/tool-call/iar-msgs-fence.el (source)...
Loading /root/.emacs.d/init.d/tool-call/iar-request-watchdog.el (source)...
[watchdog] Request watchdog installed
Loading /root/.emacs.d/init.d/tool-call/iar-text-mode-detector.el (source)...
Loading /root/.emacs.d/init.d/agent/iar-prompt-loader.el (source)...
Loading /root/.emacs.d/init.d/core/iar-mount-awareness.el (source)...
Loading /root/.emacs.d/init.d/core/iar-rate-limit.el (source)...
Loading /root/.emacs.d/init.d/security/iar-output-sanitizer.el (source)...
Loading /root/.emacs.d/init.d/security/iar-file-guard.el (source)...
Loading /root/.emacs.d/init.d/security/iar-audit-log.el (source)...
Loading /root/.emacs.d/init.d/security/iar-loop-guard.el (source)...
Loading /root/.emacs.d/init.d/security/iar-loop-guard-chain.el (source)...
Loading /root/.emacs.d/init.d/security/iar-tool-guard.el (source)...
Loading /root/.emacs.d/init.d/security/iar-utf8-scrub.el (source)...
Loading /root/.emacs.d/init.d/tools/filesystem/list_directory.el (source)...
Loading /root/.emacs.d/init.d/tools/filesystem/read_file.el (source)...
Loading /root/.emacs.d/init.d/tools/filesystem/write_file.el (source)...
Loading /root/.emacs.d/init.d/tools/filesystem/append_file.el (source)...
Loading /root/.emacs.d/init.d/tools/code/execute_code_local.el (source)...
Loading /root/.emacs.d/init.d/tools/code/execute_code_remote.el (source)...
Loading /root/.emacs.d/init.d/tools/code/check_elisp.el (source)...
Loading /root/.emacs.d/init.d/tools/tasks/read_task.el (source)...
Loading /root/.emacs.d/init.d/tools/tasks/create_task.el (source)...
Loading /root/.emacs.d/init.d/tools/tasks/write_subtask.el (source)...
Loading /root/.emacs.d/init.d/tools/tasks/remove_task.el (source)...
Loading /root/.emacs.d/init.d/tools/tasks/read_history.el (source)...
Loading /root/.emacs.d/init.d/tools/tasks/read_roadmap.el (source)...
Loading /root/.emacs.d/init.d/tools/tasks/write_roadmap.el (source)...
Loading /root/.emacs.d/init.d/tools/notify/telegram.el (source)...
Loading /root/.emacs.d/init.d/tools/git/git_commit.el (source)...
Loading /root/.emacs.d/init.d/tools/knowledge/read_knowledge.el (source)...
Loading /root/.emacs.d/init.d/agent/iar-project-parser.el (source)...
Loading /root/.emacs.d/init.d/agent/iar-prompt-assembly.el (source)...
Loading /root/.emacs.d/init.d/agent/iar-agent-loader.el (source)...
Loading /root/.emacs.d/init.d/agent/iar-knowledge-loader.el (source)...
Loading /root/.emacs.d/init.d/agent/iar-buffer-info.el (source)...
Loading /root/.emacs.d/init.d/tools/agent/delegate.el (source)...
Loading /root/.emacs.d/init.d/tools/agent/reload_os.el (source)...
Loading /root/.emacs.d/init.d/tools/agent/reload_agent.el (source)...
Loading /root/.emacs.d/init.d/tools/agent/read_own_prompt.el (source)...
Loading /root/.emacs.d/init.d/agent/iar-guidelines-checker.el (source)...
Loading /root/.emacs.d/init.d/agent/iar-agent-cycle.el (source)...
Loading /root/.emacs.d/init.d/debug/iar-status-mode.el (source)...
[status-mode] Installed
Loading /root/.emacs.d/init.d/session/iar-quit.el (source)...
[aria] Starting cycle with 3600s timeout (archetype: aria-cycle, project: iar, cycle: aria_daily)
[aria] Assembled prompt: 47667 chars (~11916 tokens), 21 tools
[aria] Sending cycle prompt to aria agent...
Querying Ollama...
[aria] Cycle complete. Turns: 1, Tool calls: 33, Exit: 0
Tokens: 951180 in / 20739 out / 971919 total
Requests: 34
[0;32m[INF][2026-09-12 01:35:13][0m Cycle 1 succeeded in 236s (exit 0)

[0;34m[INF][2026-09-12 01:41:34][0m --- Cycle 1/1 ---
Already up to date.
============================================
  Preflight Mount Audit — Emacboros
  2026-09-12T04:41:34Z
============================================

--- Phase 1: /proc/mounts scan ---

--- Phase 2: Writability tests ---
[0;32m[PASS][0m /root/.emacs.d/.git/hooks — does not exist
[0;32m[PASS][0m /var/run/docker.sock — does not exist
[0;32m[PASS][0m /etc/cron.d — does not exist
[0;32m[PASS][0m /var/spool/cron — does not exist
[0;32m[PASS][0m /etc/systemd/system — directory is read-only
[0;32m[PASS][0m /etc/systemd — directory is read-only

--- Phase 3: Capability audit ---
[0;32m[PASS][0m CAP_DAC_OVERRIDE (bit 1) is not set — can bypass file read/write/execute permissions
[0;32m[PASS][0m CAP_SYS_ADMIN (bit 21) is not set — broad system administration (mount, namespaces, etc.)
[0;32m[PASS][0m CAP_SETUID (bit 7) is not set — can change process UID
[0;32m[PASS][0m CAP_SETGID (bit 6) is not set — can change process GID
[0;32m[PASS][0m CAP_MKNOD (bit 27) is not set — can create special device files
[0;32m[PASS][0m CAP_NET_RAW (bit 13) is SET (expected) — can create raw network sockets (needed for nmap/traceroute)
[0;32m[PASS][0m CAP_NET_BIND_SERVICE (bit 10) is SET (expected) — can bind to ports < 1024
[0;32m[PASS][0m CAP_FOWNER (bit 3) is not set — can bypass file ownership checks
[0;32m[PASS][0m CAP_SETFCAP (bit 31) is not set — can set file capabilities

--- Phase 4: Host mount audit ---
Writable real-filesystem mounts:
[0;33m[WARN][0m Host mount: /sys/kernel/security (securityfs, rw,nosuid,nodev,noexec,relatime)
[0;33m[WARN][0m Host mount: /sys/fs/cgroup (cgroup2, rw,seclabel,nosuid,nodev,noexec,relatime,nsdelegate,memory_recursiveprot,memory_hugetlb_accounting)
[0;33m[WARN][0m Host mount: /sys/fs/pstore (pstore, rw,seclabel,nosuid,nodev,noexec,relatime)
[0;33m[WARN][0m Host mount: /sys/firmware/efi/efivars (efivarfs, rw,nosuid,nodev,noexec,relatime)
[0;33m[WARN][0m Host mount: /sys/fs/bpf (bpf, rw,nosuid,nodev,noexec,relatime,mode=700)
[0;33m[WARN][0m Host mount: /sys/kernel/config (configfs, rw,nosuid,nodev,noexec,relatime)
[0;33m[WARN][0m Host mount: /sys/fs/selinux (selinuxfs, rw,nosuid,noexec,relatime)
[0;33m[WARN][0m Host mount: /sys/fs/fuse/connections (fusectl, rw,nosuid,nodev,noexec,relatime)
[0;33m[WARN][0m Host mount: /sys/kernel/debug (debugfs, rw,seclabel,nosuid,nodev,noexec,relatime)
[0;33m[WARN][0m Host mount: /sys/kernel/debug/tracing (tracefs, rw,seclabel,nosuid,nodev,noexec,relatime)
[0;33m[WARN][0m Host mount: /sys/kernel/tracing (tracefs, rw,seclabel,nosuid,nodev,noexec,relatime)
[0;33m[WARN][0m Host mount: /root/.emacs.d (btrfs, rw,seclabel,relatime,compress=zstd:1,ssd,discard=async,space_cache=v2,subvolid=256,subvol=/root)
[0;33m[WARN][0m Host mount: /root/i.ar (btrfs, rw,seclabel,relatime,compress=zstd:1,ssd,discard=async,space_cache=v2,subvolid=256,subvol=/root)
[0;33m[WARN][0m Host mount: /root/personalization (btrfs, rw,seclabel,relatime,compress=zstd:1,ssd,discard=async,space_cache=v2,subvolid=256,subvol=/root)
[0;33m[WARN][0m Host mount: /root/.emacs.d/gptel-fork (btrfs, rw,seclabel,relatime,compress=zstd:1,ssd,discard=async,space_cache=v2,subvolid=256,subvol=/root)
[0;33m[WARN][0m Host mount: /root/i.ar/prompts (btrfs, rw,seclabel,relatime,compress=zstd:1,ssd,discard=async,space_cache=v2,subvolid=256,subvol=/root)
[0;33m[WARN][0m Host mount: /root/.emacs.d/metaconfig (btrfs, rw,seclabel,relatime,compress=zstd:1,ssd,discard=async,space_cache=v2,subvolid=256,subvol=/root)

============================================
[0;32m  PREFLIGHT PASSED[0m
============================================
Loading /root/.emacs.d/configs/paths.el (source)...
Loading /root/.emacs.d/configs/predicates.el (source)...
Loading /root/.emacs.d/configs/keybindings.el (source)...
Loading /root/.emacs.d/configs/delimiters.el (source)...
Loading /root/.emacs.d/configs/git.el (source)...
Loading /root/.emacs.d/configs/fork.el (source)...
Loading /root/.emacs.d/configs/delegate.el (source)...
Loading /root/.emacs.d/configs/cycle.el (source)...
Loading /root/.emacs.d/configs/loop-guard.el (source)...
Loading /root/.emacs.d/configs/memory.el (source)...
Loading /root/.emacs.d/configs/file-guard.el (source)...
Loading /root/.emacs.d/configs/tool-limits.el (source)...
Loading /root/.emacs.d/configs/tasks.el (source)...
Loading /root/.emacs.d/configs/mcp.el (source)...
Loading /root/.emacs.d/init.d/shared/iar-utils.el (source)...
Loading /root/.emacs.d/init.d/shared/iar-agent-utils.el (source)...
Loading /root/.emacs.d/init.d/core/iar-locale.el (source)...
Loading /root/.emacs.d/init.d/core/iar-package-setup.el (source)...
Loading /root/.emacs.d/init.d/core/iar-ui-cleanup.el (source)...
Loading /root/.emacs.d/init.d/core/iar-evil-mode.el (source)...
Loading /root/.emacs.d/init.d/core/iar-gptel-setup.el (source)...
[gptel] Using fork from /root/.emacs.d/gptel-fork (overriding ELPA package)
Loading /root/.emacs.d/configs/gptel.el (source)...
Loading /root/.emacs.d/init.d/core/iar-mcp-setup.el (source)...
Loading /root/.emacs.d/init.d/tool-call/iar-malformed-args.el (source)...
Loading /root/.emacs.d/init.d/tool-call/iar-tool-call.el (source)...
[tool-call] Layer installed
Loading /root/.emacs.d/init.d/tool-call/iar-tool-result-timestamp.el (source)...
Loading /root/.emacs.d/init.d/tool-call/iar-tool-result-budget.el (source)...
Loading /root/.emacs.d/init.d/tool-call/iar-request-log.el (source)...
[request-log] Witness installed
Loading /root/.emacs.d/init.d/tool-call/iar-context-fence.el (source)...
Loading /root/.emacs.d/init.d/tool-call/iar-msgs-fence.el (source)...
Loading /root/.emacs.d/init.d/tool-call/iar-request-watchdog.el (source)...
[watchdog] Request watchdog installed
Loading /root/.emacs.d/init.d/tool-call/iar-text-mode-detector.el (source)...
Loading /root/.emacs.d/init.d/agent/iar-prompt-loader.el (source)...
Loading /root/.emacs.d/init.d/core/iar-mount-awareness.el (source)...
Loading /root/.emacs.d/init.d/core/iar-rate-limit.el (source)...
Loading /root/.emacs.d/init.d/security/iar-output-sanitizer.el (source)...
Loading /root/.emacs.d/init.d/security/iar-file-guard.el (source)...
Loading /root/.emacs.d/init.d/security/iar-audit-log.el (source)...
Loading /root/.emacs.d/init.d/security/iar-loop-guard.el (source)...
Loading /root/.emacs.d/init.d/security/iar-loop-guard-chain.el (source)...
Loading /root/.emacs.d/init.d/security/iar-tool-guard.el (source)...
Loading /root/.emacs.d/init.d/security/iar-utf8-scrub.el (source)...
Loading /root/.emacs.d/init.d/tools/filesystem/list_directory.el (source)...
Loading /root/.emacs.d/init.d/tools/filesystem/read_file.el (source)...
Loading /root/.emacs.d/init.d/tools/filesystem/write_file.el (source)...
Loading /root/.emacs.d/init.d/tools/filesystem/append_file.el (source)...
Loading /root/.emacs.d/init.d/tools/code/execute_code_local.el (source)...
Loading /root/.emacs.d/init.d/tools/code/execute_code_remote.el (source)...
Loading /root/.emacs.d/init.d/tools/code/check_elisp.el (source)...
Loading /root/.emacs.d/init.d/tools/tasks/read_task.el (source)...
Loading /root/.emacs.d/init.d/tools/tasks/create_task.el (source)...
Loading /root/.emacs.d/init.d/tools/tasks/write_subtask.el (source)...
Loading /root/.emacs.d/init.d/tools/tasks/remove_task.el (source)...
Loading /root/.emacs.d/init.d/tools/tasks/read_history.el (source)...
Loading /root/.emacs.d/init.d/tools/tasks/read_roadmap.el (source)...
Loading /root/.emacs.d/init.d/tools/tasks/write_roadmap.el (source)...
Loading /root/.emacs.d/init.d/tools/notify/telegram.el (source)...
Loading /root/.emacs.d/init.d/tools/git/git_commit.el (source)...
Loading /root/.emacs.d/init.d/tools/knowledge/read_knowledge.el (source)...
Loading /root/.emacs.d/init.d/agent/iar-project-parser.el (source)...
Loading /root/.emacs.d/init.d/agent/iar-prompt-assembly.el (source)...
Loading /root/.emacs.d/init.d/agent/iar-agent-loader.el (source)...
Loading /root/.emacs.d/init.d/agent/iar-knowledge-loader.el (source)...
Loading /root/.emacs.d/init.d/agent/iar-buffer-info.el (source)...
Loading /root/.emacs.d/init.d/tools/agent/delegate.el (source)...
Loading /root/.emacs.d/init.d/tools/agent/reload_os.el (source)...
Loading /root/.emacs.d/init.d/tools/agent/reload_agent.el (source)...
Loading /root/.emacs.d/init.d/tools/agent/read_own_prompt.el (source)...
Loading /root/.emacs.d/init.d/agent/iar-guidelines-checker.el (source)...
Loading /root/.emacs.d/init.d/agent/iar-agent-cycle.el (source)...
Loading /root/.emacs.d/init.d/debug/iar-status-mode.el (source)...
[status-mode] Installed
Loading /root/.emacs.d/init.d/session/iar-quit.el (source)...
[aria] Starting cycle with 3600s timeout (archetype: aria-cycle, project: iar, cycle: aria_daily)
[aria] Assembled prompt: 47805 chars (~11951 tokens), 21 tools
[aria] Sending cycle prompt to aria agent...
Querying Ollama...
[aria] Same-tool warning: 100 calls to execute_code_local this cycle -- one call blocked with notice
[aria] Tool-call budget warning (150/300) -- one call blocked with notice
[aria] Msgs soft cap warning (msgs 401 >= 400) -- one call blocked with notice
[aria] Msgs hard cap (601 msgs >= 600) -- blocking tool, demanding summary (block 1/5)
[aria] Cycle complete. Turns: 1, Tool calls: 300, Exit: 0
Tokens: 26963875 in / 56423 out / 27020298 total
Requests: 301
[0;32m[INF][2026-09-12 02:03:18][0m Cycle 1 succeeded in 1304s (exit 0)

[0;34m[INF][2026-09-12 02:10:45][0m --- Cycle 1/1 ---
Already up to date.
============================================
  Preflight Mount Audit — Emacboros
  2026-09-12T05:10:46Z
============================================

--- Phase 1: /proc/mounts scan ---

--- Phase 2: Writability tests ---
[0;32m[PASS][0m /root/.emacs.d/.git/hooks — does not exist
[0;32m[PASS][0m /var/run/docker.sock — does not exist
[0;32m[PASS][0m /etc/cron.d — does not exist
[0;32m[PASS][0m /var/spool/cron — does not exist
[0;32m[PASS][0m /etc/systemd/system — directory is read-only
[0;32m[PASS][0m /etc/systemd — directory is read-only

--- Phase 3: Capability audit ---
[0;32m[PASS][0m CAP_DAC_OVERRIDE (bit 1) is not set — can bypass file read/write/execute permissions
[0;32m[PASS][0m CAP_SYS_ADMIN (bit 21) is not set — broad system administration (mount, namespaces, etc.)
[0;32m[PASS][0m CAP_SETUID (bit 7) is not set — can change process UID
[0;32m[PASS][0m CAP_SETGID (bit 6) is not set — can change process GID
[0;32m[PASS][0m CAP_MKNOD (bit 27) is not set — can create special device files
[0;32m[PASS][0m CAP_NET_RAW (bit 13) is SET (expected) — can create raw network sockets (needed for nmap/traceroute)
[0;32m[PASS][0m CAP_NET_BIND_SERVICE (bit 10) is SET (expected) — can bind to ports < 1024
[0;32m[PASS][0m CAP_FOWNER (bit 3) is not set — can bypass file ownership checks
[0;32m[PASS][0m CAP_SETFCAP (bit 31) is not set — can set file capabilities

--- Phase 4: Host mount audit ---
Writable real-filesystem mounts:
[0;33m[WARN][0m Host mount: /sys/kernel/security (securityfs, rw,nosuid,nodev,noexec,relatime)
[0;33m[WARN][0m Host mount: /sys/fs/cgroup (cgroup2, rw,seclabel,nosuid,nodev,noexec,relatime,nsdelegate,memory_recursiveprot,memory_hugetlb_accounting)
[0;33m[WARN][0m Host mount: /sys/fs/pstore (pstore, rw,seclabel,nosuid,nodev,noexec,relatime)
[0;33m[WARN][0m Host mount: /sys/firmware/efi/efivars (efivarfs, rw,nosuid,nodev,noexec,relatime)
[0;33m[WARN][0m Host mount: /sys/fs/bpf (bpf, rw,nosuid,nodev,noexec,relatime,mode=700)
[0;33m[WARN][0m Host mount: /sys/kernel/config (configfs, rw,nosuid,nodev,noexec,relatime)
[0;33m[WARN][0m Host mount: /sys/fs/selinux (selinuxfs, rw,nosuid,noexec,relatime)
[0;33m[WARN][0m Host mount: /sys/fs/fuse/connections (fusectl, rw,nosuid,nodev,noexec,relatime)
[0;33m[WARN][0m Host mount: /sys/kernel/debug (debugfs, rw,seclabel,nosuid,nodev,noexec,relatime)
[0;33m[WARN][0m Host mount: /sys/kernel/debug/tracing (tracefs, rw,seclabel,nosuid,nodev,noexec,relatime)
[0;33m[WARN][0m Host mount: /sys/kernel/tracing (tracefs, rw,seclabel,nosuid,nodev,noexec,relatime)
[0;33m[WARN][0m Host mount: /root/personalization (btrfs, rw,seclabel,relatime,compress=zstd:1,ssd,discard=async,space_cache=v2,subvolid=256,subvol=/root)
[0;33m[WARN][0m Host mount: /root/.emacs.d (btrfs, rw,seclabel,relatime,compress=zstd:1,ssd,discard=async,space_cache=v2,subvolid=256,subvol=/root)
[0;33m[WARN][0m Host mount: /root/i.ar (btrfs, rw,seclabel,relatime,compress=zstd:1,ssd,discard=async,space_cache=v2,subvolid=256,subvol=/root)
[0;33m[WARN][0m Host mount: /root/.emacs.d/metaconfig (btrfs, rw,seclabel,relatime,compress=zstd:1,ssd,discard=async,space_cache=v2,subvolid=256,subvol=/root)
[0;33m[WARN][0m Host mount: /root/i.ar/prompts (btrfs, rw,seclabel,relatime,compress=zstd:1,ssd,discard=async,space_cache=v2,subvolid=256,subvol=/root)
[0;33m[WARN][0m Host mount: /root/.emacs.d/gptel-fork (btrfs, rw,seclabel,relatime,compress=zstd:1,ssd,discard=async,space_cache=v2,subvolid=256,subvol=/root)

============================================
[0;32m  PREFLIGHT PASSED[0m
============================================
Loading /root/.emacs.d/configs/paths.el (source)...
Loading /root/.emacs.d/configs/predicates.el (source)...
Loading /root/.emacs.d/configs/keybindings.el (source)...
Loading /root/.emacs.d/configs/delimiters.el (source)...
Loading /root/.emacs.d/configs/git.el (source)...
Loading /root/.emacs.d/configs/fork.el (source)...
Loading /root/.emacs.d/configs/delegate.el (source)...
Loading /root/.emacs.d/configs/cycle.el (source)...
Loading /root/.emacs.d/configs/loop-guard.el (source)...
Loading /root/.emacs.d/configs/memory.el (source)...
Loading /root/.emacs.d/configs/file-guard.el (source)...
Loading /root/.emacs.d/configs/tool-limits.el (source)...
Loading /root/.emacs.d/configs/tasks.el (source)...
Loading /root/.emacs.d/configs/mcp.el (source)...
Loading /root/.emacs.d/init.d/shared/iar-utils.el (source)...
Loading /root/.emacs.d/init.d/shared/iar-agent-utils.el (source)...
Loading /root/.emacs.d/init.d/core/iar-locale.el (source)...
Loading /root/.emacs.d/init.d/core/iar-package-setup.el (source)...
Loading /root/.emacs.d/init.d/core/iar-ui-cleanup.el (source)...
Loading /root/.emacs.d/init.d/core/iar-evil-mode.el (source)...
Loading /root/.emacs.d/init.d/core/iar-gptel-setup.el (source)...
[gptel] Using fork from /root/.emacs.d/gptel-fork (overriding ELPA package)
Loading /root/.emacs.d/configs/gptel.el (source)...
Loading /root/.emacs.d/init.d/core/iar-mcp-setup.el (source)...
Loading /root/.emacs.d/init.d/tool-call/iar-malformed-args.el (source)...
Loading /root/.emacs.d/init.d/tool-call/iar-tool-call.el (source)...
[tool-call] Layer installed
Loading /root/.emacs.d/init.d/tool-call/iar-tool-result-timestamp.el (source)...
Loading /root/.emacs.d/init.d/tool-call/iar-tool-result-budget.el (source)...
Loading /root/.emacs.d/init.d/tool-call/iar-request-log.el (source)...
[request-log] Witness installed
Loading /root/.emacs.d/init.d/tool-call/iar-context-fence.el (source)...
Loading /root/.emacs.d/init.d/tool-call/iar-msgs-fence.el (source)...
Loading /root/.emacs.d/init.d/tool-call/iar-request-watchdog.el (source)...
[watchdog] Request watchdog installed
Loading /root/.emacs.d/init.d/tool-call/iar-text-mode-detector.el (source)...
Loading /root/.emacs.d/init.d/agent/iar-prompt-loader.el (source)...
Loading /root/.emacs.d/init.d/core/iar-mount-awareness.el (source)...
Loading /root/.emacs.d/init.d/core/iar-rate-limit.el (source)...
Loading /root/.emacs.d/init.d/security/iar-output-sanitizer.el (source)...
Loading /root/.emacs.d/init.d/security/iar-file-guard.el (source)...
Loading /root/.emacs.d/init.d/security/iar-audit-log.el (source)...
Loading /root/.emacs.d/init.d/security/iar-loop-guard.el (source)...
Loading /root/.emacs.d/init.d/security/iar-loop-guard-chain.el (source)...
Loading /root/.emacs.d/init.d/security/iar-tool-guard.el (source)...
Loading /root/.emacs.d/init.d/security/iar-utf8-scrub.el (source)...
Loading /root/.emacs.d/init.d/tools/filesystem/list_directory.el (source)...
Loading /root/.emacs.d/init.d/tools/filesystem/read_file.el (source)...
Loading /root/.emacs.d/init.d/tools/filesystem/write_file.el (source)...
Loading /root/.emacs.d/init.d/tools/filesystem/append_file.el (source)...
Loading /root/.emacs.d/init.d/tools/code/execute_code_local.el (source)...
Loading /root/.emacs.d/init.d/tools/code/execute_code_remote.el (source)...
Loading /root/.emacs.d/init.d/tools/code/check_elisp.el (source)...
Loading /root/.emacs.d/init.d/tools/tasks/read_task.el (source)...
Loading /root/.emacs.d/init.d/tools/tasks/create_task.el (source)...
Loading /root/.emacs.d/init.d/tools/tasks/write_subtask.el (source)...
Loading /root/.emacs.d/init.d/tools/tasks/remove_task.el (source)...
Loading /root/.emacs.d/init.d/tools/tasks/read_history.el (source)...
Loading /root/.emacs.d/init.d/tools/tasks/read_roadmap.el (source)...
Loading /root/.emacs.d/init.d/tools/tasks/write_roadmap.el (source)...
Loading /root/.emacs.d/init.d/tools/notify/telegram.el (source)...
Loading /root/.emacs.d/init.d/tools/git/git_commit.el (source)...
Loading /root/.emacs.d/init.d/tools/knowledge/read_knowledge.el (source)...
Loading /root/.emacs.d/init.d/agent/iar-project-parser.el (source)...
Loading /root/.emacs.d/init.d/agent/iar-prompt-assembly.el (source)...
Loading /root/.emacs.d/init.d/agent/iar-agent-loader.el (source)...
Loading /root/.emacs.d/init.d/agent/iar-knowledge-loader.el (source)...
Loading /root/.emacs.d/init.d/agent/iar-buffer-info.el (source)...
Loading /root/.emacs.d/init.d/tools/agent/delegate.el (source)...
Loading /root/.emacs.d/init.d/tools/agent/reload_os.el (source)...
Loading /root/.emacs.d/init.d/tools/agent/reload_agent.el (source)...
Loading /root/.emacs.d/init.d/tools/agent/read_own_prompt.el (source)...
Loading /root/.emacs.d/init.d/agent/iar-guidelines-checker.el (source)...
Loading /root/.emacs.d/init.d/agent/iar-agent-cycle.el (source)...
Loading /root/.emacs.d/init.d/debug/iar-status-mode.el (source)...
[status-mode] Installed
Loading /root/.emacs.d/init.d/session/iar-quit.el (source)...
[aria] Starting cycle with 3600s timeout (archetype: aria-cycle, project: iar, cycle: aria_daily)
[aria] Assembled prompt: 47972 chars (~11993 tokens), 21 tools
[aria] Sending cycle prompt to aria agent...
Querying Ollama...
[aria] Truncated output (stop=length, 32768 tokens > 20000) -- requesting landing (grace round-trip)
Querying Ollama...
[aria] Cycle complete. Turns: 2, Tool calls: 74, Exit: 0
Tokens: 3628902 in / 69727 out / 3698629 total
Requests: 76
[0;32m[INF][2026-09-12 02:19:53][0m Cycle 1 succeeded in 548s (exit 0)

[0;34m[INF][2026-09-12 02:23:31][0m --- Cycle 1/1 ---
Already up to date.
============================================
  Preflight Mount Audit — Emacboros
  2026-09-12T05:23:31Z
============================================

--- Phase 1: /proc/mounts scan ---

--- Phase 2: Writability tests ---
[0;32m[PASS][0m /root/.emacs.d/.git/hooks — does not exist
[0;32m[PASS][0m /var/run/docker.sock — does not exist
[0;32m[PASS][0m /etc/cron.d — does not exist
[0;32m[PASS][0m /var/spool/cron — does not exist
[0;32m[PASS][0m /etc/systemd/system — directory is read-only
[0;32m[PASS][0m /etc/systemd — directory is read-only

--- Phase 3: Capability audit ---
[0;32m[PASS][0m CAP_DAC_OVERRIDE (bit 1) is not set — can bypass file read/write/execute permissions
[0;32m[PASS][0m CAP_SYS_ADMIN (bit 21) is not set — broad system administration (mount, namespaces, etc.)
[0;32m[PASS][0m CAP_SETUID (bit 7) is not set — can change process UID
[0;32m[PASS][0m CAP_SETGID (bit 6) is not set — can change process GID
[0;32m[PASS][0m CAP_MKNOD (bit 27) is not set — can create special device files
[0;32m[PASS][0m CAP_NET_RAW (bit 13) is SET (expected) — can create raw network sockets (needed for nmap/traceroute)
[0;32m[PASS][0m CAP_NET_BIND_SERVICE (bit 10) is SET (expected) — can bind to ports < 1024
[0;32m[PASS][0m CAP_FOWNER (bit 3) is not set — can bypass file ownership checks
[0;32m[PASS][0m CAP_SETFCAP (bit 31) is not set — can set file capabilities

--- Phase 4: Host mount audit ---
Writable real-filesystem mounts:
[0;33m[WARN][0m Host mount: /sys/kernel/security (securityfs, rw,nosuid,nodev,noexec,relatime)
[0;33m[WARN][0m Host mount: /sys/fs/cgroup (cgroup2, rw,seclabel,nosuid,nodev,noexec,relatime,nsdelegate,memory_recursiveprot,memory_hugetlb_accounting)
[0;33m[WARN][0m Host mount: /sys/fs/pstore (pstore, rw,seclabel,nosuid,nodev,noexec,relatime)
[0;33m[WARN][0m Host mount: /sys/firmware/efi/efivars (efivarfs, rw,nosuid,nodev,noexec,relatime)
[0;33m[WARN][0m Host mount: /sys/fs/bpf (bpf, rw,nosuid,nodev,noexec,relatime,mode=700)
[0;33m[WARN][0m Host mount: /sys/kernel/config (configfs, rw,nosuid,nodev,noexec,relatime)
[0;33m[WARN][0m Host mount: /sys/fs/selinux (selinuxfs, rw,nosuid,noexec,relatime)
[0;33m[WARN][0m Host mount: /sys/fs/fuse/connections (fusectl, rw,nosuid,nodev,noexec,relatime)
[0;33m[WARN][0m Host mount: /sys/kernel/debug (debugfs, rw,seclabel,nosuid,nodev,noexec,relatime)
[0;33m[WARN][0m Host mount: /sys/kernel/debug/tracing (tracefs, rw,seclabel,nosuid,nodev,noexec,relatime)
[0;33m[WARN][0m Host mount: /sys/kernel/tracing (tracefs, rw,seclabel,nosuid,nodev,noexec,relatime)
[0;33m[WARN][0m Host mount: /root/i.ar (btrfs, rw,seclabel,relatime,compress=zstd:1,ssd,discard=async,space_cache=v2,subvolid=256,subvol=/root)
[0;33m[WARN][0m Host mount: /root/personalization (btrfs, rw,seclabel,relatime,compress=zstd:1,ssd,discard=async,space_cache=v2,subvolid=256,subvol=/root)
[0;33m[WARN][0m Host mount: /root/.emacs.d (btrfs, rw,seclabel,relatime,compress=zstd:1,ssd,discard=async,space_cache=v2,subvolid=256,subvol=/root)
[0;33m[WARN][0m Host mount: /root/.emacs.d/metaconfig (btrfs, rw,seclabel,relatime,compress=zstd:1,ssd,discard=async,space_cache=v2,subvolid=256,subvol=/root)
[0;33m[WARN][0m Host mount: /root/.emacs.d/gptel-fork (btrfs, rw,seclabel,relatime,compress=zstd:1,ssd,discard=async,space_cache=v2,subvolid=256,subvol=/root)
[0;33m[WARN][0m Host mount: /root/i.ar/prompts (btrfs, rw,seclabel,relatime,compress=zstd:1,ssd,discard=async,space_cache=v2,subvolid=256,subvol=/root)

============================================
[0;32m  PREFLIGHT PASSED[0m
============================================
Loading /root/.emacs.d/configs/paths.el (source)...
Loading /root/.emacs.d/configs/predicates.el (source)...
Loading /root/.emacs.d/configs/keybindings.el (source)...
Loading /root/.emacs.d/configs/delimiters.el (source)...
Loading /root/.emacs.d/configs/git.el (source)...
Loading /root/.emacs.d/configs/fork.el (source)...
Loading /root/.emacs.d/configs/delegate.el (source)...
Loading /root/.emacs.d/configs/cycle.el (source)...
Loading /root/.emacs.d/configs/loop-guard.el (source)...
Loading /root/.emacs.d/configs/memory.el (source)...
Loading /root/.emacs.d/configs/file-guard.el (source)...
Loading /root/.emacs.d/configs/tool-limits.el (source)...
Loading /root/.emacs.d/configs/tasks.el (source)...
Loading /root/.emacs.d/configs/mcp.el (source)...
Loading /root/.emacs.d/init.d/shared/iar-utils.el (source)...
Loading /root/.emacs.d/init.d/shared/iar-agent-utils.el (source)...
Loading /root/.emacs.d/init.d/core/iar-locale.el (source)...
Loading /root/.emacs.d/init.d/core/iar-package-setup.el (source)...
Loading /root/.emacs.d/init.d/core/iar-ui-cleanup.el (source)...
Loading /root/.emacs.d/init.d/core/iar-evil-mode.el (source)...
Loading /root/.emacs.d/init.d/core/iar-gptel-setup.el (source)...
[gptel] Using fork from /root/.emacs.d/gptel-fork (overriding ELPA package)
Loading /root/.emacs.d/configs/gptel.el (source)...
Loading /root/.emacs.d/init.d/core/iar-mcp-setup.el (source)...
Loading /root/.emacs.d/init.d/tool-call/iar-malformed-args.el (source)...
Loading /root/.emacs.d/init.d/tool-call/iar-tool-call.el (source)...
[tool-call] Layer installed
Loading /root/.emacs.d/init.d/tool-call/iar-tool-result-timestamp.el (source)...
Loading /root/.emacs.d/init.d/tool-call/iar-tool-result-budget.el (source)...
Loading /root/.emacs.d/init.d/tool-call/iar-request-log.el (source)...
[request-log] Witness installed
Loading /root/.emacs.d/init.d/tool-call/iar-context-fence.el (source)...
Loading /root/.emacs.d/init.d/tool-call/iar-msgs-fence.el (source)...
Loading /root/.emacs.d/init.d/tool-call/iar-request-watchdog.el (source)...
[watchdog] Request watchdog installed
Loading /root/.emacs.d/init.d/tool-call/iar-text-mode-detector.el (source)...
Loading /root/.emacs.d/init.d/agent/iar-prompt-loader.el (source)...
Loading /root/.emacs.d/init.d/core/iar-mount-awareness.el (source)...
Loading /root/.emacs.d/init.d/core/iar-rate-limit.el (source)...
Loading /root/.emacs.d/init.d/security/iar-output-sanitizer.el (source)...
Loading /root/.emacs.d/init.d/security/iar-file-guard.el (source)...
Loading /root/.emacs.d/init.d/security/iar-audit-log.el (source)...
Loading /root/.emacs.d/init.d/security/iar-loop-guard.el (source)...
Loading /root/.emacs.d/init.d/security/iar-loop-guard-chain.el (source)...
Loading /root/.emacs.d/init.d/security/iar-tool-guard.el (source)...
Loading /root/.emacs.d/init.d/security/iar-utf8-scrub.el (source)...
Loading /root/.emacs.d/init.d/tools/filesystem/list_directory.el (source)...
Loading /root/.emacs.d/init.d/tools/filesystem/read_file.el (source)...
Loading /root/.emacs.d/init.d/tools/filesystem/write_file.el (source)...
Loading /root/.emacs.d/init.d/tools/filesystem/append_file.el (source)...
Loading /root/.emacs.d/init.d/tools/code/execute_code_local.el (source)...
Loading /root/.emacs.d/init.d/tools/code/execute_code_remote.el (source)...
Loading /root/.emacs.d/init.d/tools/code/check_elisp.el (source)...
Loading /root/.emacs.d/init.d/tools/tasks/read_task.el (source)...
Loading /root/.emacs.d/init.d/tools/tasks/create_task.el (source)...
Loading /root/.emacs.d/init.d/tools/tasks/write_subtask.el (source)...
Loading /root/.emacs.d/init.d/tools/tasks/remove_task.el (source)...
Loading /root/.emacs.d/init.d/tools/tasks/read_history.el (source)...
Loading /root/.emacs.d/init.d/tools/tasks/read_roadmap.el (source)...
Loading /root/.emacs.d/init.d/tools/tasks/write_roadmap.el (source)...
Loading /root/.emacs.d/init.d/tools/notify/telegram.el (source)...
Loading /root/.emacs.d/init.d/tools/git/git_commit.el (source)...
Loading /root/.emacs.d/init.d/tools/knowledge/read_knowledge.el (source)...
Loading /root/.emacs.d/init.d/agent/iar-project-parser.el (source)...
Loading /root/.emacs.d/init.d/agent/iar-prompt-assembly.el (source)...
Loading /root/.emacs.d/init.d/agent/iar-agent-loader.el (source)...
Loading /root/.emacs.d/init.d/agent/iar-knowledge-loader.el (source)...
Loading /root/.emacs.d/init.d/agent/iar-buffer-info.el (source)...
Loading /root/.emacs.d/init.d/tools/agent/delegate.el (source)...
Loading /root/.emacs.d/init.d/tools/agent/reload_os.el (source)...
Loading /root/.emacs.d/init.d/tools/agent/reload_agent.el (source)...
Loading /root/.emacs.d/init.d/tools/agent/read_own_prompt.el (source)...
Loading /root/.emacs.d/init.d/agent/iar-guidelines-checker.el (source)...
Loading /root/.emacs.d/init.d/agent/iar-agent-cycle.el (source)...
Loading /root/.emacs.d/init.d/debug/iar-status-mode.el (source)...
[status-mode] Installed
Loading /root/.emacs.d/init.d/session/iar-quit.el (source)...
[aria] Starting cycle with 3600s timeout (archetype: aria-cycle, project: iar, cycle: aria_daily)
[aria] Assembled prompt: 47870 chars (~11967 tokens), 21 tools
[aria] Sending cycle prompt to aria agent...
Querying Ollama...
[aria] Truncated output (stop=length, 32768 tokens > 20000) -- requesting landing (grace round-trip)
Querying Ollama...
[aria] Cycle complete. Turns: 2, Tool calls: 102, Exit: 0
Tokens: 5169331 in / 72486 out / 5241817 total
Requests: 104
[0;32m[INF][2026-09-12 02:35:11][0m Cycle 1 succeeded in 700s (exit 0)

[0;34m[INF][2026-09-12 02:41:20][0m --- Cycle 1/1 ---
Already up to date.
============================================
  Preflight Mount Audit — Emacboros
  2026-09-12T05:41:21Z
============================================

--- Phase 1: /proc/mounts scan ---

--- Phase 2: Writability tests ---
[0;32m[PASS][0m /root/.emacs.d/.git/hooks — does not exist
[0;32m[PASS][0m /var/run/docker.sock — does not exist
[0;32m[PASS][0m /etc/cron.d — does not exist
[0;32m[PASS][0m /var/spool/cron — does not exist
[0;32m[PASS][0m /etc/systemd/system — directory is read-only
[0;32m[PASS][0m /etc/systemd — directory is read-only

--- Phase 3: Capability audit ---
[0;32m[PASS][0m CAP_DAC_OVERRIDE (bit 1) is not set — can bypass file read/write/execute permissions
[0;32m[PASS][0m CAP_SYS_ADMIN (bit 21) is not set — broad system administration (mount, namespaces, etc.)
[0;32m[PASS][0m CAP_SETUID (bit 7) is not set — can change process UID
[0;32m[PASS][0m CAP_SETGID (bit 6) is not set — can change process GID
[0;32m[PASS][0m CAP_MKNOD (bit 27) is not set — can create special device files
[0;32m[PASS][0m CAP_NET_RAW (bit 13) is SET (expected) — can create raw network sockets (needed for nmap/traceroute)
[0;32m[PASS][0m CAP_NET_BIND_SERVICE (bit 10) is SET (expected) — can bind to ports < 1024
[0;32m[PASS][0m CAP_FOWNER (bit 3) is not set — can bypass file ownership checks
[0;32m[PASS][0m CAP_SETFCAP (bit 31) is not set — can set file capabilities

--- Phase 4: Host mount audit ---
Writable real-filesystem mounts:
[0;33m[WARN][0m Host mount: /sys/kernel/security (securityfs, rw,nosuid,nodev,noexec,relatime)
[0;33m[WARN][0m Host mount: /sys/fs/cgroup (cgroup2, rw,seclabel,nosuid,nodev,noexec,relatime,nsdelegate,memory_recursiveprot,memory_hugetlb_accounting)
[0;33m[WARN][0m Host mount: /sys/fs/pstore (pstore, rw,seclabel,nosuid,nodev,noexec,relatime)
[0;33m[WARN][0m Host mount: /sys/firmware/efi/efivars (efivarfs, rw,nosuid,nodev,noexec,relatime)
[0;33m[WARN][0m Host mount: /sys/fs/bpf (bpf, rw,nosuid,nodev,noexec,relatime,mode=700)
[0;33m[WARN][0m Host mount: /sys/kernel/config (configfs, rw,nosuid,nodev,noexec,relatime)
[0;33m[WARN][0m Host mount: /sys/fs/selinux (selinuxfs, rw,nosuid,noexec,relatime)
[0;33m[WARN][0m Host mount: /sys/fs/fuse/connections (fusectl, rw,nosuid,nodev,noexec,relatime)
[0;33m[WARN][0m Host mount: /sys/kernel/debug (debugfs, rw,seclabel,nosuid,nodev,noexec,relatime)
[0;33m[WARN][0m Host mount: /sys/kernel/debug/tracing (tracefs, rw,seclabel,nosuid,nodev,noexec,relatime)
[0;33m[WARN][0m Host mount: /sys/kernel/tracing (tracefs, rw,seclabel,nosuid,nodev,noexec,relatime)
[0;33m[WARN][0m Host mount: /root/personalization (btrfs, rw,seclabel,relatime,compress=zstd:1,ssd,discard=async,space_cache=v2,subvolid=256,subvol=/root)
[0;33m[WARN][0m Host mount: /root/i.ar (btrfs, rw,seclabel,relatime,compress=zstd:1,ssd,discard=async,space_cache=v2,subvolid=256,subvol=/root)
[0;33m[WARN][0m Host mount: /root/.emacs.d (btrfs, rw,seclabel,relatime,compress=zstd:1,ssd,discard=async,space_cache=v2,subvolid=256,subvol=/root)
[0;33m[WARN][0m Host mount: /root/.emacs.d/gptel-fork (btrfs, rw,seclabel,relatime,compress=zstd:1,ssd,discard=async,space_cache=v2,subvolid=256,subvol=/root)
[0;33m[WARN][0m Host mount: /root/i.ar/prompts (btrfs, rw,seclabel,relatime,compress=zstd:1,ssd,discard=async,space_cache=v2,subvolid=256,subvol=/root)
[0;33m[WARN][0m Host mount: /root/.emacs.d/metaconfig (btrfs, rw,seclabel,relatime,compress=zstd:1,ssd,discard=async,space_cache=v2,subvolid=256,subvol=/root)

============================================
[0;32m  PREFLIGHT PASSED[0m
============================================
Loading /root/.emacs.d/configs/paths.el (source)...
Loading /root/.emacs.d/configs/predicates.el (source)...
Loading /root/.emacs.d/configs/keybindings.el (source)...
Loading /root/.emacs.d/configs/delimiters.el (source)...
Loading /root/.emacs.d/configs/git.el (source)...
Loading /root/.emacs.d/configs/fork.el (source)...
Loading /root/.emacs.d/configs/delegate.el (source)...
Loading /root/.emacs.d/configs/cycle.el (source)...
Loading /root/.emacs.d/configs/loop-guard.el (source)...
Loading /root/.emacs.d/configs/memory.el (source)...
Loading /root/.emacs.d/configs/file-guard.el (source)...
Loading /root/.emacs.d/configs/tool-limits.el (source)...
Loading /root/.emacs.d/configs/tasks.el (source)...
Loading /root/.emacs.d/configs/mcp.el (source)...
Loading /root/.emacs.d/init.d/shared/iar-utils.el (source)...
Loading /root/.emacs.d/init.d/shared/iar-agent-utils.el (source)...
Loading /root/.emacs.d/init.d/core/iar-locale.el (source)...
Loading /root/.emacs.d/init.d/core/iar-package-setup.el (source)...
Loading /root/.emacs.d/init.d/core/iar-ui-cleanup.el (source)...
Loading /root/.emacs.d/init.d/core/iar-evil-mode.el (source)...
Loading /root/.emacs.d/init.d/core/iar-gptel-setup.el (source)...
[gptel] Using fork from /root/.emacs.d/gptel-fork (overriding ELPA package)
Loading /root/.emacs.d/configs/gptel.el (source)...
Loading /root/.emacs.d/init.d/core/iar-mcp-setup.el (source)...
Loading /root/.emacs.d/init.d/tool-call/iar-malformed-args.el (source)...
Loading /root/.emacs.d/init.d/tool-call/iar-tool-call.el (source)...
[tool-call] Layer installed
Loading /root/.emacs.d/init.d/tool-call/iar-tool-result-timestamp.el (source)...
Loading /root/.emacs.d/init.d/tool-call/iar-tool-result-budget.el (source)...
Loading /root/.emacs.d/init.d/tool-call/iar-request-log.el (source)...
[request-log] Witness installed
Loading /root/.emacs.d/init.d/tool-call/iar-context-fence.el (source)...
Loading /root/.emacs.d/init.d/tool-call/iar-msgs-fence.el (source)...
Loading /root/.emacs.d/init.d/tool-call/iar-request-watchdog.el (source)...
[watchdog] Request watchdog installed
Loading /root/.emacs.d/init.d/tool-call/iar-text-mode-detector.el (source)...
Loading /root/.emacs.d/init.d/agent/iar-prompt-loader.el (source)...
Loading /root/.emacs.d/init.d/core/iar-mount-awareness.el (source)...
Loading /root/.emacs.d/init.d/core/iar-rate-limit.el (source)...
Loading /root/.emacs.d/init.d/security/iar-output-sanitizer.el (source)...
Loading /root/.emacs.d/init.d/security/iar-file-guard.el (source)...
Loading /root/.emacs.d/init.d/security/iar-audit-log.el (source)...
Loading /root/.emacs.d/init.d/security/iar-loop-guard.el (source)...
Loading /root/.emacs.d/init.d/security/iar-loop-guard-chain.el (source)...
Loading /root/.emacs.d/init.d/security/iar-tool-guard.el (source)...
Loading /root/.emacs.d/init.d/security/iar-utf8-scrub.el (source)...
Loading /root/.emacs.d/init.d/tools/filesystem/list_directory.el (source)...
Loading /root/.emacs.d/init.d/tools/filesystem/read_file.el (source)...
Loading /root/.emacs.d/init.d/tools/filesystem/write_file.el (source)...
Loading /root/.emacs.d/init.d/tools/filesystem/append_file.el (source)...
Loading /root/.emacs.d/init.d/tools/code/execute_code_local.el (source)...
Loading /root/.emacs.d/init.d/tools/code/execute_code_remote.el (source)...
Loading /root/.emacs.d/init.d/tools/code/check_elisp.el (source)...
Loading /root/.emacs.d/init.d/tools/tasks/read_task.el (source)...
Loading /root/.emacs.d/init.d/tools/tasks/create_task.el (source)...
Loading /root/.emacs.d/init.d/tools/tasks/write_subtask.el (source)...
Loading /root/.emacs.d/init.d/tools/tasks/remove_task.el (source)...
Loading /root/.emacs.d/init.d/tools/tasks/read_history.el (source)...
Loading /root/.emacs.d/init.d/tools/tasks/read_roadmap.el (source)...
Loading /root/.emacs.d/init.d/tools/tasks/write_roadmap.el (source)...
Loading /root/.emacs.d/init.d/tools/notify/telegram.el (source)...
Loading /root/.emacs.d/init.d/tools/git/git_commit.el (source)...
Loading /root/.emacs.d/init.d/tools/knowledge/read_knowledge.el (source)...
Loading /root/.emacs.d/init.d/agent/iar-project-parser.el (source)...
Loading /root/.emacs.d/init.d/agent/iar-prompt-assembly.el (source)...
Loading /root/.emacs.d/init.d/agent/iar-agent-loader.el (source)...
Loading /root/.emacs.d/init.d/agent/iar-knowledge-loader.el (source)...
Loading /root/.emacs.d/init.d/agent/iar-buffer-info.el (source)...
Loading /root/.emacs.d/init.d/tools/agent/delegate.el (source)...
Loading /root/.emacs.d/init.d/tools/agent/reload_os.el (source)...
Loading /root/.emacs.d/init.d/tools/agent/reload_agent.el (source)...
Loading /root/.emacs.d/init.d/tools/agent/read_own_prompt.el (source)...
Loading /root/.emacs.d/init.d/agent/iar-guidelines-checker.el (source)...
Loading /root/.emacs.d/init.d/agent/iar-agent-cycle.el (source)...
Loading /root/.emacs.d/init.d/debug/iar-status-mode.el (source)...
[status-mode] Installed
Loading /root/.emacs.d/init.d/session/iar-quit.el (source)...
[aria] Starting cycle with 3600s timeout (archetype: aria-cycle, project: iar, cycle: aria_daily)
[aria] Assembled prompt: 47921 chars (~11980 tokens), 21 tools
[aria] Sending cycle prompt to aria agent...
Querying Ollama...
[aria] Same-tool warning: 100 calls to execute_code_local this cycle -- one call blocked with notice
[aria] Tool-call budget warning (151/300) -- one call blocked with notice
[aria] Cycle complete. Turns: 1, Tool calls: 155, Exit: 0
Tokens: 8710201 in / 57985 out / 8768186 total
Requests: 156
[0;32m[INF][2026-09-12 02:57:34][0m Cycle 1 succeeded in 974s (exit 0)

[0;34m[INF][2026-09-12 03:13:33][0m --- Cycle 1/1 ---
Already up to date.
============================================
  Preflight Mount Audit — Emacboros
  2026-09-12T06:13:34Z
============================================

--- Phase 1: /proc/mounts scan ---

--- Phase 2: Writability tests ---
[0;32m[PASS][0m /root/.emacs.d/.git/hooks — does not exist
[0;32m[PASS][0m /var/run/docker.sock — does not exist
[0;32m[PASS][0m /etc/cron.d — does not exist
[0;32m[PASS][0m /var/spool/cron — does not exist
[0;32m[PASS][0m /etc/systemd/system — directory is read-only
[0;32m[PASS][0m /etc/systemd — directory is read-only

--- Phase 3: Capability audit ---
[0;32m[PASS][0m CAP_DAC_OVERRIDE (bit 1) is not set — can bypass file read/write/execute permissions
[0;32m[PASS][0m CAP_SYS_ADMIN (bit 21) is not set — broad system administration (mount, namespaces, etc.)
[0;32m[PASS][0m CAP_SETUID (bit 7) is not set — can change process UID
[0;32m[PASS][0m CAP_SETGID (bit 6) is not set — can change process GID
[0;32m[PASS][0m CAP_MKNOD (bit 27) is not set — can create special device files
[0;32m[PASS][0m CAP_NET_RAW (bit 13) is SET (expected) — can create raw network sockets (needed for nmap/traceroute)
[0;32m[PASS][0m CAP_NET_BIND_SERVICE (bit 10) is SET (expected) — can bind to ports < 1024
[0;32m[PASS][0m CAP_FOWNER (bit 3) is not set — can bypass file ownership checks
[0;32m[PASS][0m CAP_SETFCAP (bit 31) is not set — can set file capabilities

--- Phase 4: Host mount audit ---
Writable real-filesystem mounts:
[0;33m[WARN][0m Host mount: /sys/kernel/security (securityfs, rw,nosuid,nodev,noexec,relatime)
[0;33m[WARN][0m Host mount: /sys/fs/cgroup (cgroup2, rw,seclabel,nosuid,nodev,noexec,relatime,nsdelegate,memory_recursiveprot,memory_hugetlb_accounting)
[0;33m[WARN][0m Host mount: /sys/fs/pstore (pstore, rw,seclabel,nosuid,nodev,noexec,relatime)
[0;33m[WARN][0m Host mount: /sys/firmware/efi/efivars (efivarfs, rw,nosuid,nodev,noexec,relatime)
[0;33m[WARN][0m Host mount: /sys/fs/bpf (bpf, rw,nosuid,nodev,noexec,relatime,mode=700)
[0;33m[WARN][0m Host mount: /sys/kernel/config (configfs, rw,nosuid,nodev,noexec,relatime)
[0;33m[WARN][0m Host mount: /sys/fs/selinux (selinuxfs, rw,nosuid,noexec,relatime)
[0;33m[WARN][0m Host mount: /sys/fs/fuse/connections (fusectl, rw,nosuid,nodev,noexec,relatime)
[0;33m[WARN][0m Host mount: /sys/kernel/debug (debugfs, rw,seclabel,nosuid,nodev,noexec,relatime)
[0;33m[WARN][0m Host mount: /sys/kernel/debug/tracing (tracefs, rw,seclabel,nosuid,nodev,noexec,relatime)
[0;33m[WARN][0m Host mount: /sys/kernel/tracing (tracefs, rw,seclabel,nosuid,nodev,noexec,relatime)
[0;33m[WARN][0m Host mount: /root/.emacs.d (btrfs, rw,seclabel,relatime,compress=zstd:1,ssd,discard=async,space_cache=v2,subvolid=256,subvol=/root)
[0;33m[WARN][0m Host mount: /root/personalization (btrfs, rw,seclabel,relatime,compress=zstd:1,ssd,discard=async,space_cache=v2,subvolid=256,subvol=/root)
[0;33m[WARN][0m Host mount: /root/i.ar (btrfs, rw,seclabel,relatime,compress=zstd:1,ssd,discard=async,space_cache=v2,subvolid=256,subvol=/root)
[0;33m[WARN][0m Host mount: /root/i.ar/prompts (btrfs, rw,seclabel,relatime,compress=zstd:1,ssd,discard=async,space_cache=v2,subvolid=256,subvol=/root)
[0;33m[WARN][0m Host mount: /root/.emacs.d/metaconfig (btrfs, rw,seclabel,relatime,compress=zstd:1,ssd,discard=async,space_cache=v2,subvolid=256,subvol=/root)
[0;33m[WARN][0m Host mount: /root/.emacs.d/gptel-fork (btrfs, rw,seclabel,relatime,compress=zstd:1,ssd,discard=async,space_cache=v2,subvolid=256,subvol=/root)

============================================
[0;32m  PREFLIGHT PASSED[0m
============================================
Loading /root/.emacs.d/configs/paths.el (source)...
Loading /root/.emacs.d/configs/predicates.el (source)...
Loading /root/.emacs.d/configs/keybindings.el (source)...
Loading /root/.emacs.d/configs/delimiters.el (source)...
Loading /root/.emacs.d/configs/git.el (source)...
Loading /root/.emacs.d/configs/fork.el (source)...
Loading /root/.emacs.d/configs/delegate.el (source)...
Loading /root/.emacs.d/configs/cycle.el (source)...
Loading /root/.emacs.d/configs/loop-guard.el (source)...
Loading /root/.emacs.d/configs/memory.el (source)...
Loading /root/.emacs.d/configs/file-guard.el (source)...
Loading /root/.emacs.d/configs/tool-limits.el (source)...
Loading /root/.emacs.d/configs/tasks.el (source)...
Loading /root/.emacs.d/configs/mcp.el (source)...
Loading /root/.emacs.d/init.d/shared/iar-utils.el (source)...
Loading /root/.emacs.d/init.d/shared/iar-agent-utils.el (source)...
Loading /root/.emacs.d/init.d/core/iar-locale.el (source)...
Loading /root/.emacs.d/init.d/core/iar-package-setup.el (source)...
Loading /root/.emacs.d/init.d/core/iar-ui-cleanup.el (source)...
Loading /root/.emacs.d/init.d/core/iar-evil-mode.el (source)...
Loading /root/.emacs.d/init.d/core/iar-gptel-setup.el (source)...
[gptel] Using fork from /root/.emacs.d/gptel-fork (overriding ELPA package)
Loading /root/.emacs.d/configs/gptel.el (source)...
Loading /root/.emacs.d/init.d/core/iar-mcp-setup.el (source)...
Loading /root/.emacs.d/init.d/tool-call/iar-malformed-args.el (source)...
Loading /root/.emacs.d/init.d/tool-call/iar-tool-call.el (source)...
[tool-call] Layer installed
Loading /root/.emacs.d/init.d/tool-call/iar-tool-result-timestamp.el (source)...
Loading /root/.emacs.d/init.d/tool-call/iar-tool-result-budget.el (source)...
Loading /root/.emacs.d/init.d/tool-call/iar-request-log.el (source)...
[request-log] Witness installed
Loading /root/.emacs.d/init.d/tool-call/iar-context-fence.el (source)...
Loading /root/.emacs.d/init.d/tool-call/iar-msgs-fence.el (source)...
Loading /root/.emacs.d/init.d/tool-call/iar-request-watchdog.el (source)...
[watchdog] Request watchdog installed
Loading /root/.emacs.d/init.d/tool-call/iar-text-mode-detector.el (source)...
Loading /root/.emacs.d/init.d/agent/iar-prompt-loader.el (source)...
Loading /root/.emacs.d/init.d/core/iar-mount-awareness.el (source)...
Loading /root/.emacs.d/init.d/core/iar-rate-limit.el (source)...
Loading /root/.emacs.d/init.d/security/iar-output-sanitizer.el (source)...
Loading /root/.emacs.d/init.d/security/iar-file-guard.el (source)...
Loading /root/.emacs.d/init.d/security/iar-audit-log.el (source)...
Loading /root/.emacs.d/init.d/security/iar-loop-guard.el (source)...
Loading /root/.emacs.d/init.d/security/iar-loop-guard-chain.el (source)...
Loading /root/.emacs.d/init.d/security/iar-tool-guard.el (source)...
Loading /root/.emacs.d/init.d/security/iar-utf8-scrub.el (source)...
Loading /root/.emacs.d/init.d/tools/filesystem/list_directory.el (source)...
Loading /root/.emacs.d/init.d/tools/filesystem/read_file.el (source)...
Loading /root/.emacs.d/init.d/tools/filesystem/write_file.el (source)...
Loading /root/.emacs.d/init.d/tools/filesystem/append_file.el (source)...
Loading /root/.emacs.d/init.d/tools/code/execute_code_local.el (source)...
Loading /root/.emacs.d/init.d/tools/code/execute_code_remote.el (source)...
Loading /root/.emacs.d/init.d/tools/code/check_elisp.el (source)...
Loading /root/.emacs.d/init.d/tools/tasks/read_task.el (source)...
Loading /root/.emacs.d/init.d/tools/tasks/create_task.el (source)...
Loading /root/.emacs.d/init.d/tools/tasks/write_subtask.el (source)...
Loading /root/.emacs.d/init.d/tools/tasks/remove_task.el (source)...
Loading /root/.emacs.d/init.d/tools/tasks/read_history.el (source)...
Loading /root/.emacs.d/init.d/tools/tasks/read_roadmap.el (source)...
Loading /root/.emacs.d/init.d/tools/tasks/write_roadmap.el (source)...
Loading /root/.emacs.d/init.d/tools/notify/telegram.el (source)...
Loading /root/.emacs.d/init.d/tools/git/git_commit.el (source)...
Loading /root/.emacs.d/init.d/tools/knowledge/read_knowledge.el (source)...
Loading /root/.emacs.d/init.d/agent/iar-project-parser.el (source)...
Loading /root/.emacs.d/init.d/agent/iar-prompt-assembly.el (source)...
Loading /root/.emacs.d/init.d/agent/iar-agent-loader.el (source)...
Loading /root/.emacs.d/init.d/agent/iar-knowledge-loader.el (source)...
Loading /root/.emacs.d/init.d/agent/iar-buffer-info.el (source)...
Loading /root/.emacs.d/init.d/tools/agent/delegate.el (source)...
Loading /root/.emacs.d/init.d/tools/agent/reload_os.el (source)...
Loading /root/.emacs.d/init.d/tools/agent/reload_agent.el (source)...
Loading /root/.emacs.d/init.d/tools/agent/read_own_prompt.el (source)...
Loading /root/.emacs.d/init.d/agent/iar-guidelines-checker.el (source)...
Loading /root/.emacs.d/init.d/agent/iar-agent-cycle.el (source)...
Loading /root/.emacs.d/init.d/debug/iar-status-mode.el (source)...
[status-mode] Installed
Loading /root/.emacs.d/init.d/session/iar-quit.el (source)...
[aria] Starting cycle with 3600s timeout (archetype: aria-cycle, project: iar, cycle: aria_daily)
[aria] Assembled prompt: 47182 chars (~11795 tokens), 21 tools
[aria] Sending cycle prompt to aria agent...
Querying Ollama...
Querying Ollama...
Querying Ollama...
[aria] Same-tool warning: 100 calls to execute_code_local this cycle -- one call blocked with notice
[aria] Tool-call budget warning (150/300) -- one call blocked with notice
[aria] Cycle complete. Turns: 2, Tool calls: 172, Exit: 0
Tokens: 8370071 in / 104461 out / 8474532 total
Requests: 175
[0;32m[INF][2026-09-12 03:31:40][0m Cycle 1 succeeded in 1087s (exit 0)

[0;34m[INF][2026-09-12 03:41:13][0m --- Cycle 1/1 ---
Already up to date.
============================================
  Preflight Mount Audit — Emacboros
  2026-09-12T06:41:14Z
============================================

--- Phase 1: /proc/mounts scan ---

--- Phase 2: Writability tests ---
[0;32m[PASS][0m /root/.emacs.d/.git/hooks — does not exist
[0;32m[PASS][0m /var/run/docker.sock — does not exist
[0;32m[PASS][0m /etc/cron.d — does not exist
[0;32m[PASS][0m /var/spool/cron — does not exist
[0;32m[PASS][0m /etc/systemd/system — directory is read-only
[0;32m[PASS][0m /etc/systemd — directory is read-only

--- Phase 3: Capability audit ---
[0;32m[PASS][0m CAP_DAC_OVERRIDE (bit 1) is not set — can bypass file read/write/execute permissions
[0;32m[PASS][0m CAP_SYS_ADMIN (bit 21) is not set — broad system administration (mount, namespaces, etc.)
[0;32m[PASS][0m CAP_SETUID (bit 7) is not set — can change process UID
[0;32m[PASS][0m CAP_SETGID (bit 6) is not set — can change process GID
[0;32m[PASS][0m CAP_MKNOD (bit 27) is not set — can create special device files
[0;32m[PASS][0m CAP_NET_RAW (bit 13) is SET (expected) — can create raw network sockets (needed for nmap/traceroute)
[0;32m[PASS][0m CAP_NET_BIND_SERVICE (bit 10) is SET (expected) — can bind to ports < 1024
[0;32m[PASS][0m CAP_FOWNER (bit 3) is not set — can bypass file ownership checks
[0;32m[PASS][0m CAP_SETFCAP (bit 31) is not set — can set file capabilities

--- Phase 4: Host mount audit ---
Writable real-filesystem mounts:
[0;33m[WARN][0m Host mount: /sys/kernel/security (securityfs, rw,nosuid,nodev,noexec,relatime)
[0;33m[WARN][0m Host mount: /sys/fs/cgroup (cgroup2, rw,seclabel,nosuid,nodev,noexec,relatime,nsdelegate,memory_recursiveprot,memory_hugetlb_accounting)
[0;33m[WARN][0m Host mount: /sys/fs/pstore (pstore, rw,seclabel,nosuid,nodev,noexec,relatime)
[0;33m[WARN][0m Host mount: /sys/firmware/efi/efivars (efivarfs, rw,nosuid,nodev,noexec,relatime)
[0;33m[WARN][0m Host mount: /sys/fs/bpf (bpf, rw,nosuid,nodev,noexec,relatime,mode=700)
[0;33m[WARN][0m Host mount: /sys/kernel/config (configfs, rw,nosuid,nodev,noexec,relatime)
[0;33m[WARN][0m Host mount: /sys/fs/selinux (selinuxfs, rw,nosuid,noexec,relatime)
[0;33m[WARN][0m Host mount: /sys/fs/fuse/connections (fusectl, rw,nosuid,nodev,noexec,relatime)
[0;33m[WARN][0m Host mount: /sys/kernel/debug (debugfs, rw,seclabel,nosuid,nodev,noexec,relatime)
[0;33m[WARN][0m Host mount: /sys/kernel/debug/tracing (tracefs, rw,seclabel,nosuid,nodev,noexec,relatime)
[0;33m[WARN][0m Host mount: /sys/kernel/tracing (tracefs, rw,seclabel,nosuid,nodev,noexec,relatime)
[0;33m[WARN][0m Host mount: /root/.emacs.d (btrfs, rw,seclabel,relatime,compress=zstd:1,ssd,discard=async,space_cache=v2,subvolid=256,subvol=/root)
[0;33m[WARN][0m Host mount: /root/i.ar (btrfs, rw,seclabel,relatime,compress=zstd:1,ssd,discard=async,space_cache=v2,subvolid=256,subvol=/root)
[0;33m[WARN][0m Host mount: /root/personalization (btrfs, rw,seclabel,relatime,compress=zstd:1,ssd,discard=async,space_cache=v2,subvolid=256,subvol=/root)
[0;33m[WARN][0m Host mount: /root/i.ar/prompts (btrfs, rw,seclabel,relatime,compress=zstd:1,ssd,discard=async,space_cache=v2,subvolid=256,subvol=/root)
[0;33m[WARN][0m Host mount: /root/.emacs.d/metaconfig (btrfs, rw,seclabel,relatime,compress=zstd:1,ssd,discard=async,space_cache=v2,subvolid=256,subvol=/root)
[0;33m[WARN][0m Host mount: /root/.emacs.d/gptel-fork (btrfs, rw,seclabel,relatime,compress=zstd:1,ssd,discard=async,space_cache=v2,subvolid=256,subvol=/root)

============================================
[0;32m  PREFLIGHT PASSED[0m
============================================
Loading /root/.emacs.d/configs/paths.el (source)...
Loading /root/.emacs.d/configs/predicates.el (source)...
Loading /root/.emacs.d/configs/keybindings.el (source)...
Loading /root/.emacs.d/configs/delimiters.el (source)...
Loading /root/.emacs.d/configs/git.el (source)...
Loading /root/.emacs.d/configs/fork.el (source)...
Loading /root/.emacs.d/configs/delegate.el (source)...
Loading /root/.emacs.d/configs/cycle.el (source)...
Loading /root/.emacs.d/configs/loop-guard.el (source)...
Loading /root/.emacs.d/configs/memory.el (source)...
Loading /root/.emacs.d/configs/file-guard.el (source)...
Loading /root/.emacs.d/configs/tool-limits.el (source)...
Loading /root/.emacs.d/configs/tasks.el (source)...
Loading /root/.emacs.d/configs/mcp.el (source)...
Loading /root/.emacs.d/init.d/shared/iar-utils.el (source)...
Loading /root/.emacs.d/init.d/shared/iar-agent-utils.el (source)...
Loading /root/.emacs.d/init.d/core/iar-locale.el (source)...
Loading /root/.emacs.d/init.d/core/iar-package-setup.el (source)...
Loading /root/.emacs.d/init.d/core/iar-ui-cleanup.el (source)...
Loading /root/.emacs.d/init.d/core/iar-evil-mode.el (source)...
Loading /root/.emacs.d/init.d/core/iar-gptel-setup.el (source)...
[gptel] Using fork from /root/.emacs.d/gptel-fork (overriding ELPA package)
Loading /root/.emacs.d/configs/gptel.el (source)...
Loading /root/.emacs.d/init.d/core/iar-mcp-setup.el (source)...
Loading /root/.emacs.d/init.d/tool-call/iar-malformed-args.el (source)...
Loading /root/.emacs.d/init.d/tool-call/iar-tool-call.el (source)...
[tool-call] Layer installed
Loading /root/.emacs.d/init.d/tool-call/iar-tool-result-timestamp.el (source)...
Loading /root/.emacs.d/init.d/tool-call/iar-tool-result-budget.el (source)...
Loading /root/.emacs.d/init.d/tool-call/iar-request-log.el (source)...
[request-log] Witness installed
Loading /root/.emacs.d/init.d/tool-call/iar-context-fence.el (source)...
Loading /root/.emacs.d/init.d/tool-call/iar-msgs-fence.el (source)...
Loading /root/.emacs.d/init.d/tool-call/iar-request-watchdog.el (source)...
[watchdog] Request watchdog installed
Loading /root/.emacs.d/init.d/tool-call/iar-text-mode-detector.el (source)...
Loading /root/.emacs.d/init.d/agent/iar-prompt-loader.el (source)...
Loading /root/.emacs.d/init.d/core/iar-mount-awareness.el (source)...
Loading /root/.emacs.d/init.d/core/iar-rate-limit.el (source)...
Loading /root/.emacs.d/init.d/security/iar-output-sanitizer.el (source)...
Loading /root/.emacs.d/init.d/security/iar-file-guard.el (source)...
Loading /root/.emacs.d/init.d/security/iar-audit-log.el (source)...
Loading /root/.emacs.d/init.d/security/iar-loop-guard.el (source)...
Loading /root/.emacs.d/init.d/security/iar-loop-guard-chain.el (source)...
Loading /root/.emacs.d/init.d/security/iar-tool-guard.el (source)...
Loading /root/.emacs.d/init.d/security/iar-utf8-scrub.el (source)...
Loading /root/.emacs.d/init.d/tools/filesystem/list_directory.el (source)...
Loading /root/.emacs.d/init.d/tools/filesystem/read_file.el (source)...
Loading /root/.emacs.d/init.d/tools/filesystem/write_file.el (source)...
Loading /root/.emacs.d/init.d/tools/filesystem/append_file.el (source)...
Loading /root/.emacs.d/init.d/tools/code/execute_code_local.el (source)...
Loading /root/.emacs.d/init.d/tools/code/execute_code_remote.el (source)...
Loading /root/.emacs.d/init.d/tools/code/check_elisp.el (source)...
Loading /root/.emacs.d/init.d/tools/tasks/read_task.el (source)...
Loading /root/.emacs.d/init.d/tools/tasks/create_task.el (source)...
Loading /root/.emacs.d/init.d/tools/tasks/write_subtask.el (source)...
Loading /root/.emacs.d/init.d/tools/tasks/remove_task.el (source)...
Loading /root/.emacs.d/init.d/tools/tasks/read_history.el (source)...
Loading /root/.emacs.d/init.d/tools/tasks/read_roadmap.el (source)...
Loading /root/.emacs.d/init.d/tools/tasks/write_roadmap.el (source)...
Loading /root/.emacs.d/init.d/tools/notify/telegram.el (source)...
Loading /root/.emacs.d/init.d/tools/git/git_commit.el (source)...
Loading /root/.emacs.d/init.d/tools/knowledge/read_knowledge.el (source)...
Loading /root/.emacs.d/init.d/agent/iar-project-parser.el (source)...
Loading /root/.emacs.d/init.d/agent/iar-prompt-assembly.el (source)...
Loading /root/.emacs.d/init.d/agent/iar-agent-loader.el (source)...
Loading /root/.emacs.d/init.d/agent/iar-knowledge-loader.el (source)...
Loading /root/.emacs.d/init.d/agent/iar-buffer-info.el (source)...
Loading /root/.emacs.d/init.d/tools/agent/delegate.el (source)...
Loading /root/.emacs.d/init.d/tools/agent/reload_os.el (source)...
Loading /root/.emacs.d/init.d/tools/agent/reload_agent.el (source)...
Loading /root/.emacs.d/init.d/tools/agent/read_own_prompt.el (source)...
Loading /root/.emacs.d/init.d/agent/iar-guidelines-checker.el (source)...
Loading /root/.emacs.d/init.d/agent/iar-agent-cycle.el (source)...
Loading /root/.emacs.d/init.d/debug/iar-status-mode.el (source)...
[status-mode] Installed
Loading /root/.emacs.d/init.d/session/iar-quit.el (source)...
[aria] Starting cycle with 3600s timeout (archetype: aria-cycle, project: iar, cycle: aria_daily)
[aria] Assembled prompt: 47179 chars (~11794 tokens), 21 tools
[aria] Sending cycle prompt to aria agent...
Querying Ollama...
[loop-guard-chain] SOFT BLOCK: execute_code_local chained 10 times
[aria] Same-tool warning: 100 calls to execute_code_local this cycle -- one call blocked with notice
[aria] Tool-call budget warning (150/300) -- one call blocked with notice
[loop-guard-chain] SOFT BLOCK: execute_code_local chained 10 times
[loop-guard-chain] SOFT BLOCK: execute_code_local chained 11 times
[aria] Cycle complete. Turns: 1, Tool calls: 195, Exit: 0
Tokens: 11635390 in / 66145 out / 11701535 total
Requests: 196
[0;32m[INF][2026-09-12 04:22:28][0m Cycle 1 succeeded in 2475s (exit 0)

[0;34m[INF][2026-09-12 04:27:57][0m --- Cycle 1/1 ---
Already up to date.
============================================
  Preflight Mount Audit — Emacboros
  2026-09-12T07:27:57Z
============================================

--- Phase 1: /proc/mounts scan ---

--- Phase 2: Writability tests ---
[0;32m[PASS][0m /root/.emacs.d/.git/hooks — does not exist
[0;32m[PASS][0m /var/run/docker.sock — does not exist
[0;32m[PASS][0m /etc/cron.d — does not exist
[0;32m[PASS][0m /var/spool/cron — does not exist
[0;32m[PASS][0m /etc/systemd/system — directory is read-only
[0;32m[PASS][0m /etc/systemd — directory is read-only

--- Phase 3: Capability audit ---
[0;32m[PASS][0m CAP_DAC_OVERRIDE (bit 1) is not set — can bypass file read/write/execute permissions
[0;32m[PASS][0m CAP_SYS_ADMIN (bit 21) is not set — broad system administration (mount, namespaces, etc.)
[0;32m[PASS][0m CAP_SETUID (bit 7) is not set — can change process UID
[0;32m[PASS][0m CAP_SETGID (bit 6) is not set — can change process GID
[0;32m[PASS][0m CAP_MKNOD (bit 27) is not set — can create special device files
[0;32m[PASS][0m CAP_NET_RAW (bit 13) is SET (expected) — can create raw network sockets (needed for nmap/traceroute)
[0;32m[PASS][0m CAP_NET_BIND_SERVICE (bit 10) is SET (expected) — can bind to ports < 1024
[0;32m[PASS][0m CAP_FOWNER (bit 3) is not set — can bypass file ownership checks
[0;32m[PASS][0m CAP_SETFCAP (bit 31) is not set — can set file capabilities

--- Phase 4: Host mount audit ---
Writable real-filesystem mounts:
[0;33m[WARN][0m Host mount: /sys/kernel/security (securityfs, rw,nosuid,nodev,noexec,relatime)
[0;33m[WARN][0m Host mount: /sys/fs/cgroup (cgroup2, rw,seclabel,nosuid,nodev,noexec,relatime,nsdelegate,memory_recursiveprot,memory_hugetlb_accounting)
[0;33m[WARN][0m Host mount: /sys/fs/pstore (pstore, rw,seclabel,nosuid,nodev,noexec,relatime)
[0;33m[WARN][0m Host mount: /sys/firmware/efi/efivars (efivarfs, rw,nosuid,nodev,noexec,relatime)
[0;33m[WARN][0m Host mount: /sys/fs/bpf (bpf, rw,nosuid,nodev,noexec,relatime,mode=700)
[0;33m[WARN][0m Host mount: /sys/kernel/config (configfs, rw,nosuid,nodev,noexec,relatime)
[0;33m[WARN][0m Host mount: /sys/fs/selinux (selinuxfs, rw,nosuid,noexec,relatime)
[0;33m[WARN][0m Host mount: /sys/fs/fuse/connections (fusectl, rw,nosuid,nodev,noexec,relatime)
[0;33m[WARN][0m Host mount: /sys/kernel/debug (debugfs, rw,seclabel,nosuid,nodev,noexec,relatime)
[0;33m[WARN][0m Host mount: /sys/kernel/debug/tracing (tracefs, rw,seclabel,nosuid,nodev,noexec,relatime)
[0;33m[WARN][0m Host mount: /sys/kernel/tracing (tracefs, rw,seclabel,nosuid,nodev,noexec,relatime)
[0;33m[WARN][0m Host mount: /root/.emacs.d (btrfs, rw,seclabel,relatime,compress=zstd:1,ssd,discard=async,space_cache=v2,subvolid=256,subvol=/root)
[0;33m[WARN][0m Host mount: /root/personalization (btrfs, rw,seclabel,relatime,compress=zstd:1,ssd,discard=async,space_cache=v2,subvolid=256,subvol=/root)
[0;33m[WARN][0m Host mount: /root/i.ar (btrfs, rw,seclabel,relatime,compress=zstd:1,ssd,discard=async,space_cache=v2,subvolid=256,subvol=/root)
[0;33m[WARN][0m Host mount: /root/.emacs.d/gptel-fork (btrfs, rw,seclabel,relatime,compress=zstd:1,ssd,discard=async,space_cache=v2,subvolid=256,subvol=/root)
[0;33m[WARN][0m Host mount: /root/i.ar/prompts (btrfs, rw,seclabel,relatime,compress=zstd:1,ssd,discard=async,space_cache=v2,subvolid=256,subvol=/root)
[0;33m[WARN][0m Host mount: /root/.emacs.d/metaconfig (btrfs, rw,seclabel,relatime,compress=zstd:1,ssd,discard=async,space_cache=v2,subvolid=256,subvol=/root)

============================================
[0;32m  PREFLIGHT PASSED[0m
============================================
Loading /root/.emacs.d/configs/paths.el (source)...
Loading /root/.emacs.d/configs/predicates.el (source)...
Loading /root/.emacs.d/configs/keybindings.el (source)...
Loading /root/.emacs.d/configs/delimiters.el (source)...
Loading /root/.emacs.d/configs/git.el (source)...
Loading /root/.emacs.d/configs/fork.el (source)...
Loading /root/.emacs.d/configs/delegate.el (source)...
Loading /root/.emacs.d/configs/cycle.el (source)...
Loading /root/.emacs.d/configs/loop-guard.el (source)...
Loading /root/.emacs.d/configs/memory.el (source)...
Loading /root/.emacs.d/configs/file-guard.el (source)...
Loading /root/.emacs.d/configs/tool-limits.el (source)...
Loading /root/.emacs.d/configs/tasks.el (source)...
Loading /root/.emacs.d/configs/mcp.el (source)...
Loading /root/.emacs.d/init.d/shared/iar-utils.el (source)...
Loading /root/.emacs.d/init.d/shared/iar-agent-utils.el (source)...
Loading /root/.emacs.d/init.d/core/iar-locale.el (source)...
Loading /root/.emacs.d/init.d/core/iar-package-setup.el (source)...
Loading /root/.emacs.d/init.d/core/iar-ui-cleanup.el (source)...
Loading /root/.emacs.d/init.d/core/iar-evil-mode.el (source)...
Loading /root/.emacs.d/init.d/core/iar-gptel-setup.el (source)...
[gptel] Using fork from /root/.emacs.d/gptel-fork (overriding ELPA package)
Loading /root/.emacs.d/configs/gptel.el (source)...
Loading /root/.emacs.d/init.d/core/iar-mcp-setup.el (source)...
Loading /root/.emacs.d/init.d/tool-call/iar-malformed-args.el (source)...
Loading /root/.emacs.d/init.d/tool-call/iar-tool-call.el (source)...
[tool-call] Layer installed
Loading /root/.emacs.d/init.d/tool-call/iar-tool-result-timestamp.el (source)...
Loading /root/.emacs.d/init.d/tool-call/iar-tool-result-budget.el (source)...
Loading /root/.emacs.d/init.d/tool-call/iar-request-log.el (source)...
[request-log] Witness installed
Loading /root/.emacs.d/init.d/tool-call/iar-context-fence.el (source)...
Loading /root/.emacs.d/init.d/tool-call/iar-msgs-fence.el (source)...
Loading /root/.emacs.d/init.d/tool-call/iar-request-watchdog.el (source)...
[watchdog] Request watchdog installed
Loading /root/.emacs.d/init.d/tool-call/iar-text-mode-detector.el (source)...
Loading /root/.emacs.d/init.d/agent/iar-prompt-loader.el (source)...
Loading /root/.emacs.d/init.d/core/iar-mount-awareness.el (source)...
Loading /root/.emacs.d/init.d/core/iar-rate-limit.el (source)...
Loading /root/.emacs.d/init.d/security/iar-output-sanitizer.el (source)...
Loading /root/.emacs.d/init.d/security/iar-file-guard.el (source)...
Loading /root/.emacs.d/init.d/security/iar-audit-log.el (source)...
Loading /root/.emacs.d/init.d/security/iar-loop-guard.el (source)...
Loading /root/.emacs.d/init.d/security/iar-loop-guard-chain.el (source)...
Loading /root/.emacs.d/init.d/security/iar-tool-guard.el (source)...
Loading /root/.emacs.d/init.d/security/iar-utf8-scrub.el (source)...
Loading /root/.emacs.d/init.d/tools/filesystem/list_directory.el (source)...
Loading /root/.emacs.d/init.d/tools/filesystem/read_file.el (source)...
Loading /root/.emacs.d/init.d/tools/filesystem/write_file.el (source)...
Loading /root/.emacs.d/init.d/tools/filesystem/append_file.el (source)...
Loading /root/.emacs.d/init.d/tools/code/execute_code_local.el (source)...
Loading /root/.emacs.d/init.d/tools/code/execute_code_remote.el (source)...
Loading /root/.emacs.d/init.d/tools/code/check_elisp.el (source)...
Loading /root/.emacs.d/init.d/tools/tasks/read_task.el (source)...
Loading /root/.emacs.d/init.d/tools/tasks/create_task.el (source)...
Loading /root/.emacs.d/init.d/tools/tasks/write_subtask.el (source)...
Loading /root/.emacs.d/init.d/tools/tasks/remove_task.el (source)...
Loading /root/.emacs.d/init.d/tools/tasks/read_history.el (source)...
Loading /root/.emacs.d/init.d/tools/tasks/read_roadmap.el (source)...
Loading /root/.emacs.d/init.d/tools/tasks/write_roadmap.el (source)...
Loading /root/.emacs.d/init.d/tools/notify/telegram.el (source)...
Loading /root/.emacs.d/init.d/tools/git/git_commit.el (source)...
Loading /root/.emacs.d/init.d/tools/knowledge/read_knowledge.el (source)...
Loading /root/.emacs.d/init.d/agent/iar-project-parser.el (source)...
Loading /root/.emacs.d/init.d/agent/iar-prompt-assembly.el (source)...
Loading /root/.emacs.d/init.d/agent/iar-agent-loader.el (source)...
Loading /root/.emacs.d/init.d/agent/iar-knowledge-loader.el (source)...
Loading /root/.emacs.d/init.d/agent/iar-buffer-info.el (source)...
Loading /root/.emacs.d/init.d/tools/agent/delegate.el (source)...
Loading /root/.emacs.d/init.d/tools/agent/reload_os.el (source)...
Loading /root/.emacs.d/init.d/tools/agent/reload_agent.el (source)...
Loading /root/.emacs.d/init.d/tools/agent/read_own_prompt.el (source)...
Loading /root/.emacs.d/init.d/agent/iar-guidelines-checker.el (source)...
Loading /root/.emacs.d/init.d/agent/iar-agent-cycle.el (source)...
Loading /root/.emacs.d/init.d/debug/iar-status-mode.el (source)...
[status-mode] Installed
Loading /root/.emacs.d/init.d/session/iar-quit.el (source)...
[aria] Starting cycle with 3600s timeout (archetype: aria-cycle, project: iar, cycle: aria_daily)
[aria] Assembled prompt: 47088 chars (~11772 tokens), 21 tools
[aria] Sending cycle prompt to aria agent...
Querying Ollama...
[aria] Cycle complete. Turns: 1, Tool calls: 43, Exit: 0
Tokens: 1360017 in / 32486 out / 1392503 total
Requests: 44
[0;32m[INF][2026-09-12 04:34:05][0m Cycle 1 succeeded in 368s (exit 0)

[0;34m[INF][2026-09-12 04:39:15][0m --- Cycle 1/1 ---
Already up to date.
============================================
  Preflight Mount Audit — Emacboros
  2026-09-12T07:39:15Z
============================================

--- Phase 1: /proc/mounts scan ---

--- Phase 2: Writability tests ---
[0;32m[PASS][0m /root/.emacs.d/.git/hooks — does not exist
[0;32m[PASS][0m /var/run/docker.sock — does not exist
[0;32m[PASS][0m /etc/cron.d — does not exist
[0;32m[PASS][0m /var/spool/cron — does not exist
[0;32m[PASS][0m /etc/systemd/system — directory is read-only
[0;32m[PASS][0m /etc/systemd — directory is read-only

--- Phase 3: Capability audit ---
[0;32m[PASS][0m CAP_DAC_OVERRIDE (bit 1) is not set — can bypass file read/write/execute permissions
[0;32m[PASS][0m CAP_SYS_ADMIN (bit 21) is not set — broad system administration (mount, namespaces, etc.)
[0;32m[PASS][0m CAP_SETUID (bit 7) is not set — can change process UID
[0;32m[PASS][0m CAP_SETGID (bit 6) is not set — can change process GID
[0;32m[PASS][0m CAP_MKNOD (bit 27) is not set — can create special device files
[0;32m[PASS][0m CAP_NET_RAW (bit 13) is SET (expected) — can create raw network sockets (needed for nmap/traceroute)
[0;32m[PASS][0m CAP_NET_BIND_SERVICE (bit 10) is SET (expected) — can bind to ports < 1024
[0;32m[PASS][0m CAP_FOWNER (bit 3) is not set — can bypass file ownership checks
[0;32m[PASS][0m CAP_SETFCAP (bit 31) is not set — can set file capabilities

--- Phase 4: Host mount audit ---
Writable real-filesystem mounts:
[0;33m[WARN][0m Host mount: /sys/kernel/security (securityfs, rw,nosuid,nodev,noexec,relatime)
[0;33m[WARN][0m Host mount: /sys/fs/cgroup (cgroup2, rw,seclabel,nosuid,nodev,noexec,relatime,nsdelegate,memory_recursiveprot,memory_hugetlb_accounting)
[0;33m[WARN][0m Host mount: /sys/fs/pstore (pstore, rw,seclabel,nosuid,nodev,noexec,relatime)
[0;33m[WARN][0m Host mount: /sys/firmware/efi/efivars (efivarfs, rw,nosuid,nodev,noexec,relatime)
[0;33m[WARN][0m Host mount: /sys/fs/bpf (bpf, rw,nosuid,nodev,noexec,relatime,mode=700)
[0;33m[WARN][0m Host mount: /sys/kernel/config (configfs, rw,nosuid,nodev,noexec,relatime)
[0;33m[WARN][0m Host mount: /sys/fs/selinux (selinuxfs, rw,nosuid,noexec,relatime)
[0;33m[WARN][0m Host mount: /sys/fs/fuse/connections (fusectl, rw,nosuid,nodev,noexec,relatime)
[0;33m[WARN][0m Host mount: /sys/kernel/debug (debugfs, rw,seclabel,nosuid,nodev,noexec,relatime)
[0;33m[WARN][0m Host mount: /sys/kernel/debug/tracing (tracefs, rw,seclabel,nosuid,nodev,noexec,relatime)
[0;33m[WARN][0m Host mount: /sys/kernel/tracing (tracefs, rw,seclabel,nosuid,nodev,noexec,relatime)
[0;33m[WARN][0m Host mount: /root/.emacs.d (btrfs, rw,seclabel,relatime,compress=zstd:1,ssd,discard=async,space_cache=v2,subvolid=256,subvol=/root)
[0;33m[WARN][0m Host mount: /root/i.ar (btrfs, rw,seclabel,relatime,compress=zstd:1,ssd,discard=async,space_cache=v2,subvolid=256,subvol=/root)
[0;33m[WARN][0m Host mount: /root/personalization (btrfs, rw,seclabel,relatime,compress=zstd:1,ssd,discard=async,space_cache=v2,subvolid=256,subvol=/root)
[0;33m[WARN][0m Host mount: /root/i.ar/prompts (btrfs, rw,seclabel,relatime,compress=zstd:1,ssd,discard=async,space_cache=v2,subvolid=256,subvol=/root)
[0;33m[WARN][0m Host mount: /root/.emacs.d/gptel-fork (btrfs, rw,seclabel,relatime,compress=zstd:1,ssd,discard=async,space_cache=v2,subvolid=256,subvol=/root)
[0;33m[WARN][0m Host mount: /root/.emacs.d/metaconfig (btrfs, rw,seclabel,relatime,compress=zstd:1,ssd,discard=async,space_cache=v2,subvolid=256,subvol=/root)

============================================
[0;32m  PREFLIGHT PASSED[0m
============================================
Loading /root/.emacs.d/configs/paths.el (source)...
Loading /root/.emacs.d/configs/predicates.el (source)...
Loading /root/.emacs.d/configs/keybindings.el (source)...
Loading /root/.emacs.d/configs/delimiters.el (source)...
Loading /root/.emacs.d/configs/git.el (source)...
Loading /root/.emacs.d/configs/fork.el (source)...
Loading /root/.emacs.d/configs/delegate.el (source)...
Loading /root/.emacs.d/configs/cycle.el (source)...
Loading /root/.emacs.d/configs/loop-guard.el (source)...
Loading /root/.emacs.d/configs/memory.el (source)...
Loading /root/.emacs.d/configs/file-guard.el (source)...
Loading /root/.emacs.d/configs/tool-limits.el (source)...
Loading /root/.emacs.d/configs/tasks.el (source)...
Loading /root/.emacs.d/configs/mcp.el (source)...
Loading /root/.emacs.d/init.d/shared/iar-utils.el (source)...
Loading /root/.emacs.d/init.d/shared/iar-agent-utils.el (source)...
Loading /root/.emacs.d/init.d/core/iar-locale.el (source)...
Loading /root/.emacs.d/init.d/core/iar-package-setup.el (source)...
Loading /root/.emacs.d/init.d/core/iar-ui-cleanup.el (source)...
Loading /root/.emacs.d/init.d/core/iar-evil-mode.el (source)...
Loading /root/.emacs.d/init.d/core/iar-gptel-setup.el (source)...
[gptel] Using fork from /root/.emacs.d/gptel-fork (overriding ELPA package)
Loading /root/.emacs.d/configs/gptel.el (source)...
Loading /root/.emacs.d/init.d/core/iar-mcp-setup.el (source)...
Loading /root/.emacs.d/init.d/tool-call/iar-malformed-args.el (source)...
Loading /root/.emacs.d/init.d/tool-call/iar-tool-call.el (source)...
[tool-call] Layer installed
Loading /root/.emacs.d/init.d/tool-call/iar-tool-result-timestamp.el (source)...
Loading /root/.emacs.d/init.d/tool-call/iar-tool-result-budget.el (source)...
Loading /root/.emacs.d/init.d/tool-call/iar-request-log.el (source)...
[request-log] Witness installed
Loading /root/.emacs.d/init.d/tool-call/iar-context-fence.el (source)...
Loading /root/.emacs.d/init.d/tool-call/iar-msgs-fence.el (source)...
Loading /root/.emacs.d/init.d/tool-call/iar-request-watchdog.el (source)...
[watchdog] Request watchdog installed
Loading /root/.emacs.d/init.d/tool-call/iar-text-mode-detector.el (source)...
Loading /root/.emacs.d/init.d/agent/iar-prompt-loader.el (source)...
Loading /root/.emacs.d/init.d/core/iar-mount-awareness.el (source)...
Loading /root/.emacs.d/init.d/core/iar-rate-limit.el (source)...
Loading /root/.emacs.d/init.d/security/iar-output-sanitizer.el (source)...
Loading /root/.emacs.d/init.d/security/iar-file-guard.el (source)...
Loading /root/.emacs.d/init.d/security/iar-audit-log.el (source)...
Loading /root/.emacs.d/init.d/security/iar-loop-guard.el (source)...
Loading /root/.emacs.d/init.d/security/iar-loop-guard-chain.el (source)...
Loading /root/.emacs.d/init.d/security/iar-tool-guard.el (source)...
Loading /root/.emacs.d/init.d/security/iar-utf8-scrub.el (source)...
Loading /root/.emacs.d/init.d/tools/filesystem/list_directory.el (source)...
Loading /root/.emacs.d/init.d/tools/filesystem/read_file.el (source)...
Loading /root/.emacs.d/init.d/tools/filesystem/write_file.el (source)...
Loading /root/.emacs.d/init.d/tools/filesystem/append_file.el (source)...
Loading /root/.emacs.d/init.d/tools/code/execute_code_local.el (source)...
Loading /root/.emacs.d/init.d/tools/code/execute_code_remote.el (source)...
Loading /root/.emacs.d/init.d/tools/code/check_elisp.el (source)...
Loading /root/.emacs.d/init.d/tools/tasks/read_task.el (source)...
Loading /root/.emacs.d/init.d/tools/tasks/create_task.el (source)...
Loading /root/.emacs.d/init.d/tools/tasks/write_subtask.el (source)...
Loading /root/.emacs.d/init.d/tools/tasks/remove_task.el (source)...
Loading /root/.emacs.d/init.d/tools/tasks/read_history.el (source)...
Loading /root/.emacs.d/init.d/tools/tasks/read_roadmap.el (source)...
Loading /root/.emacs.d/init.d/tools/tasks/write_roadmap.el (source)...
Loading /root/.emacs.d/init.d/tools/notify/telegram.el (source)...
Loading /root/.emacs.d/init.d/tools/git/git_commit.el (source)...
Loading /root/.emacs.d/init.d/tools/knowledge/read_knowledge.el (source)...
Loading /root/.emacs.d/init.d/agent/iar-project-parser.el (source)...
Loading /root/.emacs.d/init.d/agent/iar-prompt-assembly.el (source)...
Loading /root/.emacs.d/init.d/agent/iar-agent-loader.el (source)...
Loading /root/.emacs.d/init.d/agent/iar-knowledge-loader.el (source)...
Loading /root/.emacs.d/init.d/agent/iar-buffer-info.el (source)...
Loading /root/.emacs.d/init.d/tools/agent/delegate.el (source)...
Loading /root/.emacs.d/init.d/tools/agent/reload_os.el (source)...
Loading /root/.emacs.d/init.d/tools/agent/reload_agent.el (source)...
Loading /root/.emacs.d/init.d/tools/agent/read_own_prompt.el (source)...
Loading /root/.emacs.d/init.d/agent/iar-guidelines-checker.el (source)...
Loading /root/.emacs.d/init.d/agent/iar-agent-cycle.el (source)...
Loading /root/.emacs.d/init.d/debug/iar-status-mode.el (source)...
[status-mode] Installed
Loading /root/.emacs.d/init.d/session/iar-quit.el (source)...
[aria] Starting cycle with 3600s timeout (archetype: aria-cycle, project: iar, cycle: aria_daily)
[aria] Assembled prompt: 46979 chars (~11744 tokens), 21 tools
[aria] Sending cycle prompt to aria agent...
Querying Ollama...
[aria] Cycle complete. Turns: 1, Tool calls: 42, Exit: 0
Tokens: 1451671 in / 44441 out / 1496112 total
Requests: 43
[0;32m[INF][2026-09-12 04:47:09][0m Cycle 1 succeeded in 474s (exit 0)

[0;34m[INF][2026-09-12 04:56:58][0m --- Cycle 1/1 ---
Already up to date.
============================================
  Preflight Mount Audit — Emacboros
  2026-09-12T07:56:59Z
============================================

--- Phase 1: /proc/mounts scan ---

--- Phase 2: Writability tests ---
[0;32m[PASS][0m /root/.emacs.d/.git/hooks — does not exist
[0;32m[PASS][0m /var/run/docker.sock — does not exist
[0;32m[PASS][0m /etc/cron.d — does not exist
[0;32m[PASS][0m /var/spool/cron — does not exist
[0;32m[PASS][0m /etc/systemd/system — directory is read-only
[0;32m[PASS][0m /etc/systemd — directory is read-only

--- Phase 3: Capability audit ---
[0;32m[PASS][0m CAP_DAC_OVERRIDE (bit 1) is not set — can bypass file read/write/execute permissions
[0;32m[PASS][0m CAP_SYS_ADMIN (bit 21) is not set — broad system administration (mount, namespaces, etc.)
[0;32m[PASS][0m CAP_SETUID (bit 7) is not set — can change process UID
[0;32m[PASS][0m CAP_SETGID (bit 6) is not set — can change process GID
[0;32m[PASS][0m CAP_MKNOD (bit 27) is not set — can create special device files
[0;32m[PASS][0m CAP_NET_RAW (bit 13) is SET (expected) — can create raw network sockets (needed for nmap/traceroute)
[0;32m[PASS][0m CAP_NET_BIND_SERVICE (bit 10) is SET (expected) — can bind to ports < 1024
[0;32m[PASS][0m CAP_FOWNER (bit 3) is not set — can bypass file ownership checks
[0;32m[PASS][0m CAP_SETFCAP (bit 31) is not set — can set file capabilities

--- Phase 4: Host mount audit ---
Writable real-filesystem mounts:
[0;33m[WARN][0m Host mount: /sys/kernel/security (securityfs, rw,nosuid,nodev,noexec,relatime)
[0;33m[WARN][0m Host mount: /sys/fs/cgroup (cgroup2, rw,seclabel,nosuid,nodev,noexec,relatime,nsdelegate,memory_recursiveprot,memory_hugetlb_accounting)
[0;33m[WARN][0m Host mount: /sys/fs/pstore (pstore, rw,seclabel,nosuid,nodev,noexec,relatime)
[0;33m[WARN][0m Host mount: /sys/firmware/efi/efivars (efivarfs, rw,nosuid,nodev,noexec,relatime)
[0;33m[WARN][0m Host mount: /sys/fs/bpf (bpf, rw,nosuid,nodev,noexec,relatime,mode=700)
[0;33m[WARN][0m Host mount: /sys/kernel/config (configfs, rw,nosuid,nodev,noexec,relatime)
[0;33m[WARN][0m Host mount: /sys/fs/selinux (selinuxfs, rw,nosuid,noexec,relatime)
[0;33m[WARN][0m Host mount: /sys/fs/fuse/connections (fusectl, rw,nosuid,nodev,noexec,relatime)
[0;33m[WARN][0m Host mount: /sys/kernel/debug (debugfs, rw,seclabel,nosuid,nodev,noexec,relatime)
[0;33m[WARN][0m Host mount: /sys/kernel/debug/tracing (tracefs, rw,seclabel,nosuid,nodev,noexec,relatime)
[0;33m[WARN][0m Host mount: /sys/kernel/tracing (tracefs, rw,seclabel,nosuid,nodev,noexec,relatime)
[0;33m[WARN][0m Host mount: /root/i.ar (btrfs, rw,seclabel,relatime,compress=zstd:1,ssd,discard=async,space_cache=v2,subvolid=256,subvol=/root)
[0;33m[WARN][0m Host mount: /root/.emacs.d (btrfs, rw,seclabel,relatime,compress=zstd:1,ssd,discard=async,space_cache=v2,subvolid=256,subvol=/root)
[0;33m[WARN][0m Host mount: /root/personalization (btrfs, rw,seclabel,relatime,compress=zstd:1,ssd,discard=async,space_cache=v2,subvolid=256,subvol=/root)
[0;33m[WARN][0m Host mount: /root/.emacs.d/gptel-fork (btrfs, rw,seclabel,relatime,compress=zstd:1,ssd,discard=async,space_cache=v2,subvolid=256,subvol=/root)
[0;33m[WARN][0m Host mount: /root/i.ar/prompts (btrfs, rw,seclabel,relatime,compress=zstd:1,ssd,discard=async,space_cache=v2,subvolid=256,subvol=/root)
[0;33m[WARN][0m Host mount: /root/.emacs.d/metaconfig (btrfs, rw,seclabel,relatime,compress=zstd:1,ssd,discard=async,space_cache=v2,subvolid=256,subvol=/root)

============================================
[0;32m  PREFLIGHT PASSED[0m
============================================
Loading /root/.emacs.d/configs/paths.el (source)...
Loading /root/.emacs.d/configs/predicates.el (source)...
Loading /root/.emacs.d/configs/keybindings.el (source)...
Loading /root/.emacs.d/configs/delimiters.el (source)...
Loading /root/.emacs.d/configs/git.el (source)...
Loading /root/.emacs.d/configs/fork.el (source)...
Loading /root/.emacs.d/configs/delegate.el (source)...
Loading /root/.emacs.d/configs/cycle.el (source)...
Loading /root/.emacs.d/configs/loop-guard.el (source)...
Loading /root/.emacs.d/configs/memory.el (source)...
Loading /root/.emacs.d/configs/file-guard.el (source)...
Loading /root/.emacs.d/configs/tool-limits.el (source)...
Loading /root/.emacs.d/configs/tasks.el (source)...
Loading /root/.emacs.d/configs/mcp.el (source)...
Loading /root/.emacs.d/init.d/shared/iar-utils.el (source)...
Loading /root/.emacs.d/init.d/shared/iar-agent-utils.el (source)...
Loading /root/.emacs.d/init.d/core/iar-locale.el (source)...
Loading /root/.emacs.d/init.d/core/iar-package-setup.el (source)...
Loading /root/.emacs.d/init.d/core/iar-ui-cleanup.el (source)...
Loading /root/.emacs.d/init.d/core/iar-evil-mode.el (source)...
Loading /root/.emacs.d/init.d/core/iar-gptel-setup.el (source)...
[gptel] Using fork from /root/.emacs.d/gptel-fork (overriding ELPA package)
Loading /root/.emacs.d/configs/gptel.el (source)...
Loading /root/.emacs.d/init.d/core/iar-mcp-setup.el (source)...
Loading /root/.emacs.d/init.d/tool-call/iar-malformed-args.el (source)...
Loading /root/.emacs.d/init.d/tool-call/iar-tool-call.el (source)...
[tool-call] Layer installed
Loading /root/.emacs.d/init.d/tool-call/iar-tool-result-timestamp.el (source)...
Loading /root/.emacs.d/init.d/tool-call/iar-tool-result-budget.el (source)...
Loading /root/.emacs.d/init.d/tool-call/iar-request-log.el (source)...
[request-log] Witness installed
Loading /root/.emacs.d/init.d/tool-call/iar-context-fence.el (source)...
Loading /root/.emacs.d/init.d/tool-call/iar-msgs-fence.el (source)...
Loading /root/.emacs.d/init.d/tool-call/iar-request-watchdog.el (source)...
[watchdog] Request watchdog installed
Loading /root/.emacs.d/init.d/tool-call/iar-text-mode-detector.el (source)...
Loading /root/.emacs.d/init.d/agent/iar-prompt-loader.el (source)...
Loading /root/.emacs.d/init.d/core/iar-mount-awareness.el (source)...
Loading /root/.emacs.d/init.d/core/iar-rate-limit.el (source)...
Loading /root/.emacs.d/init.d/security/iar-output-sanitizer.el (source)...
Loading /root/.emacs.d/init.d/security/iar-file-guard.el (source)...
Loading /root/.emacs.d/init.d/security/iar-audit-log.el (source)...
Loading /root/.emacs.d/init.d/security/iar-loop-guard.el (source)...
Loading /root/.emacs.d/init.d/security/iar-loop-guard-chain.el (source)...
Loading /root/.emacs.d/init.d/security/iar-tool-guard.el (source)...
Loading /root/.emacs.d/init.d/security/iar-utf8-scrub.el (source)...
Loading /root/.emacs.d/init.d/tools/filesystem/list_directory.el (source)...
Loading /root/.emacs.d/init.d/tools/filesystem/read_file.el (source)...
Loading /root/.emacs.d/init.d/tools/filesystem/write_file.el (source)...
Loading /root/.emacs.d/init.d/tools/filesystem/append_file.el (source)...
Loading /root/.emacs.d/init.d/tools/code/execute_code_local.el (source)...
Loading /root/.emacs.d/init.d/tools/code/execute_code_remote.el (source)...
Loading /root/.emacs.d/init.d/tools/code/check_elisp.el (source)...
Loading /root/.emacs.d/init.d/tools/tasks/read_task.el (source)...
Loading /root/.emacs.d/init.d/tools/tasks/create_task.el (source)...
Loading /root/.emacs.d/init.d/tools/tasks/write_subtask.el (source)...
Loading /root/.emacs.d/init.d/tools/tasks/remove_task.el (source)...
Loading /root/.emacs.d/init.d/tools/tasks/read_history.el (source)...
Loading /root/.emacs.d/init.d/tools/tasks/read_roadmap.el (source)...
Loading /root/.emacs.d/init.d/tools/tasks/write_roadmap.el (source)...
Loading /root/.emacs.d/init.d/tools/notify/telegram.el (source)...
Loading /root/.emacs.d/init.d/tools/git/git_commit.el (source)...
Loading /root/.emacs.d/init.d/tools/knowledge/read_knowledge.el (source)...
Loading /root/.emacs.d/init.d/agent/iar-project-parser.el (source)...
Loading /root/.emacs.d/init.d/agent/iar-prompt-assembly.el (source)...
Loading /root/.emacs.d/init.d/agent/iar-agent-loader.el (source)...
Loading /root/.emacs.d/init.d/agent/iar-knowledge-loader.el (source)...
Loading /root/.emacs.d/init.d/agent/iar-buffer-info.el (source)...
Loading /root/.emacs.d/init.d/tools/agent/delegate.el (source)...
Loading /root/.emacs.d/init.d/tools/agent/reload_os.el (source)...
Loading /root/.emacs.d/init.d/tools/agent/reload_agent.el (source)...
Loading /root/.emacs.d/init.d/tools/agent/read_own_prompt.el (source)...
Loading /root/.emacs.d/init.d/agent/iar-guidelines-checker.el (source)...
Loading /root/.emacs.d/init.d/agent/iar-agent-cycle.el (source)...
Loading /root/.emacs.d/init.d/debug/iar-status-mode.el (source)...
[status-mode] Installed
Loading /root/.emacs.d/init.d/session/iar-quit.el (source)...
[aria] Starting cycle with 3600s timeout (archetype: aria-cycle, project: iar, cycle: aria_daily)
[aria] Assembled prompt: 47062 chars (~11765 tokens), 21 tools
[aria] Sending cycle prompt to aria agent...
Querying Ollama...
Ollama error: (HTTP/1.1 503 Service Unavailable) Malformed JSON in response.
Querying Ollama...
[aria] Same-tool warning: 100 calls to execute_code_local this cycle -- one call blocked with notice
[aria] Tool-call budget warning (150/300) -- one call blocked with notice
[aria] Msgs soft cap warning (msgs 400 >= 400) -- one call blocked with notice
Querying Ollama...
[aria] Cycle complete. Turns: 2, Tool calls: 299, Exit: 0
Tokens: 31292770 in / 139215 out / 31431985 total
Requests: 302
[0;32m[INF][2026-09-12 05:35:30][0m Cycle 1 succeeded in 2312s (exit 0)

[0;34m[INF][2026-09-12 05:46:42][0m --- Cycle 1/1 ---
Already up to date.
============================================
  Preflight Mount Audit — Emacboros
  2026-09-12T08:46:43Z
============================================

--- Phase 1: /proc/mounts scan ---

--- Phase 2: Writability tests ---
[0;32m[PASS][0m /root/.emacs.d/.git/hooks — does not exist
[0;32m[PASS][0m /var/run/docker.sock — does not exist
[0;32m[PASS][0m /etc/cron.d — does not exist
[0;32m[PASS][0m /var/spool/cron — does not exist
[0;32m[PASS][0m /etc/systemd/system — directory is read-only
[0;32m[PASS][0m /etc/systemd — directory is read-only

--- Phase 3: Capability audit ---
[0;32m[PASS][0m CAP_DAC_OVERRIDE (bit 1) is not set — can bypass file read/write/execute permissions
[0;32m[PASS][0m CAP_SYS_ADMIN (bit 21) is not set — broad system administration (mount, namespaces, etc.)
[0;32m[PASS][0m CAP_SETUID (bit 7) is not set — can change process UID
[0;32m[PASS][0m CAP_SETGID (bit 6) is not set — can change process GID
[0;32m[PASS][0m CAP_MKNOD (bit 27) is not set — can create special device files
[0;32m[PASS][0m CAP_NET_RAW (bit 13) is SET (expected) — can create raw network sockets (needed for nmap/traceroute)
[0;32m[PASS][0m CAP_NET_BIND_SERVICE (bit 10) is SET (expected) — can bind to ports < 1024
[0;32m[PASS][0m CAP_FOWNER (bit 3) is not set — can bypass file ownership checks
[0;32m[PASS][0m CAP_SETFCAP (bit 31) is not set — can set file capabilities

--- Phase 4: Host mount audit ---
Writable real-filesystem mounts:
[0;33m[WARN][0m Host mount: /sys/kernel/security (securityfs, rw,nosuid,nodev,noexec,relatime)
[0;33m[WARN][0m Host mount: /sys/fs/cgroup (cgroup2, rw,seclabel,nosuid,nodev,noexec,relatime,nsdelegate,memory_recursiveprot,memory_hugetlb_accounting)
[0;33m[WARN][0m Host mount: /sys/fs/pstore (pstore, rw,seclabel,nosuid,nodev,noexec,relatime)
[0;33m[WARN][0m Host mount: /sys/firmware/efi/efivars (efivarfs, rw,nosuid,nodev,noexec,relatime)
[0;33m[WARN][0m Host mount: /sys/fs/bpf (bpf, rw,nosuid,nodev,noexec,relatime,mode=700)
[0;33m[WARN][0m Host mount: /sys/kernel/config (configfs, rw,nosuid,nodev,noexec,relatime)
[0;33m[WARN][0m Host mount: /sys/fs/selinux (selinuxfs, rw,nosuid,noexec,relatime)
[0;33m[WARN][0m Host mount: /sys/fs/fuse/connections (fusectl, rw,nosuid,nodev,noexec,relatime)
[0;33m[WARN][0m Host mount: /sys/kernel/debug (debugfs, rw,seclabel,nosuid,nodev,noexec,relatime)
[0;33m[WARN][0m Host mount: /sys/kernel/debug/tracing (tracefs, rw,seclabel,nosuid,nodev,noexec,relatime)
[0;33m[WARN][0m Host mount: /sys/kernel/tracing (tracefs, rw,seclabel,nosuid,nodev,noexec,relatime)
[0;33m[WARN][0m Host mount: /root/i.ar (btrfs, rw,seclabel,relatime,compress=zstd:1,ssd,discard=async,space_cache=v2,subvolid=256,subvol=/root)
[0;33m[WARN][0m Host mount: /root/personalization (btrfs, rw,seclabel,relatime,compress=zstd:1,ssd,discard=async,space_cache=v2,subvolid=256,subvol=/root)
[0;33m[WARN][0m Host mount: /root/.emacs.d (btrfs, rw,seclabel,relatime,compress=zstd:1,ssd,discard=async,space_cache=v2,subvolid=256,subvol=/root)
[0;33m[WARN][0m Host mount: /root/i.ar/prompts (btrfs, rw,seclabel,relatime,compress=zstd:1,ssd,discard=async,space_cache=v2,subvolid=256,subvol=/root)
[0;33m[WARN][0m Host mount: /root/.emacs.d/gptel-fork (btrfs, rw,seclabel,relatime,compress=zstd:1,ssd,discard=async,space_cache=v2,subvolid=256,subvol=/root)
[0;33m[WARN][0m Host mount: /root/.emacs.d/metaconfig (btrfs, rw,seclabel,relatime,compress=zstd:1,ssd,discard=async,space_cache=v2,subvolid=256,subvol=/root)

============================================
[0;32m  PREFLIGHT PASSED[0m
============================================
Loading /root/.emacs.d/configs/paths.el (source)...
Loading /root/.emacs.d/configs/predicates.el (source)...
Loading /root/.emacs.d/configs/keybindings.el (source)...
Loading /root/.emacs.d/configs/delimiters.el (source)...
Loading /root/.emacs.d/configs/git.el (source)...
Loading /root/.emacs.d/configs/fork.el (source)...
Loading /root/.emacs.d/configs/delegate.el (source)...
Loading /root/.emacs.d/configs/cycle.el (source)...
Loading /root/.emacs.d/configs/loop-guard.el (source)...
Loading /root/.emacs.d/configs/memory.el (source)...
Loading /root/.emacs.d/configs/file-guard.el (source)...
Loading /root/.emacs.d/configs/tool-limits.el (source)...
Loading /root/.emacs.d/configs/tasks.el (source)...
Loading /root/.emacs.d/configs/mcp.el (source)...
Loading /root/.emacs.d/init.d/shared/iar-utils.el (source)...
Loading /root/.emacs.d/init.d/shared/iar-agent-utils.el (source)...
Loading /root/.emacs.d/init.d/core/iar-locale.el (source)...
Loading /root/.emacs.d/init.d/core/iar-package-setup.el (source)...
Loading /root/.emacs.d/init.d/core/iar-ui-cleanup.el (source)...
Loading /root/.emacs.d/init.d/core/iar-evil-mode.el (source)...
Loading /root/.emacs.d/init.d/core/iar-gptel-setup.el (source)...
[gptel] Using fork from /root/.emacs.d/gptel-fork (overriding ELPA package)
Loading /root/.emacs.d/configs/gptel.el (source)...
Loading /root/.emacs.d/init.d/core/iar-mcp-setup.el (source)...
Loading /root/.emacs.d/init.d/tool-call/iar-malformed-args.el (source)...
Loading /root/.emacs.d/init.d/tool-call/iar-tool-call.el (source)...
[tool-call] Layer installed
Loading /root/.emacs.d/init.d/tool-call/iar-tool-result-timestamp.el (source)...
Loading /root/.emacs.d/init.d/tool-call/iar-tool-result-budget.el (source)...
Loading /root/.emacs.d/init.d/tool-call/iar-request-log.el (source)...
[request-log] Witness installed
Loading /root/.emacs.d/init.d/tool-call/iar-context-fence.el (source)...
Loading /root/.emacs.d/init.d/tool-call/iar-msgs-fence.el (source)...
Loading /root/.emacs.d/init.d/tool-call/iar-request-watchdog.el (source)...
[watchdog] Request watchdog installed
Loading /root/.emacs.d/init.d/tool-call/iar-text-mode-detector.el (source)...
Loading /root/.emacs.d/init.d/agent/iar-prompt-loader.el (source)...
Loading /root/.emacs.d/init.d/core/iar-mount-awareness.el (source)...
Loading /root/.emacs.d/init.d/core/iar-rate-limit.el (source)...
Loading /root/.emacs.d/init.d/security/iar-output-sanitizer.el (source)...
Loading /root/.emacs.d/init.d/security/iar-file-guard.el (source)...
Loading /root/.emacs.d/init.d/security/iar-audit-log.el (source)...
Loading /root/.emacs.d/init.d/security/iar-loop-guard.el (source)...
Loading /root/.emacs.d/init.d/security/iar-loop-guard-chain.el (source)...
Loading /root/.emacs.d/init.d/security/iar-tool-guard.el (source)...
Loading /root/.emacs.d/init.d/security/iar-utf8-scrub.el (source)...
Loading /root/.emacs.d/init.d/tools/filesystem/list_directory.el (source)...
Loading /root/.emacs.d/init.d/tools/filesystem/read_file.el (source)...
Loading /root/.emacs.d/init.d/tools/filesystem/write_file.el (source)...
Loading /root/.emacs.d/init.d/tools/filesystem/append_file.el (source)...
Loading /root/.emacs.d/init.d/tools/code/execute_code_local.el (source)...
Loading /root/.emacs.d/init.d/tools/code/execute_code_remote.el (source)...
Loading /root/.emacs.d/init.d/tools/code/check_elisp.el (source)...
Loading /root/.emacs.d/init.d/tools/tasks/read_task.el (source)...
Loading /root/.emacs.d/init.d/tools/tasks/create_task.el (source)...
Loading /root/.emacs.d/init.d/tools/tasks/write_subtask.el (source)...
Loading /root/.emacs.d/init.d/tools/tasks/remove_task.el (source)...
Loading /root/.emacs.d/init.d/tools/tasks/read_history.el (source)...
Loading /root/.emacs.d/init.d/tools/tasks/read_roadmap.el (source)...
Loading /root/.emacs.d/init.d/tools/tasks/write_roadmap.el (source)...
Loading /root/.emacs.d/init.d/tools/notify/telegram.el (source)...
Loading /root/.emacs.d/init.d/tools/git/git_commit.el (source)...
Loading /root/.emacs.d/init.d/tools/knowledge/read_knowledge.el (source)...
Loading /root/.emacs.d/init.d/agent/iar-project-parser.el (source)...
Loading /root/.emacs.d/init.d/agent/iar-prompt-assembly.el (source)...
Loading /root/.emacs.d/init.d/agent/iar-agent-loader.el (source)...
Loading /root/.emacs.d/init.d/agent/iar-knowledge-loader.el (source)...
Loading /root/.emacs.d/init.d/agent/iar-buffer-info.el (source)...
Loading /root/.emacs.d/init.d/tools/agent/delegate.el (source)...
Loading /root/.emacs.d/init.d/tools/agent/reload_os.el (source)...
Loading /root/.emacs.d/init.d/tools/agent/reload_agent.el (source)...
Loading /root/.emacs.d/init.d/tools/agent/read_own_prompt.el (source)...
Loading /root/.emacs.d/init.d/agent/iar-guidelines-checker.el (source)...
Loading /root/.emacs.d/init.d/agent/iar-agent-cycle.el (source)...
Loading /root/.emacs.d/init.d/debug/iar-status-mode.el (source)...
[status-mode] Installed
Loading /root/.emacs.d/init.d/session/iar-quit.el (source)...
[aria] Starting cycle with 3600s timeout (archetype: aria-cycle, project: iar, cycle: aria_daily)
[aria] Assembled prompt: 46926 chars (~11731 tokens), 21 tools
[aria] Sending cycle prompt to aria agent...
Querying Ollama...
[aria] Tool-call budget warning (150/300) -- one call blocked with notice
[loop-guard-chain] SOFT BLOCK: execute_code_local chained 10 times
[loop-guard-chain] SOFT BLOCK: execute_code_local chained 11 times
Querying Ollama...
[loop-guard-chain] SOFT BLOCK: execute_code_local chained 10 times
Stopped gptel request in buffer "*gptel-delegate-delegate-implementer-1-1789204614*"
[aria] Cycle complete. Turns: 1, Tool calls: 220, Exit: 0
Tokens: 10910879 in / 77713 out / 10988592 total
Requests: 221
[0;32m[INF][2026-09-12 06:24:13][0m Cycle 1 succeeded in 2251s (exit 0)

[0;34m[INF][2026-09-12 06:31:46][0m --- Cycle 1/1 ---
Already up to date.
============================================
  Preflight Mount Audit — Emacboros
  2026-09-12T09:31:47Z
============================================

--- Phase 1: /proc/mounts scan ---

--- Phase 2: Writability tests ---
[0;32m[PASS][0m /root/.emacs.d/.git/hooks — does not exist
[0;32m[PASS][0m /var/run/docker.sock — does not exist
[0;32m[PASS][0m /etc/cron.d — does not exist
[0;32m[PASS][0m /var/spool/cron — does not exist
[0;32m[PASS][0m /etc/systemd/system — directory is read-only
[0;32m[PASS][0m /etc/systemd — directory is read-only

--- Phase 3: Capability audit ---
[0;32m[PASS][0m CAP_DAC_OVERRIDE (bit 1) is not set — can bypass file read/write/execute permissions
[0;32m[PASS][0m CAP_SYS_ADMIN (bit 21) is not set — broad system administration (mount, namespaces, etc.)
[0;32m[PASS][0m CAP_SETUID (bit 7) is not set — can change process UID
[0;32m[PASS][0m CAP_SETGID (bit 6) is not set — can change process GID
[0;32m[PASS][0m CAP_MKNOD (bit 27) is not set — can create special device files
[0;32m[PASS][0m CAP_NET_RAW (bit 13) is SET (expected) — can create raw network sockets (needed for nmap/traceroute)
[0;32m[PASS][0m CAP_NET_BIND_SERVICE (bit 10) is SET (expected) — can bind to ports < 1024
[0;32m[PASS][0m CAP_FOWNER (bit 3) is not set — can bypass file ownership checks
[0;32m[PASS][0m CAP_SETFCAP (bit 31) is not set — can set file capabilities

--- Phase 4: Host mount audit ---
Writable real-filesystem mounts:
[0;33m[WARN][0m Host mount: /sys/kernel/security (securityfs, rw,nosuid,nodev,noexec,relatime)
[0;33m[WARN][0m Host mount: /sys/fs/cgroup (cgroup2, rw,seclabel,nosuid,nodev,noexec,relatime,nsdelegate,memory_recursiveprot,memory_hugetlb_accounting)
[0;33m[WARN][0m Host mount: /sys/fs/pstore (pstore, rw,seclabel,nosuid,nodev,noexec,relatime)
[0;33m[WARN][0m Host mount: /sys/firmware/efi/efivars (efivarfs, rw,nosuid,nodev,noexec,relatime)
[0;33m[WARN][0m Host mount: /sys/fs/bpf (bpf, rw,nosuid,nodev,noexec,relatime,mode=700)
[0;33m[WARN][0m Host mount: /sys/kernel/config (configfs, rw,nosuid,nodev,noexec,relatime)
[0;33m[WARN][0m Host mount: /sys/fs/selinux (selinuxfs, rw,nosuid,noexec,relatime)
[0;33m[WARN][0m Host mount: /sys/fs/fuse/connections (fusectl, rw,nosuid,nodev,noexec,relatime)
[0;33m[WARN][0m Host mount: /sys/kernel/debug (debugfs, rw,seclabel,nosuid,nodev,noexec,relatime)
[0;33m[WARN][0m Host mount: /sys/kernel/debug/tracing (tracefs, rw,seclabel,nosuid,nodev,noexec,relatime)
[0;33m[WARN][0m Host mount: /sys/kernel/tracing (tracefs, rw,seclabel,nosuid,nodev,noexec,relatime)
[0;33m[WARN][0m Host mount: /root/i.ar (btrfs, rw,seclabel,relatime,compress=zstd:1,ssd,discard=async,space_cache=v2,subvolid=256,subvol=/root)
[0;33m[WARN][0m Host mount: /root/.emacs.d (btrfs, rw,seclabel,relatime,compress=zstd:1,ssd,discard=async,space_cache=v2,subvolid=256,subvol=/root)
[0;33m[WARN][0m Host mount: /root/personalization (btrfs, rw,seclabel,relatime,compress=zstd:1,ssd,discard=async,space_cache=v2,subvolid=256,subvol=/root)
[0;33m[WARN][0m Host mount: /root/.emacs.d/metaconfig (btrfs, rw,seclabel,relatime,compress=zstd:1,ssd,discard=async,space_cache=v2,subvolid=256,subvol=/root)
[0;33m[WARN][0m Host mount: /root/.emacs.d/gptel-fork (btrfs, rw,seclabel,relatime,compress=zstd:1,ssd,discard=async,space_cache=v2,subvolid=256,subvol=/root)
[0;33m[WARN][0m Host mount: /root/i.ar/prompts (btrfs, rw,seclabel,relatime,compress=zstd:1,ssd,discard=async,space_cache=v2,subvolid=256,subvol=/root)

============================================
[0;32m  PREFLIGHT PASSED[0m
============================================
Loading /root/.emacs.d/configs/paths.el (source)...
Loading /root/.emacs.d/configs/predicates.el (source)...
Loading /root/.emacs.d/configs/keybindings.el (source)...
Loading /root/.emacs.d/configs/delimiters.el (source)...
Loading /root/.emacs.d/configs/git.el (source)...
Loading /root/.emacs.d/configs/fork.el (source)...
Loading /root/.emacs.d/configs/delegate.el (source)...
Loading /root/.emacs.d/configs/cycle.el (source)...
Loading /root/.emacs.d/configs/loop-guard.el (source)...
Loading /root/.emacs.d/configs/memory.el (source)...
Loading /root/.emacs.d/configs/file-guard.el (source)...
Loading /root/.emacs.d/configs/tool-limits.el (source)...
Loading /root/.emacs.d/configs/tasks.el (source)...
Loading /root/.emacs.d/configs/mcp.el (source)...
Loading /root/.emacs.d/init.d/shared/iar-utils.el (source)...
Loading /root/.emacs.d/init.d/shared/iar-agent-utils.el (source)...
Loading /root/.emacs.d/init.d/core/iar-locale.el (source)...
Loading /root/.emacs.d/init.d/core/iar-package-setup.el (source)...
Loading /root/.emacs.d/init.d/core/iar-ui-cleanup.el (source)...
Loading /root/.emacs.d/init.d/core/iar-evil-mode.el (source)...
Loading /root/.emacs.d/init.d/core/iar-gptel-setup.el (source)...
[gptel] Using fork from /root/.emacs.d/gptel-fork (overriding ELPA package)
Loading /root/.emacs.d/configs/gptel.el (source)...
Loading /root/.emacs.d/init.d/core/iar-mcp-setup.el (source)...
Loading /root/.emacs.d/init.d/tool-call/iar-malformed-args.el (source)...
Loading /root/.emacs.d/init.d/tool-call/iar-tool-call.el (source)...
[tool-call] Layer installed
Loading /root/.emacs.d/init.d/tool-call/iar-tool-result-timestamp.el (source)...
Loading /root/.emacs.d/init.d/tool-call/iar-tool-result-budget.el (source)...
Loading /root/.emacs.d/init.d/tool-call/iar-request-log.el (source)...
[request-log] Witness installed
Loading /root/.emacs.d/init.d/tool-call/iar-context-fence.el (source)...
Loading /root/.emacs.d/init.d/tool-call/iar-msgs-fence.el (source)...
Loading /root/.emacs.d/init.d/tool-call/iar-request-watchdog.el (source)...
[watchdog] Request watchdog installed
Loading /root/.emacs.d/init.d/tool-call/iar-text-mode-detector.el (source)...
Loading /root/.emacs.d/init.d/agent/iar-prompt-loader.el (source)...
Loading /root/.emacs.d/init.d/core/iar-mount-awareness.el (source)...
Loading /root/.emacs.d/init.d/core/iar-rate-limit.el (source)...
Loading /root/.emacs.d/init.d/security/iar-output-sanitizer.el (source)...
Loading /root/.emacs.d/init.d/security/iar-file-guard.el (source)...
Loading /root/.emacs.d/init.d/security/iar-audit-log.el (source)...
Loading /root/.emacs.d/init.d/security/iar-loop-guard.el (source)...
Loading /root/.emacs.d/init.d/security/iar-loop-guard-chain.el (source)...
Loading /root/.emacs.d/init.d/security/iar-tool-guard.el (source)...
Loading /root/.emacs.d/init.d/security/iar-utf8-scrub.el (source)...
Loading /root/.emacs.d/init.d/tools/filesystem/list_directory.el (source)...
Loading /root/.emacs.d/init.d/tools/filesystem/read_file.el (source)...
Loading /root/.emacs.d/init.d/tools/filesystem/write_file.el (source)...
Loading /root/.emacs.d/init.d/tools/filesystem/append_file.el (source)...
Loading /root/.emacs.d/init.d/tools/code/execute_code_local.el (source)...
Loading /root/.emacs.d/init.d/tools/code/execute_code_remote.el (source)...
Loading /root/.emacs.d/init.d/tools/code/check_elisp.el (source)...
Loading /root/.emacs.d/init.d/tools/tasks/read_task.el (source)...
Loading /root/.emacs.d/init.d/tools/tasks/create_task.el (source)...
Loading /root/.emacs.d/init.d/tools/tasks/write_subtask.el (source)...
Loading /root/.emacs.d/init.d/tools/tasks/remove_task.el (source)...
Loading /root/.emacs.d/init.d/tools/tasks/read_history.el (source)...
Loading /root/.emacs.d/init.d/tools/tasks/read_roadmap.el (source)...
Loading /root/.emacs.d/init.d/tools/tasks/write_roadmap.el (source)...
Loading /root/.emacs.d/init.d/tools/notify/telegram.el (source)...
Loading /root/.emacs.d/init.d/tools/git/git_commit.el (source)...
Loading /root/.emacs.d/init.d/tools/knowledge/read_knowledge.el (source)...
Loading /root/.emacs.d/init.d/agent/iar-project-parser.el (source)...
Loading /root/.emacs.d/init.d/agent/iar-prompt-assembly.el (source)...
Loading /root/.emacs.d/init.d/agent/iar-agent-loader.el (source)...
Loading /root/.emacs.d/init.d/agent/iar-knowledge-loader.el (source)...
Loading /root/.emacs.d/init.d/agent/iar-buffer-info.el (source)...
Loading /root/.emacs.d/init.d/tools/agent/delegate.el (source)...
Loading /root/.emacs.d/init.d/tools/agent/reload_os.el (source)...
Loading /root/.emacs.d/init.d/tools/agent/reload_agent.el (source)...
Loading /root/.emacs.d/init.d/tools/agent/read_own_prompt.el (source)...
Loading /root/.emacs.d/init.d/agent/iar-guidelines-checker.el (source)...
Loading /root/.emacs.d/init.d/agent/iar-agent-cycle.el (source)...
Loading /root/.emacs.d/init.d/debug/iar-status-mode.el (source)...
[status-mode] Installed
Loading /root/.emacs.d/init.d/session/iar-quit.el (source)...
[aria] Starting cycle with 3600s timeout (archetype: aria-cycle, project: iar, cycle: aria_daily)
[aria] Assembled prompt: 46887 chars (~11721 tokens), 21 tools
[aria] Sending cycle prompt to aria agent...
Querying Ollama...
[loop-guard-chain] SOFT BLOCK: execute_code_local chained 10 times
[loop-guard-chain] SOFT BLOCK: execute_code_local chained 10 times
[loop-guard-chain] SOFT BLOCK: execute_code_local chained 10 times
[loop-guard-chain] SOFT BLOCK: execute_code_local chained 10 times
[loop-guard-chain] SOFT BLOCK: execute_code_local chained 10 times
[loop-guard] SOFT BLOCK: execute_code_local called 3 times identically, sending correction
[loop-guard-chain] SOFT BLOCK: execute_code_local chained 12 times
[loop-guard-chain] SOFT BLOCK: execute_code_local chained 12 times
[loop-guard] SOFT BLOCK: execute_code_local called 3 times identically, sending correction
[loop-guard-chain] SOFT BLOCK: execute_code_local chained 14 times
[loop-guard-chain] SOFT BLOCK: execute_code_local chained 14 times
[loop-guard] SOFT BLOCK: execute_code_local called 3 times identically, sending correction
[loop-guard] SOFT BLOCK: execute_code_local called 4 times identically, sending correction
[loop-guard] SOFT BLOCK: execute_code_local called 5 times identically, sending correction
[loop-guard] HARD STOP: execute_code_local called 6 times identically
Ollama error: (Stopped by hook) Request stopped: agent called execute_code_local with identical arguments 6 times.
The loop guard has blocked 3 attempts and the model has not self-corrected.
Stopping to prevent resource waste.
Querying Ollama...
[aria] Same-tool warning: 100 calls to execute_code_local this cycle -- one call blocked with notice
[aria] Tool-call budget warning (150/300) -- one call blocked with notice
Querying Ollama...
Stopped gptel request in buffer "*gptel-delegate-delegate-reviewer-1-1789206372*"
[aria] Cycle complete. Turns: 2, Tool calls: 190, Exit: 0
Tokens: 9541924 in / 145184 out / 9687108 total
Requests: 192
[0;32m[INF][2026-09-12 06:58:57][0m Cycle 1 succeeded in 1631s (exit 0)

[0;34m[INF][2026-09-12 07:04:19][0m --- Cycle 1/1 ---
Already up to date.
============================================
  Preflight Mount Audit — Emacboros
  2026-09-12T10:04:20Z
============================================

--- Phase 1: /proc/mounts scan ---

--- Phase 2: Writability tests ---
[0;32m[PASS][0m /root/.emacs.d/.git/hooks — does not exist
[0;32m[PASS][0m /var/run/docker.sock — does not exist
[0;32m[PASS][0m /etc/cron.d — does not exist
[0;32m[PASS][0m /var/spool/cron — does not exist
[0;32m[PASS][0m /etc/systemd/system — directory is read-only
[0;32m[PASS][0m /etc/systemd — directory is read-only

--- Phase 3: Capability audit ---
[0;32m[PASS][0m CAP_DAC_OVERRIDE (bit 1) is not set — can bypass file read/write/execute permissions
[0;32m[PASS][0m CAP_SYS_ADMIN (bit 21) is not set — broad system administration (mount, namespaces, etc.)
[0;32m[PASS][0m CAP_SETUID (bit 7) is not set — can change process UID
[0;32m[PASS][0m CAP_SETGID (bit 6) is not set — can change process GID
[0;32m[PASS][0m CAP_MKNOD (bit 27) is not set — can create special device files
[0;32m[PASS][0m CAP_NET_RAW (bit 13) is SET (expected) — can create raw network sockets (needed for nmap/traceroute)
[0;32m[PASS][0m CAP_NET_BIND_SERVICE (bit 10) is SET (expected) — can bind to ports < 1024
[0;32m[PASS][0m CAP_FOWNER (bit 3) is not set — can bypass file ownership checks
[0;32m[PASS][0m CAP_SETFCAP (bit 31) is not set — can set file capabilities

--- Phase 4: Host mount audit ---
Writable real-filesystem mounts:
[0;33m[WARN][0m Host mount: /sys/kernel/security (securityfs, rw,nosuid,nodev,noexec,relatime)
[0;33m[WARN][0m Host mount: /sys/fs/cgroup (cgroup2, rw,seclabel,nosuid,nodev,noexec,relatime,nsdelegate,memory_recursiveprot,memory_hugetlb_accounting)
[0;33m[WARN][0m Host mount: /sys/fs/pstore (pstore, rw,seclabel,nosuid,nodev,noexec,relatime)
[0;33m[WARN][0m Host mount: /sys/firmware/efi/efivars (efivarfs, rw,nosuid,nodev,noexec,relatime)
[0;33m[WARN][0m Host mount: /sys/fs/bpf (bpf, rw,nosuid,nodev,noexec,relatime,mode=700)
[0;33m[WARN][0m Host mount: /sys/kernel/config (configfs, rw,nosuid,nodev,noexec,relatime)
[0;33m[WARN][0m Host mount: /sys/fs/selinux (selinuxfs, rw,nosuid,noexec,relatime)
[0;33m[WARN][0m Host mount: /sys/fs/fuse/connections (fusectl, rw,nosuid,nodev,noexec,relatime)
[0;33m[WARN][0m Host mount: /sys/kernel/debug (debugfs, rw,seclabel,nosuid,nodev,noexec,relatime)
[0;33m[WARN][0m Host mount: /sys/kernel/debug/tracing (tracefs, rw,seclabel,nosuid,nodev,noexec,relatime)
[0;33m[WARN][0m Host mount: /sys/kernel/tracing (tracefs, rw,seclabel,nosuid,nodev,noexec,relatime)
[0;33m[WARN][0m Host mount: /root/personalization (btrfs, rw,seclabel,relatime,compress=zstd:1,ssd,discard=async,space_cache=v2,subvolid=256,subvol=/root)
[0;33m[WARN][0m Host mount: /root/i.ar (btrfs, rw,seclabel,relatime,compress=zstd:1,ssd,discard=async,space_cache=v2,subvolid=256,subvol=/root)
[0;33m[WARN][0m Host mount: /root/.emacs.d (btrfs, rw,seclabel,relatime,compress=zstd:1,ssd,discard=async,space_cache=v2,subvolid=256,subvol=/root)
[0;33m[WARN][0m Host mount: /root/.emacs.d/metaconfig (btrfs, rw,seclabel,relatime,compress=zstd:1,ssd,discard=async,space_cache=v2,subvolid=256,subvol=/root)
[0;33m[WARN][0m Host mount: /root/i.ar/prompts (btrfs, rw,seclabel,relatime,compress=zstd:1,ssd,discard=async,space_cache=v2,subvolid=256,subvol=/root)
[0;33m[WARN][0m Host mount: /root/.emacs.d/gptel-fork (btrfs, rw,seclabel,relatime,compress=zstd:1,ssd,discard=async,space_cache=v2,subvolid=256,subvol=/root)

============================================
[0;32m  PREFLIGHT PASSED[0m
============================================
Loading /root/.emacs.d/configs/paths.el (source)...
Loading /root/.emacs.d/configs/predicates.el (source)...
Loading /root/.emacs.d/configs/keybindings.el (source)...
Loading /root/.emacs.d/configs/delimiters.el (source)...
Loading /root/.emacs.d/configs/git.el (source)...
Loading /root/.emacs.d/configs/fork.el (source)...
Loading /root/.emacs.d/configs/delegate.el (source)...
Loading /root/.emacs.d/configs/cycle.el (source)...
Loading /root/.emacs.d/configs/loop-guard.el (source)...
Loading /root/.emacs.d/configs/memory.el (source)...
Loading /root/.emacs.d/configs/file-guard.el (source)...
Loading /root/.emacs.d/configs/tool-limits.el (source)...
Loading /root/.emacs.d/configs/tasks.el (source)...
Loading /root/.emacs.d/configs/mcp.el (source)...
Loading /root/.emacs.d/init.d/shared/iar-utils.el (source)...
Loading /root/.emacs.d/init.d/shared/iar-agent-utils.el (source)...
Loading /root/.emacs.d/init.d/core/iar-locale.el (source)...
Loading /root/.emacs.d/init.d/core/iar-package-setup.el (source)...
Loading /root/.emacs.d/init.d/core/iar-ui-cleanup.el (source)...
Loading /root/.emacs.d/init.d/core/iar-evil-mode.el (source)...
Loading /root/.emacs.d/init.d/core/iar-gptel-setup.el (source)...
[gptel] Using fork from /root/.emacs.d/gptel-fork (overriding ELPA package)
Loading /root/.emacs.d/configs/gptel.el (source)...
Loading /root/.emacs.d/init.d/core/iar-mcp-setup.el (source)...
Loading /root/.emacs.d/init.d/tool-call/iar-malformed-args.el (source)...
Loading /root/.emacs.d/init.d/tool-call/iar-tool-call.el (source)...
[tool-call] Layer installed
Loading /root/.emacs.d/init.d/tool-call/iar-tool-result-timestamp.el (source)...
Loading /root/.emacs.d/init.d/tool-call/iar-tool-result-budget.el (source)...
Loading /root/.emacs.d/init.d/tool-call/iar-request-log.el (source)...
[request-log] Witness installed
Loading /root/.emacs.d/init.d/tool-call/iar-context-fence.el (source)...
Loading /root/.emacs.d/init.d/tool-call/iar-msgs-fence.el (source)...
Loading /root/.emacs.d/init.d/tool-call/iar-request-watchdog.el (source)...
[watchdog] Request watchdog installed
Loading /root/.emacs.d/init.d/tool-call/iar-text-mode-detector.el (source)...
Loading /root/.emacs.d/init.d/agent/iar-prompt-loader.el (source)...
Loading /root/.emacs.d/init.d/core/iar-mount-awareness.el (source)...
Loading /root/.emacs.d/init.d/core/iar-rate-limit.el (source)...
Loading /root/.emacs.d/init.d/security/iar-output-sanitizer.el (source)...
Loading /root/.emacs.d/init.d/security/iar-file-guard.el (source)...
Loading /root/.emacs.d/init.d/security/iar-audit-log.el (source)...
Loading /root/.emacs.d/init.d/security/iar-loop-guard.el (source)...
Loading /root/.emacs.d/init.d/security/iar-loop-guard-chain.el (source)...
Loading /root/.emacs.d/init.d/security/iar-tool-guard.el (source)...
Loading /root/.emacs.d/init.d/security/iar-utf8-scrub.el (source)...
Loading /root/.emacs.d/init.d/tools/filesystem/list_directory.el (source)...
Loading /root/.emacs.d/init.d/tools/filesystem/read_file.el (source)...
Loading /root/.emacs.d/init.d/tools/filesystem/write_file.el (source)...
Loading /root/.emacs.d/init.d/tools/filesystem/append_file.el (source)...
Loading /root/.emacs.d/init.d/tools/code/execute_code_local.el (source)...
Loading /root/.emacs.d/init.d/tools/code/execute_code_remote.el (source)...
Loading /root/.emacs.d/init.d/tools/code/check_elisp.el (source)...
Loading /root/.emacs.d/init.d/tools/tasks/read_task.el (source)...
Loading /root/.emacs.d/init.d/tools/tasks/create_task.el (source)...
Loading /root/.emacs.d/init.d/tools/tasks/write_subtask.el (source)...
Loading /root/.emacs.d/init.d/tools/tasks/remove_task.el (source)...
Loading /root/.emacs.d/init.d/tools/tasks/read_history.el (source)...
Loading /root/.emacs.d/init.d/tools/tasks/read_roadmap.el (source)...
Loading /root/.emacs.d/init.d/tools/tasks/write_roadmap.el (source)...
Loading /root/.emacs.d/init.d/tools/notify/telegram.el (source)...
Loading /root/.emacs.d/init.d/tools/git/git_commit.el (source)...
Loading /root/.emacs.d/init.d/tools/knowledge/read_knowledge.el (source)...
Loading /root/.emacs.d/init.d/agent/iar-project-parser.el (source)...
Loading /root/.emacs.d/init.d/agent/iar-prompt-assembly.el (source)...
Loading /root/.emacs.d/init.d/agent/iar-agent-loader.el (source)...
Loading /root/.emacs.d/init.d/agent/iar-knowledge-loader.el (source)...
Loading /root/.emacs.d/init.d/agent/iar-buffer-info.el (source)...
Loading /root/.emacs.d/init.d/tools/agent/delegate.el (source)...
Loading /root/.emacs.d/init.d/tools/agent/reload_os.el (source)...
Loading /root/.emacs.d/init.d/tools/agent/reload_agent.el (source)...
Loading /root/.emacs.d/init.d/tools/agent/read_own_prompt.el (source)...
Loading /root/.emacs.d/init.d/agent/iar-guidelines-checker.el (source)...
Loading /root/.emacs.d/init.d/agent/iar-agent-cycle.el (source)...
Loading /root/.emacs.d/init.d/debug/iar-status-mode.el (source)...
[status-mode] Installed
Loading /root/.emacs.d/init.d/session/iar-quit.el (source)...
[aria] Starting cycle with 3600s timeout (archetype: aria-cycle, project: iar, cycle: aria_daily)
[aria] Assembled prompt: 45955 chars (~11488 tokens), 21 tools
[aria] Sending cycle prompt to aria agent...
Querying Ollama...
[aria] Same-tool warning: 100 calls to execute_code_local this cycle -- one call blocked with notice
[aria] Tool-call budget warning (150/300) -- one call blocked with notice
[aria] Cycle complete. Turns: 1, Tool calls: 151, Exit: 0
Tokens: 8998761 in / 46486 out / 9045247 total
Requests: 152
[0;32m[INF][2026-09-12 07:14:40][0m Cycle 1 succeeded in 621s (exit 0)

[0;34m[INF][2026-09-12 07:22:48][0m --- Cycle 1/1 ---
Already up to date.
============================================
  Preflight Mount Audit — Emacboros
  2026-09-12T10:22:48Z
============================================

--- Phase 1: /proc/mounts scan ---

--- Phase 2: Writability tests ---
[0;32m[PASS][0m /root/.emacs.d/.git/hooks — does not exist
[0;32m[PASS][0m /var/run/docker.sock — does not exist
[0;32m[PASS][0m /etc/cron.d — does not exist
[0;32m[PASS][0m /var/spool/cron — does not exist
[0;32m[PASS][0m /etc/systemd/system — directory is read-only
[0;32m[PASS][0m /etc/systemd — directory is read-only

--- Phase 3: Capability audit ---
[0;32m[PASS][0m CAP_DAC_OVERRIDE (bit 1) is not set — can bypass file read/write/execute permissions
[0;32m[PASS][0m CAP_SYS_ADMIN (bit 21) is not set — broad system administration (mount, namespaces, etc.)
[0;32m[PASS][0m CAP_SETUID (bit 7) is not set — can change process UID
[0;32m[PASS][0m CAP_SETGID (bit 6) is not set — can change process GID
[0;32m[PASS][0m CAP_MKNOD (bit 27) is not set — can create special device files
[0;32m[PASS][0m CAP_NET_RAW (bit 13) is SET (expected) — can create raw network sockets (needed for nmap/traceroute)
[0;32m[PASS][0m CAP_NET_BIND_SERVICE (bit 10) is SET (expected) — can bind to ports < 1024
[0;32m[PASS][0m CAP_FOWNER (bit 3) is not set — can bypass file ownership checks
[0;32m[PASS][0m CAP_SETFCAP (bit 31) is not set — can set file capabilities

--- Phase 4: Host mount audit ---
Writable real-filesystem mounts:
[0;33m[WARN][0m Host mount: /sys/kernel/security (securityfs, rw,nosuid,nodev,noexec,relatime)
[0;33m[WARN][0m Host mount: /sys/fs/cgroup (cgroup2, rw,seclabel,nosuid,nodev,noexec,relatime,nsdelegate,memory_recursiveprot,memory_hugetlb_accounting)
[0;33m[WARN][0m Host mount: /sys/fs/pstore (pstore, rw,seclabel,nosuid,nodev,noexec,relatime)
[0;33m[WARN][0m Host mount: /sys/firmware/efi/efivars (efivarfs, rw,nosuid,nodev,noexec,relatime)
[0;33m[WARN][0m Host mount: /sys/fs/bpf (bpf, rw,nosuid,nodev,noexec,relatime,mode=700)
[0;33m[WARN][0m Host mount: /sys/kernel/config (configfs, rw,nosuid,nodev,noexec,relatime)
[0;33m[WARN][0m Host mount: /sys/fs/selinux (selinuxfs, rw,nosuid,noexec,relatime)
[0;33m[WARN][0m Host mount: /sys/fs/fuse/connections (fusectl, rw,nosuid,nodev,noexec,relatime)
[0;33m[WARN][0m Host mount: /sys/kernel/debug (debugfs, rw,seclabel,nosuid,nodev,noexec,relatime)
[0;33m[WARN][0m Host mount: /sys/kernel/debug/tracing (tracefs, rw,seclabel,nosuid,nodev,noexec,relatime)
[0;33m[WARN][0m Host mount: /sys/kernel/tracing (tracefs, rw,seclabel,nosuid,nodev,noexec,relatime)
[0;33m[WARN][0m Host mount: /root/.emacs.d (btrfs, rw,seclabel,relatime,compress=zstd:1,ssd,discard=async,space_cache=v2,subvolid=256,subvol=/root)
[0;33m[WARN][0m Host mount: /root/i.ar (btrfs, rw,seclabel,relatime,compress=zstd:1,ssd,discard=async,space_cache=v2,subvolid=256,subvol=/root)
[0;33m[WARN][0m Host mount: /root/personalization (btrfs, rw,seclabel,relatime,compress=zstd:1,ssd,discard=async,space_cache=v2,subvolid=256,subvol=/root)
[0;33m[WARN][0m Host mount: /root/.emacs.d/gptel-fork (btrfs, rw,seclabel,relatime,compress=zstd:1,ssd,discard=async,space_cache=v2,subvolid=256,subvol=/root)
[0;33m[WARN][0m Host mount: /root/.emacs.d/metaconfig (btrfs, rw,seclabel,relatime,compress=zstd:1,ssd,discard=async,space_cache=v2,subvolid=256,subvol=/root)
[0;33m[WARN][0m Host mount: /root/i.ar/prompts (btrfs, rw,seclabel,relatime,compress=zstd:1,ssd,discard=async,space_cache=v2,subvolid=256,subvol=/root)

============================================
[0;32m  PREFLIGHT PASSED[0m
============================================
Loading /root/.emacs.d/configs/paths.el (source)...
Loading /root/.emacs.d/configs/predicates.el (source)...
Loading /root/.emacs.d/configs/keybindings.el (source)...
Loading /root/.emacs.d/configs/delimiters.el (source)...
Loading /root/.emacs.d/configs/git.el (source)...
Loading /root/.emacs.d/configs/fork.el (source)...
Loading /root/.emacs.d/configs/delegate.el (source)...
Loading /root/.emacs.d/configs/cycle.el (source)...
Loading /root/.emacs.d/configs/loop-guard.el (source)...
Loading /root/.emacs.d/configs/memory.el (source)...
Loading /root/.emacs.d/configs/file-guard.el (source)...
Loading /root/.emacs.d/configs/tool-limits.el (source)...
Loading /root/.emacs.d/configs/tasks.el (source)...
Loading /root/.emacs.d/configs/mcp.el (source)...
Loading /root/.emacs.d/init.d/shared/iar-utils.el (source)...
Loading /root/.emacs.d/init.d/shared/iar-agent-utils.el (source)...
Loading /root/.emacs.d/init.d/core/iar-locale.el (source)...
Loading /root/.emacs.d/init.d/core/iar-package-setup.el (source)...
Loading /root/.emacs.d/init.d/core/iar-ui-cleanup.el (source)...
Loading /root/.emacs.d/init.d/core/iar-evil-mode.el (source)...
Loading /root/.emacs.d/init.d/core/iar-gptel-setup.el (source)...
[gptel] Using fork from /root/.emacs.d/gptel-fork (overriding ELPA package)
Loading /root/.emacs.d/configs/gptel.el (source)...
Loading /root/.emacs.d/init.d/core/iar-mcp-setup.el (source)...
Loading /root/.emacs.d/init.d/tool-call/iar-malformed-args.el (source)...
Loading /root/.emacs.d/init.d/tool-call/iar-tool-call.el (source)...
[tool-call] Layer installed
Loading /root/.emacs.d/init.d/tool-call/iar-tool-result-timestamp.el (source)...
Loading /root/.emacs.d/init.d/tool-call/iar-tool-result-budget.el (source)...
Loading /root/.emacs.d/init.d/tool-call/iar-request-log.el (source)...
[request-log] Witness installed
Loading /root/.emacs.d/init.d/tool-call/iar-context-fence.el (source)...
Loading /root/.emacs.d/init.d/tool-call/iar-msgs-fence.el (source)...
Loading /root/.emacs.d/init.d/tool-call/iar-request-watchdog.el (source)...
[watchdog] Request watchdog installed
Loading /root/.emacs.d/init.d/tool-call/iar-text-mode-detector.el (source)...
Loading /root/.emacs.d/init.d/agent/iar-prompt-loader.el (source)...
Loading /root/.emacs.d/init.d/core/iar-mount-awareness.el (source)...
Loading /root/.emacs.d/init.d/core/iar-rate-limit.el (source)...
Loading /root/.emacs.d/init.d/security/iar-output-sanitizer.el (source)...
Loading /root/.emacs.d/init.d/security/iar-file-guard.el (source)...
Loading /root/.emacs.d/init.d/security/iar-audit-log.el (source)...
Loading /root/.emacs.d/init.d/security/iar-loop-guard.el (source)...
Loading /root/.emacs.d/init.d/security/iar-loop-guard-chain.el (source)...
Loading /root/.emacs.d/init.d/security/iar-tool-guard.el (source)...
Loading /root/.emacs.d/init.d/security/iar-utf8-scrub.el (source)...
Loading /root/.emacs.d/init.d/tools/filesystem/list_directory.el (source)...
Loading /root/.emacs.d/init.d/tools/filesystem/read_file.el (source)...
Loading /root/.emacs.d/init.d/tools/filesystem/write_file.el (source)...
Loading /root/.emacs.d/init.d/tools/filesystem/append_file.el (source)...
Loading /root/.emacs.d/init.d/tools/code/execute_code_local.el (source)...
Loading /root/.emacs.d/init.d/tools/code/execute_code_remote.el (source)...
Loading /root/.emacs.d/init.d/tools/code/check_elisp.el (source)...
Loading /root/.emacs.d/init.d/tools/tasks/read_task.el (source)...
Loading /root/.emacs.d/init.d/tools/tasks/create_task.el (source)...
Loading /root/.emacs.d/init.d/tools/tasks/write_subtask.el (source)...
Loading /root/.emacs.d/init.d/tools/tasks/remove_task.el (source)...
Loading /root/.emacs.d/init.d/tools/tasks/read_history.el (source)...
Loading /root/.emacs.d/init.d/tools/tasks/read_roadmap.el (source)...
Loading /root/.emacs.d/init.d/tools/tasks/write_roadmap.el (source)...
Loading /root/.emacs.d/init.d/tools/notify/telegram.el (source)...
Loading /root/.emacs.d/init.d/tools/git/git_commit.el (source)...
Loading /root/.emacs.d/init.d/tools/knowledge/read_knowledge.el (source)...
Loading /root/.emacs.d/init.d/agent/iar-project-parser.el (source)...
Loading /root/.emacs.d/init.d/agent/iar-prompt-assembly.el (source)...
Loading /root/.emacs.d/init.d/agent/iar-agent-loader.el (source)...
Loading /root/.emacs.d/init.d/agent/iar-knowledge-loader.el (source)...
Loading /root/.emacs.d/init.d/agent/iar-buffer-info.el (source)...
Loading /root/.emacs.d/init.d/tools/agent/delegate.el (source)...
Loading /root/.emacs.d/init.d/tools/agent/reload_os.el (source)...
Loading /root/.emacs.d/init.d/tools/agent/reload_agent.el (source)...
Loading /root/.emacs.d/init.d/tools/agent/read_own_prompt.el (source)...
Loading /root/.emacs.d/init.d/agent/iar-guidelines-checker.el (source)...
Loading /root/.emacs.d/init.d/agent/iar-agent-cycle.el (source)...
Loading /root/.emacs.d/init.d/debug/iar-status-mode.el (source)...
[status-mode] Installed
Loading /root/.emacs.d/init.d/session/iar-quit.el (source)...
[aria] Starting cycle with 3600s timeout (archetype: aria-cycle, project: iar, cycle: aria_daily)
[aria] Assembled prompt: 45837 chars (~11459 tokens), 21 tools
[aria] Sending cycle prompt to aria agent...
Querying Ollama...
[aria] Same-tool warning: 100 calls to execute_code_local this cycle -- one call blocked with notice
[aria] Tool-call budget warning (150/300) -- one call blocked with notice
[aria] Cycle complete. Turns: 1, Tool calls: 199, Exit: 0
Tokens: 13212862 in / 58135 out / 13270997 total
Requests: 200
[0;32m[INF][2026-09-12 07:55:49][0m Cycle 1 succeeded in 1981s (exit 0)

[0;34m[INF][2026-09-12 08:01:44][0m --- Cycle 1/1 ---
Already up to date.
============================================
  Preflight Mount Audit — Emacboros
  2026-09-12T11:01:44Z
============================================

--- Phase 1: /proc/mounts scan ---

--- Phase 2: Writability tests ---
[0;32m[PASS][0m /root/.emacs.d/.git/hooks — does not exist
[0;32m[PASS][0m /var/run/docker.sock — does not exist
[0;32m[PASS][0m /etc/cron.d — does not exist
[0;32m[PASS][0m /var/spool/cron — does not exist
[0;32m[PASS][0m /etc/systemd/system — directory is read-only
[0;32m[PASS][0m /etc/systemd — directory is read-only

--- Phase 3: Capability audit ---
[0;32m[PASS][0m CAP_DAC_OVERRIDE (bit 1) is not set — can bypass file read/write/execute permissions
[0;32m[PASS][0m CAP_SYS_ADMIN (bit 21) is not set — broad system administration (mount, namespaces, etc.)
[0;32m[PASS][0m CAP_SETUID (bit 7) is not set — can change process UID
[0;32m[PASS][0m CAP_SETGID (bit 6) is not set — can change process GID
[0;32m[PASS][0m CAP_MKNOD (bit 27) is not set — can create special device files
[0;32m[PASS][0m CAP_NET_RAW (bit 13) is SET (expected) — can create raw network sockets (needed for nmap/traceroute)
[0;32m[PASS][0m CAP_NET_BIND_SERVICE (bit 10) is SET (expected) — can bind to ports < 1024
[0;32m[PASS][0m CAP_FOWNER (bit 3) is not set — can bypass file ownership checks
[0;32m[PASS][0m CAP_SETFCAP (bit 31) is not set — can set file capabilities

--- Phase 4: Host mount audit ---
Writable real-filesystem mounts:
[0;33m[WARN][0m Host mount: /sys/kernel/security (securityfs, rw,nosuid,nodev,noexec,relatime)
[0;33m[WARN][0m Host mount: /sys/fs/cgroup (cgroup2, rw,seclabel,nosuid,nodev,noexec,relatime,nsdelegate,memory_recursiveprot,memory_hugetlb_accounting)
[0;33m[WARN][0m Host mount: /sys/fs/pstore (pstore, rw,seclabel,nosuid,nodev,noexec,relatime)
[0;33m[WARN][0m Host mount: /sys/firmware/efi/efivars (efivarfs, rw,nosuid,nodev,noexec,relatime)
[0;33m[WARN][0m Host mount: /sys/fs/bpf (bpf, rw,nosuid,nodev,noexec,relatime,mode=700)
[0;33m[WARN][0m Host mount: /sys/kernel/config (configfs, rw,nosuid,nodev,noexec,relatime)
[0;33m[WARN][0m Host mount: /sys/fs/selinux (selinuxfs, rw,nosuid,noexec,relatime)
[0;33m[WARN][0m Host mount: /sys/fs/fuse/connections (fusectl, rw,nosuid,nodev,noexec,relatime)
[0;33m[WARN][0m Host mount: /sys/kernel/debug (debugfs, rw,seclabel,nosuid,nodev,noexec,relatime)
[0;33m[WARN][0m Host mount: /sys/kernel/debug/tracing (tracefs, rw,seclabel,nosuid,nodev,noexec,relatime)
[0;33m[WARN][0m Host mount: /sys/kernel/tracing (tracefs, rw,seclabel,nosuid,nodev,noexec,relatime)
[0;33m[WARN][0m Host mount: /root/i.ar (btrfs, rw,seclabel,relatime,compress=zstd:1,ssd,discard=async,space_cache=v2,subvolid=256,subvol=/root)
[0;33m[WARN][0m Host mount: /root/.emacs.d (btrfs, rw,seclabel,relatime,compress=zstd:1,ssd,discard=async,space_cache=v2,subvolid=256,subvol=/root)
[0;33m[WARN][0m Host mount: /root/personalization (btrfs, rw,seclabel,relatime,compress=zstd:1,ssd,discard=async,space_cache=v2,subvolid=256,subvol=/root)
[0;33m[WARN][0m Host mount: /root/i.ar/prompts (btrfs, rw,seclabel,relatime,compress=zstd:1,ssd,discard=async,space_cache=v2,subvolid=256,subvol=/root)
[0;33m[WARN][0m Host mount: /root/.emacs.d/gptel-fork (btrfs, rw,seclabel,relatime,compress=zstd:1,ssd,discard=async,space_cache=v2,subvolid=256,subvol=/root)
[0;33m[WARN][0m Host mount: /root/.emacs.d/metaconfig (btrfs, rw,seclabel,relatime,compress=zstd:1,ssd,discard=async,space_cache=v2,subvolid=256,subvol=/root)

============================================
[0;32m  PREFLIGHT PASSED[0m
============================================
Loading /root/.emacs.d/configs/paths.el (source)...
Loading /root/.emacs.d/configs/predicates.el (source)...
Loading /root/.emacs.d/configs/keybindings.el (source)...
Loading /root/.emacs.d/configs/delimiters.el (source)...
Loading /root/.emacs.d/configs/git.el (source)...
Loading /root/.emacs.d/configs/fork.el (source)...
Loading /root/.emacs.d/configs/delegate.el (source)...
Loading /root/.emacs.d/configs/cycle.el (source)...
Loading /root/.emacs.d/configs/loop-guard.el (source)...
Loading /root/.emacs.d/configs/memory.el (source)...
Loading /root/.emacs.d/configs/file-guard.el (source)...
Loading /root/.emacs.d/configs/tool-limits.el (source)...
Loading /root/.emacs.d/configs/tasks.el (source)...
Loading /root/.emacs.d/configs/mcp.el (source)...
Loading /root/.emacs.d/init.d/shared/iar-utils.el (source)...
Loading /root/.emacs.d/init.d/shared/iar-agent-utils.el (source)...
Loading /root/.emacs.d/init.d/core/iar-locale.el (source)...
Loading /root/.emacs.d/init.d/core/iar-package-setup.el (source)...
Loading /root/.emacs.d/init.d/core/iar-ui-cleanup.el (source)...
Loading /root/.emacs.d/init.d/core/iar-evil-mode.el (source)...
Loading /root/.emacs.d/init.d/core/iar-gptel-setup.el (source)...
[gptel] Using fork from /root/.emacs.d/gptel-fork (overriding ELPA package)
Loading /root/.emacs.d/configs/gptel.el (source)...
Loading /root/.emacs.d/init.d/core/iar-mcp-setup.el (source)...
Loading /root/.emacs.d/init.d/tool-call/iar-malformed-args.el (source)...
Loading /root/.emacs.d/init.d/tool-call/iar-tool-call.el (source)...
[tool-call] Layer installed
Loading /root/.emacs.d/init.d/tool-call/iar-tool-result-timestamp.el (source)...
Loading /root/.emacs.d/init.d/tool-call/iar-tool-result-budget.el (source)...
Loading /root/.emacs.d/init.d/tool-call/iar-request-log.el (source)...
[request-log] Witness installed
Loading /root/.emacs.d/init.d/tool-call/iar-context-fence.el (source)...
Loading /root/.emacs.d/init.d/tool-call/iar-msgs-fence.el (source)...
Loading /root/.emacs.d/init.d/tool-call/iar-request-watchdog.el (source)...
[watchdog] Request watchdog installed
Loading /root/.emacs.d/init.d/tool-call/iar-text-mode-detector.el (source)...
Loading /root/.emacs.d/init.d/agent/iar-prompt-loader.el (source)...
Loading /root/.emacs.d/init.d/core/iar-mount-awareness.el (source)...
Loading /root/.emacs.d/init.d/core/iar-rate-limit.el (source)...
Loading /root/.emacs.d/init.d/security/iar-output-sanitizer.el (source)...
Loading /root/.emacs.d/init.d/security/iar-file-guard.el (source)...
Loading /root/.emacs.d/init.d/security/iar-audit-log.el (source)...
Loading /root/.emacs.d/init.d/security/iar-loop-guard.el (source)...
Loading /root/.emacs.d/init.d/security/iar-loop-guard-chain.el (source)...
Loading /root/.emacs.d/init.d/security/iar-tool-guard.el (source)...
Loading /root/.emacs.d/init.d/security/iar-utf8-scrub.el (source)...
Loading /root/.emacs.d/init.d/tools/filesystem/list_directory.el (source)...
Loading /root/.emacs.d/init.d/tools/filesystem/read_file.el (source)...
Loading /root/.emacs.d/init.d/tools/filesystem/write_file.el (source)...
Loading /root/.emacs.d/init.d/tools/filesystem/append_file.el (source)...
Loading /root/.emacs.d/init.d/tools/code/execute_code_local.el (source)...
Loading /root/.emacs.d/init.d/tools/code/execute_code_remote.el (source)...
Loading /root/.emacs.d/init.d/tools/code/check_elisp.el (source)...
Loading /root/.emacs.d/init.d/tools/tasks/read_task.el (source)...
Loading /root/.emacs.d/init.d/tools/tasks/create_task.el (source)...
Loading /root/.emacs.d/init.d/tools/tasks/write_subtask.el (source)...
Loading /root/.emacs.d/init.d/tools/tasks/remove_task.el (source)...
Loading /root/.emacs.d/init.d/tools/tasks/read_history.el (source)...
Loading /root/.emacs.d/init.d/tools/tasks/read_roadmap.el (source)...
Loading /root/.emacs.d/init.d/tools/tasks/write_roadmap.el (source)...
Loading /root/.emacs.d/init.d/tools/notify/telegram.el (source)...
Loading /root/.emacs.d/init.d/tools/git/git_commit.el (source)...
Loading /root/.emacs.d/init.d/tools/knowledge/read_knowledge.el (source)...
Loading /root/.emacs.d/init.d/agent/iar-project-parser.el (source)...
Loading /root/.emacs.d/init.d/agent/iar-prompt-assembly.el (source)...
Loading /root/.emacs.d/init.d/agent/iar-agent-loader.el (source)...
Loading /root/.emacs.d/init.d/agent/iar-knowledge-loader.el (source)...
Loading /root/.emacs.d/init.d/agent/iar-buffer-info.el (source)...
Loading /root/.emacs.d/init.d/tools/agent/delegate.el (source)...
Loading /root/.emacs.d/init.d/tools/agent/reload_os.el (source)...
Loading /root/.emacs.d/init.d/tools/agent/reload_agent.el (source)...
Loading /root/.emacs.d/init.d/tools/agent/read_own_prompt.el (source)...
Loading /root/.emacs.d/init.d/agent/iar-guidelines-checker.el (source)...
Loading /root/.emacs.d/init.d/agent/iar-agent-cycle.el (source)...
Loading /root/.emacs.d/init.d/debug/iar-status-mode.el (source)...
[status-mode] Installed
Loading /root/.emacs.d/init.d/session/iar-quit.el (source)...
[aria] Starting cycle with 3600s timeout (archetype: aria-cycle, project: iar, cycle: aria_daily)
[aria] Assembled prompt: 45823 chars (~11455 tokens), 21 tools
[aria] Sending cycle prompt to aria agent...
Querying Ollama...
[loop-guard-chain] SOFT BLOCK: execute_code_local chained 10 times
[loop-guard-chain] SOFT BLOCK: execute_code_local chained 10 times
[loop-guard-chain] SOFT BLOCK: execute_code_local chained 11 times
[aria] Same-tool warning: 100 calls to execute_code_local this cycle -- one call blocked with notice
[aria] Tool-call budget warning (150/300) -- one call blocked with notice
[aria] Cycle complete. Turns: 1, Tool calls: 165, Exit: 0
Tokens: 10861502 in / 49570 out / 10911072 total
Requests: 166
[0;32m[INF][2026-09-12 08:20:41][0m Cycle 1 succeeded in 1137s (exit 0)

[0;34m[INF][2026-09-12 08:29:20][0m --- Cycle 1/1 ---
Already up to date.
============================================
  Preflight Mount Audit — Emacboros
  2026-09-12T11:29:21Z
============================================

--- Phase 1: /proc/mounts scan ---

--- Phase 2: Writability tests ---
[0;32m[PASS][0m /root/.emacs.d/.git/hooks — does not exist
[0;32m[PASS][0m /var/run/docker.sock — does not exist
[0;32m[PASS][0m /etc/cron.d — does not exist
[0;32m[PASS][0m /var/spool/cron — does not exist
[0;32m[PASS][0m /etc/systemd/system — directory is read-only
[0;32m[PASS][0m /etc/systemd — directory is read-only

--- Phase 3: Capability audit ---
[0;32m[PASS][0m CAP_DAC_OVERRIDE (bit 1) is not set — can bypass file read/write/execute permissions
[0;32m[PASS][0m CAP_SYS_ADMIN (bit 21) is not set — broad system administration (mount, namespaces, etc.)
[0;32m[PASS][0m CAP_SETUID (bit 7) is not set — can change process UID
[0;32m[PASS][0m CAP_SETGID (bit 6) is not set — can change process GID
[0;32m[PASS][0m CAP_MKNOD (bit 27) is not set — can create special device files
[0;32m[PASS][0m CAP_NET_RAW (bit 13) is SET (expected) — can create raw network sockets (needed for nmap/traceroute)
[0;32m[PASS][0m CAP_NET_BIND_SERVICE (bit 10) is SET (expected) — can bind to ports < 1024
[0;32m[PASS][0m CAP_FOWNER (bit 3) is not set — can bypass file ownership checks
[0;32m[PASS][0m CAP_SETFCAP (bit 31) is not set — can set file capabilities

--- Phase 4: Host mount audit ---
Writable real-filesystem mounts:
[0;33m[WARN][0m Host mount: /sys/kernel/security (securityfs, rw,nosuid,nodev,noexec,relatime)
[0;33m[WARN][0m Host mount: /sys/fs/cgroup (cgroup2, rw,seclabel,nosuid,nodev,noexec,relatime,nsdelegate,memory_recursiveprot,memory_hugetlb_accounting)
[0;33m[WARN][0m Host mount: /sys/fs/pstore (pstore, rw,seclabel,nosuid,nodev,noexec,relatime)
[0;33m[WARN][0m Host mount: /sys/firmware/efi/efivars (efivarfs, rw,nosuid,nodev,noexec,relatime)
[0;33m[WARN][0m Host mount: /sys/fs/bpf (bpf, rw,nosuid,nodev,noexec,relatime,mode=700)
[0;33m[WARN][0m Host mount: /sys/kernel/config (configfs, rw,nosuid,nodev,noexec,relatime)
[0;33m[WARN][0m Host mount: /sys/fs/selinux (selinuxfs, rw,nosuid,noexec,relatime)
[0;33m[WARN][0m Host mount: /sys/fs/fuse/connections (fusectl, rw,nosuid,nodev,noexec,relatime)
[0;33m[WARN][0m Host mount: /sys/kernel/debug (debugfs, rw,seclabel,nosuid,nodev,noexec,relatime)
[0;33m[WARN][0m Host mount: /sys/kernel/debug/tracing (tracefs, rw,seclabel,nosuid,nodev,noexec,relatime)
[0;33m[WARN][0m Host mount: /sys/kernel/tracing (tracefs, rw,seclabel,nosuid,nodev,noexec,relatime)
[0;33m[WARN][0m Host mount: /root/i.ar (btrfs, rw,seclabel,relatime,compress=zstd:1,ssd,discard=async,space_cache=v2,subvolid=256,subvol=/root)
[0;33m[WARN][0m Host mount: /root/.emacs.d (btrfs, rw,seclabel,relatime,compress=zstd:1,ssd,discard=async,space_cache=v2,subvolid=256,subvol=/root)
[0;33m[WARN][0m Host mount: /root/personalization (btrfs, rw,seclabel,relatime,compress=zstd:1,ssd,discard=async,space_cache=v2,subvolid=256,subvol=/root)
[0;33m[WARN][0m Host mount: /root/.emacs.d/metaconfig (btrfs, rw,seclabel,relatime,compress=zstd:1,ssd,discard=async,space_cache=v2,subvolid=256,subvol=/root)
[0;33m[WARN][0m Host mount: /root/.emacs.d/gptel-fork (btrfs, rw,seclabel,relatime,compress=zstd:1,ssd,discard=async,space_cache=v2,subvolid=256,subvol=/root)
[0;33m[WARN][0m Host mount: /root/i.ar/prompts (btrfs, rw,seclabel,relatime,compress=zstd:1,ssd,discard=async,space_cache=v2,subvolid=256,subvol=/root)

============================================
[0;32m  PREFLIGHT PASSED[0m
============================================
Loading /root/.emacs.d/configs/paths.el (source)...
Loading /root/.emacs.d/configs/predicates.el (source)...
Loading /root/.emacs.d/configs/keybindings.el (source)...
Loading /root/.emacs.d/configs/delimiters.el (source)...
Loading /root/.emacs.d/configs/git.el (source)...
Loading /root/.emacs.d/configs/fork.el (source)...
Loading /root/.emacs.d/configs/delegate.el (source)...
Loading /root/.emacs.d/configs/cycle.el (source)...
Loading /root/.emacs.d/configs/loop-guard.el (source)...
Loading /root/.emacs.d/configs/memory.el (source)...
Loading /root/.emacs.d/configs/file-guard.el (source)...
Loading /root/.emacs.d/configs/tool-limits.el (source)...
Loading /root/.emacs.d/configs/tasks.el (source)...
Loading /root/.emacs.d/configs/mcp.el (source)...
Loading /root/.emacs.d/init.d/shared/iar-utils.el (source)...
Loading /root/.emacs.d/init.d/shared/iar-agent-utils.el (source)...
Loading /root/.emacs.d/init.d/core/iar-locale.el (source)...
Loading /root/.emacs.d/init.d/core/iar-package-setup.el (source)...
Loading /root/.emacs.d/init.d/core/iar-ui-cleanup.el (source)...
Loading /root/.emacs.d/init.d/core/iar-evil-mode.el (source)...
Loading /root/.emacs.d/init.d/core/iar-gptel-setup.el (source)...
[gptel] Using fork from /root/.emacs.d/gptel-fork (overriding ELPA package)
Loading /root/.emacs.d/configs/gptel.el (source)...
Loading /root/.emacs.d/init.d/core/iar-mcp-setup.el (source)...
Loading /root/.emacs.d/init.d/tool-call/iar-malformed-args.el (source)...
Loading /root/.emacs.d/init.d/tool-call/iar-tool-call.el (source)...
[tool-call] Layer installed
Loading /root/.emacs.d/init.d/tool-call/iar-tool-result-timestamp.el (source)...
Loading /root/.emacs.d/init.d/tool-call/iar-tool-result-budget.el (source)...
Loading /root/.emacs.d/init.d/tool-call/iar-request-log.el (source)...
[request-log] Witness installed
Loading /root/.emacs.d/init.d/tool-call/iar-context-fence.el (source)...
Loading /root/.emacs.d/init.d/tool-call/iar-msgs-fence.el (source)...
Loading /root/.emacs.d/init.d/tool-call/iar-request-watchdog.el (source)...
[watchdog] Request watchdog installed
Loading /root/.emacs.d/init.d/tool-call/iar-text-mode-detector.el (source)...
Loading /root/.emacs.d/init.d/agent/iar-prompt-loader.el (source)...
Loading /root/.emacs.d/init.d/core/iar-mount-awareness.el (source)...
Loading /root/.emacs.d/init.d/core/iar-rate-limit.el (source)...
Loading /root/.emacs.d/init.d/security/iar-output-sanitizer.el (source)...
Loading /root/.emacs.d/init.d/security/iar-file-guard.el (source)...
Loading /root/.emacs.d/init.d/security/iar-audit-log.el (source)...
Loading /root/.emacs.d/init.d/security/iar-loop-guard.el (source)...
Loading /root/.emacs.d/init.d/security/iar-loop-guard-chain.el (source)...
Loading /root/.emacs.d/init.d/security/iar-tool-guard.el (source)...
Loading /root/.emacs.d/init.d/security/iar-utf8-scrub.el (source)...
Loading /root/.emacs.d/init.d/tools/filesystem/list_directory.el (source)...
Loading /root/.emacs.d/init.d/tools/filesystem/read_file.el (source)...
Loading /root/.emacs.d/init.d/tools/filesystem/write_file.el (source)...
Loading /root/.emacs.d/init.d/tools/filesystem/append_file.el (source)...
Loading /root/.emacs.d/init.d/tools/code/execute_code_local.el (source)...
Loading /root/.emacs.d/init.d/tools/code/execute_code_remote.el (source)...
Loading /root/.emacs.d/init.d/tools/code/check_elisp.el (source)...
Loading /root/.emacs.d/init.d/tools/tasks/read_task.el (source)...
Loading /root/.emacs.d/init.d/tools/tasks/create_task.el (source)...
Loading /root/.emacs.d/init.d/tools/tasks/write_subtask.el (source)...
Loading /root/.emacs.d/init.d/tools/tasks/remove_task.el (source)...
Loading /root/.emacs.d/init.d/tools/tasks/read_history.el (source)...
Loading /root/.emacs.d/init.d/tools/tasks/read_roadmap.el (source)...
Loading /root/.emacs.d/init.d/tools/tasks/write_roadmap.el (source)...
Loading /root/.emacs.d/init.d/tools/notify/telegram.el (source)...
Loading /root/.emacs.d/init.d/tools/git/git_commit.el (source)...
Loading /root/.emacs.d/init.d/tools/knowledge/read_knowledge.el (source)...
Loading /root/.emacs.d/init.d/agent/iar-project-parser.el (source)...
Loading /root/.emacs.d/init.d/agent/iar-prompt-assembly.el (source)...
Loading /root/.emacs.d/init.d/agent/iar-agent-loader.el (source)...
Loading /root/.emacs.d/init.d/agent/iar-knowledge-loader.el (source)...
Loading /root/.emacs.d/init.d/agent/iar-buffer-info.el (source)...
Loading /root/.emacs.d/init.d/tools/agent/delegate.el (source)...
Loading /root/.emacs.d/init.d/tools/agent/reload_os.el (source)...
Loading /root/.emacs.d/init.d/tools/agent/reload_agent.el (source)...
Loading /root/.emacs.d/init.d/tools/agent/read_own_prompt.el (source)...
Loading /root/.emacs.d/init.d/agent/iar-guidelines-checker.el (source)...
Loading /root/.emacs.d/init.d/agent/iar-agent-cycle.el (source)...
Loading /root/.emacs.d/init.d/debug/iar-status-mode.el (source)...
[status-mode] Installed
Loading /root/.emacs.d/init.d/session/iar-quit.el (source)...
[aria] Starting cycle with 3600s timeout (archetype: aria-cycle, project: iar, cycle: aria_daily)
[aria] Assembled prompt: 45715 chars (~11428 tokens), 21 tools
[aria] Sending cycle prompt to aria agent...
Querying Ollama...
[loop-guard-chain] SOFT BLOCK: execute_code_local chained 10 times
[aria] Cycle complete. Turns: 1, Tool calls: 92, Exit: 0
Tokens: 4976631 in / 105183 out / 5081814 total
Requests: 93
[0;32m[INF][2026-09-12 08:52:24][0m Cycle 1 succeeded in 1384s (exit 0)

[0;34m[INF][2026-09-12 08:56:46][0m --- Cycle 1/1 ---
Already up to date.
============================================
  Preflight Mount Audit — Emacboros
  2026-09-12T11:56:47Z
============================================

--- Phase 1: /proc/mounts scan ---

--- Phase 2: Writability tests ---
[0;32m[PASS][0m /root/.emacs.d/.git/hooks — does not exist
[0;32m[PASS][0m /var/run/docker.sock — does not exist
[0;32m[PASS][0m /etc/cron.d — does not exist
[0;32m[PASS][0m /var/spool/cron — does not exist
[0;32m[PASS][0m /etc/systemd/system — directory is read-only
[0;32m[PASS][0m /etc/systemd — directory is read-only

--- Phase 3: Capability audit ---
[0;32m[PASS][0m CAP_DAC_OVERRIDE (bit 1) is not set — can bypass file read/write/execute permissions
[0;32m[PASS][0m CAP_SYS_ADMIN (bit 21) is not set — broad system administration (mount, namespaces, etc.)
[0;32m[PASS][0m CAP_SETUID (bit 7) is not set — can change process UID
[0;32m[PASS][0m CAP_SETGID (bit 6) is not set — can change process GID
[0;32m[PASS][0m CAP_MKNOD (bit 27) is not set — can create special device files
[0;32m[PASS][0m CAP_NET_RAW (bit 13) is SET (expected) — can create raw network sockets (needed for nmap/traceroute)
[0;32m[PASS][0m CAP_NET_BIND_SERVICE (bit 10) is SET (expected) — can bind to ports < 1024
[0;32m[PASS][0m CAP_FOWNER (bit 3) is not set — can bypass file ownership checks
[0;32m[PASS][0m CAP_SETFCAP (bit 31) is not set — can set file capabilities

--- Phase 4: Host mount audit ---
Writable real-filesystem mounts:
[0;33m[WARN][0m Host mount: /sys/kernel/security (securityfs, rw,nosuid,nodev,noexec,relatime)
[0;33m[WARN][0m Host mount: /sys/fs/cgroup (cgroup2, rw,seclabel,nosuid,nodev,noexec,relatime,nsdelegate,memory_recursiveprot,memory_hugetlb_accounting)
[0;33m[WARN][0m Host mount: /sys/fs/pstore (pstore, rw,seclabel,nosuid,nodev,noexec,relatime)
[0;33m[WARN][0m Host mount: /sys/firmware/efi/efivars (efivarfs, rw,nosuid,nodev,noexec,relatime)
[0;33m[WARN][0m Host mount: /sys/fs/bpf (bpf, rw,nosuid,nodev,noexec,relatime,mode=700)
[0;33m[WARN][0m Host mount: /sys/kernel/config (configfs, rw,nosuid,nodev,noexec,relatime)
[0;33m[WARN][0m Host mount: /sys/fs/selinux (selinuxfs, rw,nosuid,noexec,relatime)
[0;33m[WARN][0m Host mount: /sys/fs/fuse/connections (fusectl, rw,nosuid,nodev,noexec,relatime)
[0;33m[WARN][0m Host mount: /sys/kernel/debug (debugfs, rw,seclabel,nosuid,nodev,noexec,relatime)
[0;33m[WARN][0m Host mount: /sys/kernel/debug/tracing (tracefs, rw,seclabel,nosuid,nodev,noexec,relatime)
[0;33m[WARN][0m Host mount: /sys/kernel/tracing (tracefs, rw,seclabel,nosuid,nodev,noexec,relatime)
[0;33m[WARN][0m Host mount: /root/personalization (btrfs, rw,seclabel,relatime,compress=zstd:1,ssd,discard=async,space_cache=v2,subvolid=256,subvol=/root)
[0;33m[WARN][0m Host mount: /root/i.ar (btrfs, rw,seclabel,relatime,compress=zstd:1,ssd,discard=async,space_cache=v2,subvolid=256,subvol=/root)
[0;33m[WARN][0m Host mount: /root/.emacs.d (btrfs, rw,seclabel,relatime,compress=zstd:1,ssd,discard=async,space_cache=v2,subvolid=256,subvol=/root)
[0;33m[WARN][0m Host mount: /root/.emacs.d/metaconfig (btrfs, rw,seclabel,relatime,compress=zstd:1,ssd,discard=async,space_cache=v2,subvolid=256,subvol=/root)
[0;33m[WARN][0m Host mount: /root/.emacs.d/gptel-fork (btrfs, rw,seclabel,relatime,compress=zstd:1,ssd,discard=async,space_cache=v2,subvolid=256,subvol=/root)
[0;33m[WARN][0m Host mount: /root/i.ar/prompts (btrfs, rw,seclabel,relatime,compress=zstd:1,ssd,discard=async,space_cache=v2,subvolid=256,subvol=/root)

============================================
[0;32m  PREFLIGHT PASSED[0m
============================================
Loading /root/.emacs.d/configs/paths.el (source)...
Loading /root/.emacs.d/configs/predicates.el (source)...
Loading /root/.emacs.d/configs/keybindings.el (source)...
Loading /root/.emacs.d/configs/delimiters.el (source)...
Loading /root/.emacs.d/configs/git.el (source)...
Loading /root/.emacs.d/configs/fork.el (source)...
Loading /root/.emacs.d/configs/delegate.el (source)...
Loading /root/.emacs.d/configs/cycle.el (source)...
Loading /root/.emacs.d/configs/loop-guard.el (source)...
Loading /root/.emacs.d/configs/memory.el (source)...
Loading /root/.emacs.d/configs/file-guard.el (source)...
Loading /root/.emacs.d/configs/tool-limits.el (source)...
Loading /root/.emacs.d/configs/tasks.el (source)...
Loading /root/.emacs.d/configs/mcp.el (source)...
Loading /root/.emacs.d/init.d/shared/iar-utils.el (source)...
Loading /root/.emacs.d/init.d/shared/iar-agent-utils.el (source)...
Loading /root/.emacs.d/init.d/core/iar-locale.el (source)...
Loading /root/.emacs.d/init.d/core/iar-package-setup.el (source)...
Loading /root/.emacs.d/init.d/core/iar-ui-cleanup.el (source)...
Loading /root/.emacs.d/init.d/core/iar-evil-mode.el (source)...
Loading /root/.emacs.d/init.d/core/iar-gptel-setup.el (source)...
[gptel] Using fork from /root/.emacs.d/gptel-fork (overriding ELPA package)
Loading /root/.emacs.d/configs/gptel.el (source)...
Loading /root/.emacs.d/init.d/core/iar-mcp-setup.el (source)...
Loading /root/.emacs.d/init.d/tool-call/iar-malformed-args.el (source)...
Loading /root/.emacs.d/init.d/tool-call/iar-tool-call.el (source)...
[tool-call] Layer installed
Loading /root/.emacs.d/init.d/tool-call/iar-tool-result-timestamp.el (source)...
Loading /root/.emacs.d/init.d/tool-call/iar-tool-result-budget.el (source)...
Loading /root/.emacs.d/init.d/tool-call/iar-request-log.el (source)...
[request-log] Witness installed
Loading /root/.emacs.d/init.d/tool-call/iar-context-fence.el (source)...
Loading /root/.emacs.d/init.d/tool-call/iar-msgs-fence.el (source)...
Loading /root/.emacs.d/init.d/tool-call/iar-request-watchdog.el (source)...
[watchdog] Request watchdog installed
Loading /root/.emacs.d/init.d/tool-call/iar-text-mode-detector.el (source)...
Loading /root/.emacs.d/init.d/agent/iar-prompt-loader.el (source)...
Loading /root/.emacs.d/init.d/core/iar-mount-awareness.el (source)...
Loading /root/.emacs.d/init.d/core/iar-rate-limit.el (source)...
Loading /root/.emacs.d/init.d/security/iar-output-sanitizer.el (source)...
Loading /root/.emacs.d/init.d/security/iar-file-guard.el (source)...
Loading /root/.emacs.d/init.d/security/iar-audit-log.el (source)...
Loading /root/.emacs.d/init.d/security/iar-loop-guard.el (source)...
Loading /root/.emacs.d/init.d/security/iar-loop-guard-chain.el (source)...
Loading /root/.emacs.d/init.d/security/iar-tool-guard.el (source)...
Loading /root/.emacs.d/init.d/security/iar-utf8-scrub.el (source)...
Loading /root/.emacs.d/init.d/tools/filesystem/list_directory.el (source)...
Loading /root/.emacs.d/init.d/tools/filesystem/read_file.el (source)...
Loading /root/.emacs.d/init.d/tools/filesystem/write_file.el (source)...
Loading /root/.emacs.d/init.d/tools/filesystem/append_file.el (source)...
Loading /root/.emacs.d/init.d/tools/code/execute_code_local.el (source)...
Loading /root/.emacs.d/init.d/tools/code/execute_code_remote.el (source)...
Loading /root/.emacs.d/init.d/tools/code/check_elisp.el (source)...
Loading /root/.emacs.d/init.d/tools/tasks/read_task.el (source)...
Loading /root/.emacs.d/init.d/tools/tasks/create_task.el (source)...
Loading /root/.emacs.d/init.d/tools/tasks/write_subtask.el (source)...
Loading /root/.emacs.d/init.d/tools/tasks/remove_task.el (source)...
Loading /root/.emacs.d/init.d/tools/tasks/read_history.el (source)...
Loading /root/.emacs.d/init.d/tools/tasks/read_roadmap.el (source)...
Loading /root/.emacs.d/init.d/tools/tasks/write_roadmap.el (source)...
Loading /root/.emacs.d/init.d/tools/notify/telegram.el (source)...
Loading /root/.emacs.d/init.d/tools/git/git_commit.el (source)...
Loading /root/.emacs.d/init.d/tools/knowledge/read_knowledge.el (source)...
Loading /root/.emacs.d/init.d/agent/iar-project-parser.el (source)...
Loading /root/.emacs.d/init.d/agent/iar-prompt-assembly.el (source)...
Loading /root/.emacs.d/init.d/agent/iar-agent-loader.el (source)...
Loading /root/.emacs.d/init.d/agent/iar-knowledge-loader.el (source)...
Loading /root/.emacs.d/init.d/agent/iar-buffer-info.el (source)...
Loading /root/.emacs.d/init.d/tools/agent/delegate.el (source)...
Loading /root/.emacs.d/init.d/tools/agent/reload_os.el (source)...
Loading /root/.emacs.d/init.d/tools/agent/reload_agent.el (source)...
Loading /root/.emacs.d/init.d/tools/agent/read_own_prompt.el (source)...
Loading /root/.emacs.d/init.d/agent/iar-guidelines-checker.el (source)...
Loading /root/.emacs.d/init.d/agent/iar-agent-cycle.el (source)...
Loading /root/.emacs.d/init.d/debug/iar-status-mode.el (source)...
[status-mode] Installed
Loading /root/.emacs.d/init.d/session/iar-quit.el (source)...
[aria] Starting cycle with 3600s timeout (archetype: aria-cycle, project: iar, cycle: aria_daily)
[aria] Assembled prompt: 45637 chars (~11409 tokens), 21 tools
[aria] Sending cycle prompt to aria agent...
Querying Ollama...
[aria] Same-tool warning: 100 calls to execute_code_local this cycle -- one call blocked with notice
[aria] Tool-call budget warning (150/300) -- one call blocked with notice
[aria] Cycle complete. Turns: 1, Tool calls: 155, Exit: 0
Tokens: 9197207 in / 57500 out / 9254707 total
Requests: 156
[0;32m[INF][2026-09-12 09:13:53][0m Cycle 1 succeeded in 1027s (exit 0)

[0;34m[INF][2026-09-12 09:26:05][0m --- Cycle 1/1 ---
Already up to date.
============================================
  Preflight Mount Audit — Emacboros
  2026-09-12T12:26:06Z
============================================

--- Phase 1: /proc/mounts scan ---

--- Phase 2: Writability tests ---
[0;32m[PASS][0m /root/.emacs.d/.git/hooks — does not exist
[0;32m[PASS][0m /var/run/docker.sock — does not exist
[0;32m[PASS][0m /etc/cron.d — does not exist
[0;32m[PASS][0m /var/spool/cron — does not exist
[0;32m[PASS][0m /etc/systemd/system — directory is read-only
[0;32m[PASS][0m /etc/systemd — directory is read-only

--- Phase 3: Capability audit ---
[0;32m[PASS][0m CAP_DAC_OVERRIDE (bit 1) is not set — can bypass file read/write/execute permissions
[0;32m[PASS][0m CAP_SYS_ADMIN (bit 21) is not set — broad system administration (mount, namespaces, etc.)
[0;32m[PASS][0m CAP_SETUID (bit 7) is not set — can change process UID
[0;32m[PASS][0m CAP_SETGID (bit 6) is not set — can change process GID
[0;32m[PASS][0m CAP_MKNOD (bit 27) is not set — can create special device files
[0;32m[PASS][0m CAP_NET_RAW (bit 13) is SET (expected) — can create raw network sockets (needed for nmap/traceroute)
[0;32m[PASS][0m CAP_NET_BIND_SERVICE (bit 10) is SET (expected) — can bind to ports < 1024
[0;32m[PASS][0m CAP_FOWNER (bit 3) is not set — can bypass file ownership checks
[0;32m[PASS][0m CAP_SETFCAP (bit 31) is not set — can set file capabilities

--- Phase 4: Host mount audit ---
Writable real-filesystem mounts:
[0;33m[WARN][0m Host mount: /sys/kernel/security (securityfs, rw,nosuid,nodev,noexec,relatime)
[0;33m[WARN][0m Host mount: /sys/fs/cgroup (cgroup2, rw,seclabel,nosuid,nodev,noexec,relatime,nsdelegate,memory_recursiveprot,memory_hugetlb_accounting)
[0;33m[WARN][0m Host mount: /sys/fs/pstore (pstore, rw,seclabel,nosuid,nodev,noexec,relatime)
[0;33m[WARN][0m Host mount: /sys/firmware/efi/efivars (efivarfs, rw,nosuid,nodev,noexec,relatime)
[0;33m[WARN][0m Host mount: /sys/fs/bpf (bpf, rw,nosuid,nodev,noexec,relatime,mode=700)
[0;33m[WARN][0m Host mount: /sys/kernel/config (configfs, rw,nosuid,nodev,noexec,relatime)
[0;33m[WARN][0m Host mount: /sys/fs/selinux (selinuxfs, rw,nosuid,noexec,relatime)
[0;33m[WARN][0m Host mount: /sys/fs/fuse/connections (fusectl, rw,nosuid,nodev,noexec,relatime)
[0;33m[WARN][0m Host mount: /sys/kernel/debug (debugfs, rw,seclabel,nosuid,nodev,noexec,relatime)
[0;33m[WARN][0m Host mount: /sys/kernel/debug/tracing (tracefs, rw,seclabel,nosuid,nodev,noexec,relatime)
[0;33m[WARN][0m Host mount: /sys/kernel/tracing (tracefs, rw,seclabel,nosuid,nodev,noexec,relatime)
[0;33m[WARN][0m Host mount: /root/i.ar (btrfs, rw,seclabel,relatime,compress=zstd:1,ssd,discard=async,space_cache=v2,subvolid=256,subvol=/root)
[0;33m[WARN][0m Host mount: /root/personalization (btrfs, rw,seclabel,relatime,compress=zstd:1,ssd,discard=async,space_cache=v2,subvolid=256,subvol=/root)
[0;33m[WARN][0m Host mount: /root/.emacs.d (btrfs, rw,seclabel,relatime,compress=zstd:1,ssd,discard=async,space_cache=v2,subvolid=256,subvol=/root)
[0;33m[WARN][0m Host mount: /root/.emacs.d/metaconfig (btrfs, rw,seclabel,relatime,compress=zstd:1,ssd,discard=async,space_cache=v2,subvolid=256,subvol=/root)
[0;33m[WARN][0m Host mount: /root/.emacs.d/gptel-fork (btrfs, rw,seclabel,relatime,compress=zstd:1,ssd,discard=async,space_cache=v2,subvolid=256,subvol=/root)
[0;33m[WARN][0m Host mount: /root/i.ar/prompts (btrfs, rw,seclabel,relatime,compress=zstd:1,ssd,discard=async,space_cache=v2,subvolid=256,subvol=/root)

============================================
[0;32m  PREFLIGHT PASSED[0m
============================================
Loading /root/.emacs.d/configs/paths.el (source)...
Loading /root/.emacs.d/configs/predicates.el (source)...
Loading /root/.emacs.d/configs/keybindings.el (source)...
Loading /root/.emacs.d/configs/delimiters.el (source)...
Loading /root/.emacs.d/configs/git.el (source)...
Loading /root/.emacs.d/configs/fork.el (source)...
Loading /root/.emacs.d/configs/delegate.el (source)...
Loading /root/.emacs.d/configs/cycle.el (source)...
Loading /root/.emacs.d/configs/loop-guard.el (source)...
Loading /root/.emacs.d/configs/memory.el (source)...
Loading /root/.emacs.d/configs/file-guard.el (source)...
Loading /root/.emacs.d/configs/tool-limits.el (source)...
Loading /root/.emacs.d/configs/tasks.el (source)...
Loading /root/.emacs.d/configs/mcp.el (source)...
Loading /root/.emacs.d/init.d/shared/iar-utils.el (source)...
Loading /root/.emacs.d/init.d/shared/iar-agent-utils.el (source)...
Loading /root/.emacs.d/init.d/core/iar-locale.el (source)...
Loading /root/.emacs.d/init.d/core/iar-package-setup.el (source)...
Loading /root/.emacs.d/init.d/core/iar-ui-cleanup.el (source)...
Loading /root/.emacs.d/init.d/core/iar-evil-mode.el (source)...
Loading /root/.emacs.d/init.d/core/iar-gptel-setup.el (source)...
[gptel] Using fork from /root/.emacs.d/gptel-fork (overriding ELPA package)
Loading /root/.emacs.d/configs/gptel.el (source)...
Loading /root/.emacs.d/init.d/core/iar-mcp-setup.el (source)...
Loading /root/.emacs.d/init.d/tool-call/iar-malformed-args.el (source)...
Loading /root/.emacs.d/init.d/tool-call/iar-tool-call.el (source)...
[tool-call] Layer installed
Loading /root/.emacs.d/init.d/tool-call/iar-tool-result-timestamp.el (source)...
Loading /root/.emacs.d/init.d/tool-call/iar-tool-result-budget.el (source)...
Loading /root/.emacs.d/init.d/tool-call/iar-request-log.el (source)...
[request-log] Witness installed
Loading /root/.emacs.d/init.d/tool-call/iar-context-fence.el (source)...
Loading /root/.emacs.d/init.d/tool-call/iar-msgs-fence.el (source)...
Loading /root/.emacs.d/init.d/tool-call/iar-request-watchdog.el (source)...
[watchdog] Request watchdog installed
Loading /root/.emacs.d/init.d/tool-call/iar-text-mode-detector.el (source)...
Loading /root/.emacs.d/init.d/agent/iar-prompt-loader.el (source)...
Loading /root/.emacs.d/init.d/core/iar-mount-awareness.el (source)...
Loading /root/.emacs.d/init.d/core/iar-rate-limit.el (source)...
Loading /root/.emacs.d/init.d/security/iar-output-sanitizer.el (source)...
Loading /root/.emacs.d/init.d/security/iar-file-guard.el (source)...
Loading /root/.emacs.d/init.d/security/iar-audit-log.el (source)...
Loading /root/.emacs.d/init.d/security/iar-loop-guard.el (source)...
Loading /root/.emacs.d/init.d/security/iar-loop-guard-chain.el (source)...
Loading /root/.emacs.d/init.d/security/iar-tool-guard.el (source)...
Loading /root/.emacs.d/init.d/security/iar-utf8-scrub.el (source)...
Loading /root/.emacs.d/init.d/tools/filesystem/list_directory.el (source)...
Loading /root/.emacs.d/init.d/tools/filesystem/read_file.el (source)...
Loading /root/.emacs.d/init.d/tools/filesystem/write_file.el (source)...
Loading /root/.emacs.d/init.d/tools/filesystem/append_file.el (source)...
Loading /root/.emacs.d/init.d/tools/code/execute_code_local.el (source)...
Loading /root/.emacs.d/init.d/tools/code/execute_code_remote.el (source)...
Loading /root/.emacs.d/init.d/tools/code/check_elisp.el (source)...
Loading /root/.emacs.d/init.d/tools/tasks/read_task.el (source)...
Loading /root/.emacs.d/init.d/tools/tasks/create_task.el (source)...
Loading /root/.emacs.d/init.d/tools/tasks/write_subtask.el (source)...
Loading /root/.emacs.d/init.d/tools/tasks/remove_task.el (source)...
Loading /root/.emacs.d/init.d/tools/tasks/read_history.el (source)...
Loading /root/.emacs.d/init.d/tools/tasks/read_roadmap.el (source)...
Loading /root/.emacs.d/init.d/tools/tasks/write_roadmap.el (source)...
Loading /root/.emacs.d/init.d/tools/notify/telegram.el (source)...
Loading /root/.emacs.d/init.d/tools/git/git_commit.el (source)...
Loading /root/.emacs.d/init.d/tools/knowledge/read_knowledge.el (source)...
Loading /root/.emacs.d/init.d/agent/iar-project-parser.el (source)...
Loading /root/.emacs.d/init.d/agent/iar-prompt-assembly.el (source)...
Loading /root/.emacs.d/init.d/agent/iar-agent-loader.el (source)...
Loading /root/.emacs.d/init.d/agent/iar-knowledge-loader.el (source)...
Loading /root/.emacs.d/init.d/agent/iar-buffer-info.el (source)...
Loading /root/.emacs.d/init.d/tools/agent/delegate.el (source)...
Loading /root/.emacs.d/init.d/tools/agent/reload_os.el (source)...
Loading /root/.emacs.d/init.d/tools/agent/reload_agent.el (source)...
Loading /root/.emacs.d/init.d/tools/agent/read_own_prompt.el (source)...
Loading /root/.emacs.d/init.d/agent/iar-guidelines-checker.el (source)...
Loading /root/.emacs.d/init.d/agent/iar-agent-cycle.el (source)...
Loading /root/.emacs.d/init.d/debug/iar-status-mode.el (source)...
[status-mode] Installed
Loading /root/.emacs.d/init.d/session/iar-quit.el (source)...
[aria] Starting cycle with 3600s timeout (archetype: aria-cycle, project: iar, cycle: aria_daily)
[aria] Assembled prompt: 45601 chars (~11400 tokens), 21 tools
[aria] Sending cycle prompt to aria agent...
Querying Ollama...
[loop-guard] SOFT BLOCK: execute_code_local called 3 times identically, sending correction
[aria] Same-tool warning: 100 calls to execute_code_local this cycle -- one call blocked with notice
[aria] Cycle complete. Turns: 1, Tool calls: 121, Exit: 0
Tokens: 5841820 in / 42279 out / 5884099 total
Requests: 122
[0;32m[INF][2026-09-12 09:33:47][0m Cycle 1 succeeded in 462s (exit 0)

[0;34m[INF][2026-09-12 09:39:43][0m --- Cycle 1/1 ---
Already up to date.
============================================
  Preflight Mount Audit — Emacboros
  2026-09-12T12:39:44Z
============================================

--- Phase 1: /proc/mounts scan ---

--- Phase 2: Writability tests ---
[0;32m[PASS][0m /root/.emacs.d/.git/hooks — does not exist
[0;32m[PASS][0m /var/run/docker.sock — does not exist
[0;32m[PASS][0m /etc/cron.d — does not exist
[0;32m[PASS][0m /var/spool/cron — does not exist
[0;32m[PASS][0m /etc/systemd/system — directory is read-only
[0;32m[PASS][0m /etc/systemd — directory is read-only

--- Phase 3: Capability audit ---
[0;32m[PASS][0m CAP_DAC_OVERRIDE (bit 1) is not set — can bypass file read/write/execute permissions
[0;32m[PASS][0m CAP_SYS_ADMIN (bit 21) is not set — broad system administration (mount, namespaces, etc.)
[0;32m[PASS][0m CAP_SETUID (bit 7) is not set — can change process UID
[0;32m[PASS][0m CAP_SETGID (bit 6) is not set — can change process GID
[0;32m[PASS][0m CAP_MKNOD (bit 27) is not set — can create special device files
[0;32m[PASS][0m CAP_NET_RAW (bit 13) is SET (expected) — can create raw network sockets (needed for nmap/traceroute)
[0;32m[PASS][0m CAP_NET_BIND_SERVICE (bit 10) is SET (expected) — can bind to ports < 1024
[0;32m[PASS][0m CAP_FOWNER (bit 3) is not set — can bypass file ownership checks
[0;32m[PASS][0m CAP_SETFCAP (bit 31) is not set — can set file capabilities

--- Phase 4: Host mount audit ---
Writable real-filesystem mounts:
[0;33m[WARN][0m Host mount: /sys/kernel/security (securityfs, rw,nosuid,nodev,noexec,relatime)
[0;33m[WARN][0m Host mount: /sys/fs/cgroup (cgroup2, rw,seclabel,nosuid,nodev,noexec,relatime,nsdelegate,memory_recursiveprot,memory_hugetlb_accounting)
[0;33m[WARN][0m Host mount: /sys/fs/pstore (pstore, rw,seclabel,nosuid,nodev,noexec,relatime)
[0;33m[WARN][0m Host mount: /sys/firmware/efi/efivars (efivarfs, rw,nosuid,nodev,noexec,relatime)
[0;33m[WARN][0m Host mount: /sys/fs/bpf (bpf, rw,nosuid,nodev,noexec,relatime,mode=700)
[0;33m[WARN][0m Host mount: /sys/kernel/config (configfs, rw,nosuid,nodev,noexec,relatime)
[0;33m[WARN][0m Host mount: /sys/fs/selinux (selinuxfs, rw,nosuid,noexec,relatime)
[0;33m[WARN][0m Host mount: /sys/fs/fuse/connections (fusectl, rw,nosuid,nodev,noexec,relatime)
[0;33m[WARN][0m Host mount: /sys/kernel/debug (debugfs, rw,seclabel,nosuid,nodev,noexec,relatime)
[0;33m[WARN][0m Host mount: /sys/kernel/debug/tracing (tracefs, rw,seclabel,nosuid,nodev,noexec,relatime)
[0;33m[WARN][0m Host mount: /sys/kernel/tracing (tracefs, rw,seclabel,nosuid,nodev,noexec,relatime)
[0;33m[WARN][0m Host mount: /root/.emacs.d (btrfs, rw,seclabel,relatime,compress=zstd:1,ssd,discard=async,space_cache=v2,subvolid=256,subvol=/root)
[0;33m[WARN][0m Host mount: /root/i.ar (btrfs, rw,seclabel,relatime,compress=zstd:1,ssd,discard=async,space_cache=v2,subvolid=256,subvol=/root)
[0;33m[WARN][0m Host mount: /root/personalization (btrfs, rw,seclabel,relatime,compress=zstd:1,ssd,discard=async,space_cache=v2,subvolid=256,subvol=/root)
[0;33m[WARN][0m Host mount: /root/i.ar/prompts (btrfs, rw,seclabel,relatime,compress=zstd:1,ssd,discard=async,space_cache=v2,subvolid=256,subvol=/root)
[0;33m[WARN][0m Host mount: /root/.emacs.d/metaconfig (btrfs, rw,seclabel,relatime,compress=zstd:1,ssd,discard=async,space_cache=v2,subvolid=256,subvol=/root)
[0;33m[WARN][0m Host mount: /root/.emacs.d/gptel-fork (btrfs, rw,seclabel,relatime,compress=zstd:1,ssd,discard=async,space_cache=v2,subvolid=256,subvol=/root)

============================================
[0;32m  PREFLIGHT PASSED[0m
============================================
Loading /root/.emacs.d/configs/paths.el (source)...
Loading /root/.emacs.d/configs/predicates.el (source)...
Loading /root/.emacs.d/configs/keybindings.el (source)...
Loading /root/.emacs.d/configs/delimiters.el (source)...
Loading /root/.emacs.d/configs/git.el (source)...
Loading /root/.emacs.d/configs/fork.el (source)...
Loading /root/.emacs.d/configs/delegate.el (source)...
Loading /root/.emacs.d/configs/cycle.el (source)...
Loading /root/.emacs.d/configs/loop-guard.el (source)...
Loading /root/.emacs.d/configs/memory.el (source)...
Loading /root/.emacs.d/configs/file-guard.el (source)...
Loading /root/.emacs.d/configs/tool-limits.el (source)...
Loading /root/.emacs.d/configs/tasks.el (source)...
Loading /root/.emacs.d/configs/mcp.el (source)...
Loading /root/.emacs.d/init.d/shared/iar-utils.el (source)...
Loading /root/.emacs.d/init.d/shared/iar-agent-utils.el (source)...
Loading /root/.emacs.d/init.d/core/iar-locale.el (source)...
Loading /root/.emacs.d/init.d/core/iar-package-setup.el (source)...
Loading /root/.emacs.d/init.d/core/iar-ui-cleanup.el (source)...
Loading /root/.emacs.d/init.d/core/iar-evil-mode.el (source)...
Loading /root/.emacs.d/init.d/core/iar-gptel-setup.el (source)...
[gptel] Using fork from /root/.emacs.d/gptel-fork (overriding ELPA package)
Loading /root/.emacs.d/configs/gptel.el (source)...
Loading /root/.emacs.d/init.d/core/iar-mcp-setup.el (source)...
Loading /root/.emacs.d/init.d/tool-call/iar-malformed-args.el (source)...
Loading /root/.emacs.d/init.d/tool-call/iar-tool-call.el (source)...
[tool-call] Layer installed
Loading /root/.emacs.d/init.d/tool-call/iar-tool-result-timestamp.el (source)...
Loading /root/.emacs.d/init.d/tool-call/iar-tool-result-budget.el (source)...
Loading /root/.emacs.d/init.d/tool-call/iar-request-log.el (source)...
[request-log] Witness installed
Loading /root/.emacs.d/init.d/tool-call/iar-context-fence.el (source)...
Loading /root/.emacs.d/init.d/tool-call/iar-msgs-fence.el (source)...
Loading /root/.emacs.d/init.d/tool-call/iar-request-watchdog.el (source)...
[watchdog] Request watchdog installed
Loading /root/.emacs.d/init.d/tool-call/iar-text-mode-detector.el (source)...
Loading /root/.emacs.d/init.d/agent/iar-prompt-loader.el (source)...
Loading /root/.emacs.d/init.d/core/iar-mount-awareness.el (source)...
Loading /root/.emacs.d/init.d/core/iar-rate-limit.el (source)...
Loading /root/.emacs.d/init.d/security/iar-output-sanitizer.el (source)...
Loading /root/.emacs.d/init.d/security/iar-file-guard.el (source)...
Loading /root/.emacs.d/init.d/security/iar-audit-log.el (source)...
Loading /root/.emacs.d/init.d/security/iar-loop-guard.el (source)...
Loading /root/.emacs.d/init.d/security/iar-loop-guard-chain.el (source)...
Loading /root/.emacs.d/init.d/security/iar-tool-guard.el (source)...
Loading /root/.emacs.d/init.d/security/iar-utf8-scrub.el (source)...
Loading /root/.emacs.d/init.d/tools/filesystem/list_directory.el (source)...
Loading /root/.emacs.d/init.d/tools/filesystem/read_file.el (source)...
Loading /root/.emacs.d/init.d/tools/filesystem/write_file.el (source)...
Loading /root/.emacs.d/init.d/tools/filesystem/append_file.el (source)...
Loading /root/.emacs.d/init.d/tools/code/execute_code_local.el (source)...
Loading /root/.emacs.d/init.d/tools/code/execute_code_remote.el (source)...
Loading /root/.emacs.d/init.d/tools/code/check_elisp.el (source)...
Loading /root/.emacs.d/init.d/tools/tasks/read_task.el (source)...
Loading /root/.emacs.d/init.d/tools/tasks/create_task.el (source)...
Loading /root/.emacs.d/init.d/tools/tasks/write_subtask.el (source)...
Loading /root/.emacs.d/init.d/tools/tasks/remove_task.el (source)...
Loading /root/.emacs.d/init.d/tools/tasks/read_history.el (source)...
Loading /root/.emacs.d/init.d/tools/tasks/read_roadmap.el (source)...
Loading /root/.emacs.d/init.d/tools/tasks/write_roadmap.el (source)...
Loading /root/.emacs.d/init.d/tools/notify/telegram.el (source)...
Loading /root/.emacs.d/init.d/tools/git/git_commit.el (source)...
Loading /root/.emacs.d/init.d/tools/knowledge/read_knowledge.el (source)...
Loading /root/.emacs.d/init.d/agent/iar-project-parser.el (source)...
Loading /root/.emacs.d/init.d/agent/iar-prompt-assembly.el (source)...
Loading /root/.emacs.d/init.d/agent/iar-agent-loader.el (source)...
Loading /root/.emacs.d/init.d/agent/iar-knowledge-loader.el (source)...
Loading /root/.emacs.d/init.d/agent/iar-buffer-info.el (source)...
Loading /root/.emacs.d/init.d/tools/agent/delegate.el (source)...
Loading /root/.emacs.d/init.d/tools/agent/reload_os.el (source)...
Loading /root/.emacs.d/init.d/tools/agent/reload_agent.el (source)...
Loading /root/.emacs.d/init.d/tools/agent/read_own_prompt.el (source)...
Loading /root/.emacs.d/init.d/agent/iar-guidelines-checker.el (source)...
Loading /root/.emacs.d/init.d/agent/iar-agent-cycle.el (source)...
Loading /root/.emacs.d/init.d/debug/iar-status-mode.el (source)...
[status-mode] Installed
Loading /root/.emacs.d/init.d/session/iar-quit.el (source)...
[aria] Starting cycle with 3600s timeout (archetype: aria-cycle, project: iar, cycle: aria_daily)
[aria] Assembled prompt: 45912 chars (~11478 tokens), 21 tools
[aria] Sending cycle prompt to aria agent...
Querying Ollama...
[aria] Same-tool warning: 100 calls to execute_code_local this cycle -- one call blocked with notice
[aria] Cycle complete. Turns: 1, Tool calls: 136, Exit: 0
Tokens: 7876349 in / 56328 out / 7932677 total
Requests: 137
[0;32m[INF][2026-09-12 10:12:19][0m Cycle 1 succeeded in 1956s (exit 0)

[0;34m[INF][2026-09-12 10:24:38][0m --- Cycle 1/1 ---
Already up to date.
============================================
  Preflight Mount Audit — Emacboros
  2026-09-12T13:24:39Z
============================================

--- Phase 1: /proc/mounts scan ---

--- Phase 2: Writability tests ---
[0;32m[PASS][0m /root/.emacs.d/.git/hooks — does not exist
[0;32m[PASS][0m /var/run/docker.sock — does not exist
[0;32m[PASS][0m /etc/cron.d — does not exist
[0;32m[PASS][0m /var/spool/cron — does not exist
[0;32m[PASS][0m /etc/systemd/system — directory is read-only
[0;32m[PASS][0m /etc/systemd — directory is read-only

--- Phase 3: Capability audit ---
[0;32m[PASS][0m CAP_DAC_OVERRIDE (bit 1) is not set — can bypass file read/write/execute permissions
[0;32m[PASS][0m CAP_SYS_ADMIN (bit 21) is not set — broad system administration (mount, namespaces, etc.)
[0;32m[PASS][0m CAP_SETUID (bit 7) is not set — can change process UID
[0;32m[PASS][0m CAP_SETGID (bit 6) is not set — can change process GID
[0;32m[PASS][0m CAP_MKNOD (bit 27) is not set — can create special device files
[0;32m[PASS][0m CAP_NET_RAW (bit 13) is SET (expected) — can create raw network sockets (needed for nmap/traceroute)
[0;32m[PASS][0m CAP_NET_BIND_SERVICE (bit 10) is SET (expected) — can bind to ports < 1024
[0;32m[PASS][0m CAP_FOWNER (bit 3) is not set — can bypass file ownership checks
[0;32m[PASS][0m CAP_SETFCAP (bit 31) is not set — can set file capabilities

--- Phase 4: Host mount audit ---
Writable real-filesystem mounts:
[0;33m[WARN][0m Host mount: /sys/kernel/security (securityfs, rw,nosuid,nodev,noexec,relatime)
[0;33m[WARN][0m Host mount: /sys/fs/cgroup (cgroup2, rw,seclabel,nosuid,nodev,noexec,relatime,nsdelegate,memory_recursiveprot,memory_hugetlb_accounting)
[0;33m[WARN][0m Host mount: /sys/fs/pstore (pstore, rw,seclabel,nosuid,nodev,noexec,relatime)
[0;33m[WARN][0m Host mount: /sys/firmware/efi/efivars (efivarfs, rw,nosuid,nodev,noexec,relatime)
[0;33m[WARN][0m Host mount: /sys/fs/bpf (bpf, rw,nosuid,nodev,noexec,relatime,mode=700)
[0;33m[WARN][0m Host mount: /sys/kernel/config (configfs, rw,nosuid,nodev,noexec,relatime)
[0;33m[WARN][0m Host mount: /sys/fs/selinux (selinuxfs, rw,nosuid,noexec,relatime)
[0;33m[WARN][0m Host mount: /sys/fs/fuse/connections (fusectl, rw,nosuid,nodev,noexec,relatime)
[0;33m[WARN][0m Host mount: /sys/kernel/debug (debugfs, rw,seclabel,nosuid,nodev,noexec,relatime)
[0;33m[WARN][0m Host mount: /sys/kernel/debug/tracing (tracefs, rw,seclabel,nosuid,nodev,noexec,relatime)
[0;33m[WARN][0m Host mount: /sys/kernel/tracing (tracefs, rw,seclabel,nosuid,nodev,noexec,relatime)
[0;33m[WARN][0m Host mount: /root/personalization (btrfs, rw,seclabel,relatime,compress=zstd:1,ssd,discard=async,space_cache=v2,subvolid=256,subvol=/root)
[0;33m[WARN][0m Host mount: /root/i.ar (btrfs, rw,seclabel,relatime,compress=zstd:1,ssd,discard=async,space_cache=v2,subvolid=256,subvol=/root)
[0;33m[WARN][0m Host mount: /root/.emacs.d (btrfs, rw,seclabel,relatime,compress=zstd:1,ssd,discard=async,space_cache=v2,subvolid=256,subvol=/root)
[0;33m[WARN][0m Host mount: /root/i.ar/prompts (btrfs, rw,seclabel,relatime,compress=zstd:1,ssd,discard=async,space_cache=v2,subvolid=256,subvol=/root)
[0;33m[WARN][0m Host mount: /root/.emacs.d/gptel-fork (btrfs, rw,seclabel,relatime,compress=zstd:1,ssd,discard=async,space_cache=v2,subvolid=256,subvol=/root)
[0;33m[WARN][0m Host mount: /root/.emacs.d/metaconfig (btrfs, rw,seclabel,relatime,compress=zstd:1,ssd,discard=async,space_cache=v2,subvolid=256,subvol=/root)

============================================
[0;32m  PREFLIGHT PASSED[0m
============================================
Loading /root/.emacs.d/configs/paths.el (source)...
Loading /root/.emacs.d/configs/predicates.el (source)...
Loading /root/.emacs.d/configs/keybindings.el (source)...
Loading /root/.emacs.d/configs/delimiters.el (source)...
Loading /root/.emacs.d/configs/git.el (source)...
Loading /root/.emacs.d/configs/fork.el (source)...
Loading /root/.emacs.d/configs/delegate.el (source)...
Loading /root/.emacs.d/configs/cycle.el (source)...
Loading /root/.emacs.d/configs/loop-guard.el (source)...
Loading /root/.emacs.d/configs/memory.el (source)...
Loading /root/.emacs.d/configs/file-guard.el (source)...
Loading /root/.emacs.d/configs/tool-limits.el (source)...
Loading /root/.emacs.d/configs/tasks.el (source)...
Loading /root/.emacs.d/configs/mcp.el (source)...
Loading /root/.emacs.d/init.d/shared/iar-utils.el (source)...
Loading /root/.emacs.d/init.d/shared/iar-agent-utils.el (source)...
Loading /root/.emacs.d/init.d/core/iar-locale.el (source)...
Loading /root/.emacs.d/init.d/core/iar-package-setup.el (source)...
Loading /root/.emacs.d/init.d/core/iar-ui-cleanup.el (source)...
Loading /root/.emacs.d/init.d/core/iar-evil-mode.el (source)...
Loading /root/.emacs.d/init.d/core/iar-gptel-setup.el (source)...
[gptel] Using fork from /root/.emacs.d/gptel-fork (overriding ELPA package)
Loading /root/.emacs.d/configs/gptel.el (source)...
Loading /root/.emacs.d/init.d/core/iar-mcp-setup.el (source)...
Loading /root/.emacs.d/init.d/tool-call/iar-malformed-args.el (source)...
Loading /root/.emacs.d/init.d/tool-call/iar-tool-call.el (source)...
[tool-call] Layer installed
Loading /root/.emacs.d/init.d/tool-call/iar-tool-result-timestamp.el (source)...
Loading /root/.emacs.d/init.d/tool-call/iar-tool-result-budget.el (source)...
Loading /root/.emacs.d/init.d/tool-call/iar-request-log.el (source)...
[request-log] Witness installed
Loading /root/.emacs.d/init.d/tool-call/iar-context-fence.el (source)...
Loading /root/.emacs.d/init.d/tool-call/iar-msgs-fence.el (source)...
Loading /root/.emacs.d/init.d/tool-call/iar-request-watchdog.el (source)...
[watchdog] Request watchdog installed
Loading /root/.emacs.d/init.d/tool-call/iar-text-mode-detector.el (source)...
Loading /root/.emacs.d/init.d/agent/iar-prompt-loader.el (source)...
Loading /root/.emacs.d/init.d/core/iar-mount-awareness.el (source)...
Loading /root/.emacs.d/init.d/core/iar-rate-limit.el (source)...
Loading /root/.emacs.d/init.d/security/iar-output-sanitizer.el (source)...
Loading /root/.emacs.d/init.d/security/iar-file-guard.el (source)...
Loading /root/.emacs.d/init.d/security/iar-audit-log.el (source)...
Loading /root/.emacs.d/init.d/security/iar-loop-guard.el (source)...
Loading /root/.emacs.d/init.d/security/iar-loop-guard-chain.el (source)...
Loading /root/.emacs.d/init.d/security/iar-tool-guard.el (source)...
Loading /root/.emacs.d/init.d/security/iar-utf8-scrub.el (source)...
Loading /root/.emacs.d/init.d/tools/filesystem/list_directory.el (source)...
Loading /root/.emacs.d/init.d/tools/filesystem/read_file.el (source)...
Loading /root/.emacs.d/init.d/tools/filesystem/write_file.el (source)...
Loading /root/.emacs.d/init.d/tools/filesystem/append_file.el (source)...
Loading /root/.emacs.d/init.d/tools/code/execute_code_local.el (source)...
Loading /root/.emacs.d/init.d/tools/code/execute_code_remote.el (source)...
Loading /root/.emacs.d/init.d/tools/code/check_elisp.el (source)...
Loading /root/.emacs.d/init.d/tools/tasks/read_task.el (source)...
Loading /root/.emacs.d/init.d/tools/tasks/create_task.el (source)...
Loading /root/.emacs.d/init.d/tools/tasks/write_subtask.el (source)...
Loading /root/.emacs.d/init.d/tools/tasks/remove_task.el (source)...
Loading /root/.emacs.d/init.d/tools/tasks/read_history.el (source)...
Loading /root/.emacs.d/init.d/tools/tasks/read_roadmap.el (source)...
Loading /root/.emacs.d/init.d/tools/tasks/write_roadmap.el (source)...
Loading /root/.emacs.d/init.d/tools/notify/telegram.el (source)...
Loading /root/.emacs.d/init.d/tools/git/git_commit.el (source)...
Loading /root/.emacs.d/init.d/tools/knowledge/read_knowledge.el (source)...
Loading /root/.emacs.d/init.d/agent/iar-project-parser.el (source)...
Loading /root/.emacs.d/init.d/agent/iar-prompt-assembly.el (source)...
Loading /root/.emacs.d/init.d/agent/iar-agent-loader.el (source)...
Loading /root/.emacs.d/init.d/agent/iar-knowledge-loader.el (source)...
Loading /root/.emacs.d/init.d/agent/iar-buffer-info.el (source)...
Loading /root/.emacs.d/init.d/tools/agent/delegate.el (source)...
Loading /root/.emacs.d/init.d/tools/agent/reload_os.el (source)...
Loading /root/.emacs.d/init.d/tools/agent/reload_agent.el (source)...
Loading /root/.emacs.d/init.d/tools/agent/read_own_prompt.el (source)...
Loading /root/.emacs.d/init.d/agent/iar-guidelines-checker.el (source)...
Loading /root/.emacs.d/init.d/agent/iar-agent-cycle.el (source)...
Loading /root/.emacs.d/init.d/debug/iar-status-mode.el (source)...
[status-mode] Installed
Loading /root/.emacs.d/init.d/session/iar-quit.el (source)...
[aria] Starting cycle with 3600s timeout (archetype: aria-cycle, project: iar, cycle: aria_daily)
[aria] Assembled prompt: 45795 chars (~11448 tokens), 21 tools
[aria] Sending cycle prompt to aria agent...
Querying Ollama...
[aria] Same-tool warning: 100 calls to execute_code_local this cycle -- one call blocked with notice
[aria] Tool-call budget warning (150/300) -- one call blocked with notice
[aria] Cycle complete. Turns: 1, Tool calls: 160, Exit: 0
Tokens: 9770479 in / 60843 out / 9831322 total
Requests: 161
[0;32m[INF][2026-09-12 10:40:48][0m Cycle 1 succeeded in 970s (exit 0)

[0;34m[INF][2026-09-12 10:49:00][0m --- Cycle 1/1 ---
fatal: Cannot fast-forward to multiple branches.
============================================
  Preflight Mount Audit — Emacboros
  2026-09-12T13:49:01Z
============================================

--- Phase 1: /proc/mounts scan ---

--- Phase 2: Writability tests ---
[0;32m[PASS][0m /root/.emacs.d/.git/hooks — does not exist
[0;32m[PASS][0m /var/run/docker.sock — does not exist
[0;32m[PASS][0m /etc/cron.d — does not exist
[0;32m[PASS][0m /var/spool/cron — does not exist
[0;32m[PASS][0m /etc/systemd/system — directory is read-only
[0;32m[PASS][0m /etc/systemd — directory is read-only

--- Phase 3: Capability audit ---
[0;32m[PASS][0m CAP_DAC_OVERRIDE (bit 1) is not set — can bypass file read/write/execute permissions
[0;32m[PASS][0m CAP_SYS_ADMIN (bit 21) is not set — broad system administration (mount, namespaces, etc.)
[0;32m[PASS][0m CAP_SETUID (bit 7) is not set — can change process UID
[0;32m[PASS][0m CAP_SETGID (bit 6) is not set — can change process GID
[0;32m[PASS][0m CAP_MKNOD (bit 27) is not set — can create special device files
[0;32m[PASS][0m CAP_NET_RAW (bit 13) is SET (expected) — can create raw network sockets (needed for nmap/traceroute)
[0;32m[PASS][0m CAP_NET_BIND_SERVICE (bit 10) is SET (expected) — can bind to ports < 1024
[0;32m[PASS][0m CAP_FOWNER (bit 3) is not set — can bypass file ownership checks
[0;32m[PASS][0m CAP_SETFCAP (bit 31) is not set — can set file capabilities

--- Phase 4: Host mount audit ---
Writable real-filesystem mounts:
[0;33m[WARN][0m Host mount: /sys/kernel/security (securityfs, rw,nosuid,nodev,noexec,relatime)
[0;33m[WARN][0m Host mount: /sys/fs/cgroup (cgroup2, rw,seclabel,nosuid,nodev,noexec,relatime,nsdelegate,memory_recursiveprot,memory_hugetlb_accounting)
[0;33m[WARN][0m Host mount: /sys/fs/pstore (pstore, rw,seclabel,nosuid,nodev,noexec,relatime)
[0;33m[WARN][0m Host mount: /sys/firmware/efi/efivars (efivarfs, rw,nosuid,nodev,noexec,relatime)
[0;33m[WARN][0m Host mount: /sys/fs/bpf (bpf, rw,nosuid,nodev,noexec,relatime,mode=700)
[0;33m[WARN][0m Host mount: /sys/kernel/config (configfs, rw,nosuid,nodev,noexec,relatime)
[0;33m[WARN][0m Host mount: /sys/fs/selinux (selinuxfs, rw,nosuid,noexec,relatime)
[0;33m[WARN][0m Host mount: /sys/fs/fuse/connections (fusectl, rw,nosuid,nodev,noexec,relatime)
[0;33m[WARN][0m Host mount: /sys/kernel/debug (debugfs, rw,seclabel,nosuid,nodev,noexec,relatime)
[0;33m[WARN][0m Host mount: /sys/kernel/debug/tracing (tracefs, rw,seclabel,nosuid,nodev,noexec,relatime)
[0;33m[WARN][0m Host mount: /sys/kernel/tracing (tracefs, rw,seclabel,nosuid,nodev,noexec,relatime)
[0;33m[WARN][0m Host mount: /root/i.ar (btrfs, rw,seclabel,relatime,compress=zstd:1,ssd,discard=async,space_cache=v2,subvolid=256,subvol=/root)
[0;33m[WARN][0m Host mount: /root/.emacs.d (btrfs, rw,seclabel,relatime,compress=zstd:1,ssd,discard=async,space_cache=v2,subvolid=256,subvol=/root)
[0;33m[WARN][0m Host mount: /root/personalization (btrfs, rw,seclabel,relatime,compress=zstd:1,ssd,discard=async,space_cache=v2,subvolid=256,subvol=/root)
[0;33m[WARN][0m Host mount: /root/.emacs.d/metaconfig (btrfs, rw,seclabel,relatime,compress=zstd:1,ssd,discard=async,space_cache=v2,subvolid=256,subvol=/root)
[0;33m[WARN][0m Host mount: /root/i.ar/prompts (btrfs, rw,seclabel,relatime,compress=zstd:1,ssd,discard=async,space_cache=v2,subvolid=256,subvol=/root)
[0;33m[WARN][0m Host mount: /root/.emacs.d/gptel-fork (btrfs, rw,seclabel,relatime,compress=zstd:1,ssd,discard=async,space_cache=v2,subvolid=256,subvol=/root)

============================================
[0;32m  PREFLIGHT PASSED[0m
============================================
Loading /root/.emacs.d/configs/paths.el (source)...
Loading /root/.emacs.d/configs/predicates.el (source)...
Loading /root/.emacs.d/configs/keybindings.el (source)...
Loading /root/.emacs.d/configs/delimiters.el (source)...
Loading /root/.emacs.d/configs/git.el (source)...
Loading /root/.emacs.d/configs/fork.el (source)...
Loading /root/.emacs.d/configs/delegate.el (source)...
Loading /root/.emacs.d/configs/cycle.el (source)...
Loading /root/.emacs.d/configs/loop-guard.el (source)...
Loading /root/.emacs.d/configs/memory.el (source)...
Loading /root/.emacs.d/configs/file-guard.el (source)...
Loading /root/.emacs.d/configs/tool-limits.el (source)...
Loading /root/.emacs.d/configs/tasks.el (source)...
Loading /root/.emacs.d/configs/mcp.el (source)...
Loading /root/.emacs.d/init.d/shared/iar-utils.el (source)...
Loading /root/.emacs.d/init.d/shared/iar-agent-utils.el (source)...
Loading /root/.emacs.d/init.d/core/iar-locale.el (source)...
Loading /root/.emacs.d/init.d/core/iar-package-setup.el (source)...
Loading /root/.emacs.d/init.d/core/iar-ui-cleanup.el (source)...
Loading /root/.emacs.d/init.d/core/iar-evil-mode.el (source)...
Loading /root/.emacs.d/init.d/core/iar-gptel-setup.el (source)...
[gptel] Using fork from /root/.emacs.d/gptel-fork (overriding ELPA package)
Loading /root/.emacs.d/configs/gptel.el (source)...
Loading /root/.emacs.d/init.d/core/iar-mcp-setup.el (source)...
Loading /root/.emacs.d/init.d/tool-call/iar-malformed-args.el (source)...
Loading /root/.emacs.d/init.d/tool-call/iar-tool-call.el (source)...
[tool-call] Layer installed
Loading /root/.emacs.d/init.d/tool-call/iar-tool-result-timestamp.el (source)...
Loading /root/.emacs.d/init.d/tool-call/iar-tool-result-budget.el (source)...
Loading /root/.emacs.d/init.d/tool-call/iar-request-log.el (source)...
[request-log] Witness installed
Loading /root/.emacs.d/init.d/tool-call/iar-context-fence.el (source)...
Loading /root/.emacs.d/init.d/tool-call/iar-msgs-fence.el (source)...
Loading /root/.emacs.d/init.d/tool-call/iar-request-watchdog.el (source)...
[watchdog] Request watchdog installed
Loading /root/.emacs.d/init.d/tool-call/iar-text-mode-detector.el (source)...
Loading /root/.emacs.d/init.d/agent/iar-prompt-loader.el (source)...
Loading /root/.emacs.d/init.d/core/iar-mount-awareness.el (source)...
Loading /root/.emacs.d/init.d/core/iar-rate-limit.el (source)...
Loading /root/.emacs.d/init.d/security/iar-output-sanitizer.el (source)...
Loading /root/.emacs.d/init.d/security/iar-file-guard.el (source)...
Loading /root/.emacs.d/init.d/security/iar-audit-log.el (source)...
Loading /root/.emacs.d/init.d/security/iar-loop-guard.el (source)...
Loading /root/.emacs.d/init.d/security/iar-loop-guard-chain.el (source)...
Loading /root/.emacs.d/init.d/security/iar-tool-guard.el (source)...
Loading /root/.emacs.d/init.d/security/iar-utf8-scrub.el (source)...
Loading /root/.emacs.d/init.d/tools/filesystem/list_directory.el (source)...
Loading /root/.emacs.d/init.d/tools/filesystem/read_file.el (source)...
Loading /root/.emacs.d/init.d/tools/filesystem/write_file.el (source)...
Loading /root/.emacs.d/init.d/tools/filesystem/append_file.el (source)...
Loading /root/.emacs.d/init.d/tools/code/execute_code_local.el (source)...
Loading /root/.emacs.d/init.d/tools/code/execute_code_remote.el (source)...
Loading /root/.emacs.d/init.d/tools/code/check_elisp.el (source)...
Loading /root/.emacs.d/init.d/tools/tasks/read_task.el (source)...
Loading /root/.emacs.d/init.d/tools/tasks/create_task.el (source)...
Loading /root/.emacs.d/init.d/tools/tasks/write_subtask.el (source)...
Loading /root/.emacs.d/init.d/tools/tasks/remove_task.el (source)...
Loading /root/.emacs.d/init.d/tools/tasks/read_history.el (source)...
Loading /root/.emacs.d/init.d/tools/tasks/read_roadmap.el (source)...
Loading /root/.emacs.d/init.d/tools/tasks/write_roadmap.el (source)...
Loading /root/.emacs.d/init.d/tools/notify/telegram.el (source)...
Loading /root/.emacs.d/init.d/tools/git/git_commit.el (source)...
Loading /root/.emacs.d/init.d/tools/knowledge/read_knowledge.el (source)...
Loading /root/.emacs.d/init.d/agent/iar-project-parser.el (source)...
Loading /root/.emacs.d/init.d/agent/iar-prompt-assembly.el (source)...
Loading /root/.emacs.d/init.d/agent/iar-agent-loader.el (source)...
Loading /root/.emacs.d/init.d/agent/iar-knowledge-loader.el (source)...
Loading /root/.emacs.d/init.d/agent/iar-buffer-info.el (source)...
Loading /root/.emacs.d/init.d/tools/agent/delegate.el (source)...
Loading /root/.emacs.d/init.d/tools/agent/reload_os.el (source)...
Loading /root/.emacs.d/init.d/tools/agent/reload_agent.el (source)...
Loading /root/.emacs.d/init.d/tools/agent/read_own_prompt.el (source)...
Loading /root/.emacs.d/init.d/agent/iar-guidelines-checker.el (source)...
Loading /root/.emacs.d/init.d/agent/iar-agent-cycle.el (source)...
Loading /root/.emacs.d/init.d/debug/iar-status-mode.el (source)...
[status-mode] Installed
Loading /root/.emacs.d/init.d/session/iar-quit.el (source)...
[aria] Starting cycle with 3600s timeout (archetype: aria-cycle, project: iar, cycle: aria_daily)
[aria] Assembled prompt: 45875 chars (~11468 tokens), 21 tools
[aria] Sending cycle prompt to aria agent...
Querying Ollama...
[aria] Same-tool warning: 100 calls to execute_code_local this cycle -- one call blocked with notice
[aria] Cycle complete. Turns: 1, Tool calls: 126, Exit: 0
Tokens: 5984389 in / 37898 out / 6022287 total
Requests: 127
[0;32m[INF][2026-09-12 11:00:41][0m Cycle 1 succeeded in 701s (exit 0)

[0;34m[INF][2026-09-12 11:06:09][0m --- Cycle 1/1 ---
Already up to date.
============================================
  Preflight Mount Audit — Emacboros
  2026-09-12T14:06:09Z
============================================

--- Phase 1: /proc/mounts scan ---

--- Phase 2: Writability tests ---
[0;32m[PASS][0m /root/.emacs.d/.git/hooks — does not exist
[0;32m[PASS][0m /var/run/docker.sock — does not exist
[0;32m[PASS][0m /etc/cron.d — does not exist
[0;32m[PASS][0m /var/spool/cron — does not exist
[0;32m[PASS][0m /etc/systemd/system — directory is read-only
[0;32m[PASS][0m /etc/systemd — directory is read-only

--- Phase 3: Capability audit ---
[0;32m[PASS][0m CAP_DAC_OVERRIDE (bit 1) is not set — can bypass file read/write/execute permissions
[0;32m[PASS][0m CAP_SYS_ADMIN (bit 21) is not set — broad system administration (mount, namespaces, etc.)
[0;32m[PASS][0m CAP_SETUID (bit 7) is not set — can change process UID
[0;32m[PASS][0m CAP_SETGID (bit 6) is not set — can change process GID
[0;32m[PASS][0m CAP_MKNOD (bit 27) is not set — can create special device files
[0;32m[PASS][0m CAP_NET_RAW (bit 13) is SET (expected) — can create raw network sockets (needed for nmap/traceroute)
[0;32m[PASS][0m CAP_NET_BIND_SERVICE (bit 10) is SET (expected) — can bind to ports < 1024
[0;32m[PASS][0m CAP_FOWNER (bit 3) is not set — can bypass file ownership checks
[0;32m[PASS][0m CAP_SETFCAP (bit 31) is not set — can set file capabilities

--- Phase 4: Host mount audit ---
Writable real-filesystem mounts:
[0;33m[WARN][0m Host mount: /sys/kernel/security (securityfs, rw,nosuid,nodev,noexec,relatime)
[0;33m[WARN][0m Host mount: /sys/fs/cgroup (cgroup2, rw,seclabel,nosuid,nodev,noexec,relatime,nsdelegate,memory_recursiveprot,memory_hugetlb_accounting)
[0;33m[WARN][0m Host mount: /sys/fs/pstore (pstore, rw,seclabel,nosuid,nodev,noexec,relatime)
[0;33m[WARN][0m Host mount: /sys/firmware/efi/efivars (efivarfs, rw,nosuid,nodev,noexec,relatime)
[0;33m[WARN][0m Host mount: /sys/fs/bpf (bpf, rw,nosuid,nodev,noexec,relatime,mode=700)
[0;33m[WARN][0m Host mount: /sys/kernel/config (configfs, rw,nosuid,nodev,noexec,relatime)
[0;33m[WARN][0m Host mount: /sys/fs/selinux (selinuxfs, rw,nosuid,noexec,relatime)
[0;33m[WARN][0m Host mount: /sys/fs/fuse/connections (fusectl, rw,nosuid,nodev,noexec,relatime)
[0;33m[WARN][0m Host mount: /sys/kernel/debug (debugfs, rw,seclabel,nosuid,nodev,noexec,relatime)
[0;33m[WARN][0m Host mount: /sys/kernel/debug/tracing (tracefs, rw,seclabel,nosuid,nodev,noexec,relatime)
[0;33m[WARN][0m Host mount: /sys/kernel/tracing (tracefs, rw,seclabel,nosuid,nodev,noexec,relatime)
[0;33m[WARN][0m Host mount: /root/i.ar (btrfs, rw,seclabel,relatime,compress=zstd:1,ssd,discard=async,space_cache=v2,subvolid=256,subvol=/root)
[0;33m[WARN][0m Host mount: /root/personalization (btrfs, rw,seclabel,relatime,compress=zstd:1,ssd,discard=async,space_cache=v2,subvolid=256,subvol=/root)
[0;33m[WARN][0m Host mount: /root/.emacs.d (btrfs, rw,seclabel,relatime,compress=zstd:1,ssd,discard=async,space_cache=v2,subvolid=256,subvol=/root)
[0;33m[WARN][0m Host mount: /root/.emacs.d/gptel-fork (btrfs, rw,seclabel,relatime,compress=zstd:1,ssd,discard=async,space_cache=v2,subvolid=256,subvol=/root)
[0;33m[WARN][0m Host mount: /root/i.ar/prompts (btrfs, rw,seclabel,relatime,compress=zstd:1,ssd,discard=async,space_cache=v2,subvolid=256,subvol=/root)
[0;33m[WARN][0m Host mount: /root/.emacs.d/metaconfig (btrfs, rw,seclabel,relatime,compress=zstd:1,ssd,discard=async,space_cache=v2,subvolid=256,subvol=/root)

============================================
[0;32m  PREFLIGHT PASSED[0m
============================================
Loading /root/.emacs.d/configs/paths.el (source)...
Loading /root/.emacs.d/configs/predicates.el (source)...
Loading /root/.emacs.d/configs/keybindings.el (source)...
Loading /root/.emacs.d/configs/delimiters.el (source)...
Loading /root/.emacs.d/configs/git.el (source)...
Loading /root/.emacs.d/configs/fork.el (source)...
Loading /root/.emacs.d/configs/delegate.el (source)...
Loading /root/.emacs.d/configs/cycle.el (source)...
Loading /root/.emacs.d/configs/loop-guard.el (source)...
Loading /root/.emacs.d/configs/memory.el (source)...
Loading /root/.emacs.d/configs/file-guard.el (source)...
Loading /root/.emacs.d/configs/tool-limits.el (source)...
Loading /root/.emacs.d/configs/tasks.el (source)...
Loading /root/.emacs.d/configs/mcp.el (source)...
Loading /root/.emacs.d/init.d/shared/iar-utils.el (source)...
Loading /root/.emacs.d/init.d/shared/iar-agent-utils.el (source)...
Loading /root/.emacs.d/init.d/core/iar-locale.el (source)...
Loading /root/.emacs.d/init.d/core/iar-package-setup.el (source)...
Loading /root/.emacs.d/init.d/core/iar-ui-cleanup.el (source)...
Loading /root/.emacs.d/init.d/core/iar-evil-mode.el (source)...
Loading /root/.emacs.d/init.d/core/iar-gptel-setup.el (source)...
[gptel] Using fork from /root/.emacs.d/gptel-fork (overriding ELPA package)
Loading /root/.emacs.d/configs/gptel.el (source)...
Loading /root/.emacs.d/init.d/core/iar-mcp-setup.el (source)...
Loading /root/.emacs.d/init.d/tool-call/iar-malformed-args.el (source)...
Loading /root/.emacs.d/init.d/tool-call/iar-tool-call.el (source)...
[tool-call] Layer installed
Loading /root/.emacs.d/init.d/tool-call/iar-tool-result-timestamp.el (source)...
Loading /root/.emacs.d/init.d/tool-call/iar-tool-result-budget.el (source)...
Loading /root/.emacs.d/init.d/tool-call/iar-request-log.el (source)...
[request-log] Witness installed
Loading /root/.emacs.d/init.d/tool-call/iar-context-fence.el (source)...
Loading /root/.emacs.d/init.d/tool-call/iar-msgs-fence.el (source)...
Loading /root/.emacs.d/init.d/tool-call/iar-request-watchdog.el (source)...
[watchdog] Request watchdog installed
Loading /root/.emacs.d/init.d/tool-call/iar-text-mode-detector.el (source)...
Loading /root/.emacs.d/init.d/agent/iar-prompt-loader.el (source)...
Loading /root/.emacs.d/init.d/core/iar-mount-awareness.el (source)...
Loading /root/.emacs.d/init.d/core/iar-rate-limit.el (source)...
Loading /root/.emacs.d/init.d/security/iar-output-sanitizer.el (source)...
Loading /root/.emacs.d/init.d/security/iar-file-guard.el (source)...
Loading /root/.emacs.d/init.d/security/iar-audit-log.el (source)...
Loading /root/.emacs.d/init.d/security/iar-loop-guard.el (source)...
Loading /root/.emacs.d/init.d/security/iar-loop-guard-chain.el (source)...
Loading /root/.emacs.d/init.d/security/iar-tool-guard.el (source)...
Loading /root/.emacs.d/init.d/security/iar-utf8-scrub.el (source)...
Loading /root/.emacs.d/init.d/tools/filesystem/list_directory.el (source)...
Loading /root/.emacs.d/init.d/tools/filesystem/read_file.el (source)...
Loading /root/.emacs.d/init.d/tools/filesystem/write_file.el (source)...
Loading /root/.emacs.d/init.d/tools/filesystem/append_file.el (source)...
Loading /root/.emacs.d/init.d/tools/code/execute_code_local.el (source)...
Loading /root/.emacs.d/init.d/tools/code/execute_code_remote.el (source)...
Loading /root/.emacs.d/init.d/tools/code/check_elisp.el (source)...
Loading /root/.emacs.d/init.d/tools/tasks/read_task.el (source)...
Loading /root/.emacs.d/init.d/tools/tasks/create_task.el (source)...
Loading /root/.emacs.d/init.d/tools/tasks/write_subtask.el (source)...
Loading /root/.emacs.d/init.d/tools/tasks/remove_task.el (source)...
Loading /root/.emacs.d/init.d/tools/tasks/read_history.el (source)...
Loading /root/.emacs.d/init.d/tools/tasks/read_roadmap.el (source)...
Loading /root/.emacs.d/init.d/tools/tasks/write_roadmap.el (source)...
Loading /root/.emacs.d/init.d/tools/notify/telegram.el (source)...
Loading /root/.emacs.d/init.d/tools/git/git_commit.el (source)...
Loading /root/.emacs.d/init.d/tools/knowledge/read_knowledge.el (source)...
Loading /root/.emacs.d/init.d/agent/iar-project-parser.el (source)...
Loading /root/.emacs.d/init.d/agent/iar-prompt-assembly.el (source)...
Loading /root/.emacs.d/init.d/agent/iar-agent-loader.el (source)...
Loading /root/.emacs.d/init.d/agent/iar-knowledge-loader.el (source)...
Loading /root/.emacs.d/init.d/agent/iar-buffer-info.el (source)...
Loading /root/.emacs.d/init.d/tools/agent/delegate.el (source)...
Loading /root/.emacs.d/init.d/tools/agent/reload_os.el (source)...
Loading /root/.emacs.d/init.d/tools/agent/reload_agent.el (source)...
Loading /root/.emacs.d/init.d/tools/agent/read_own_prompt.el (source)...
Loading /root/.emacs.d/init.d/agent/iar-guidelines-checker.el (source)...
Loading /root/.emacs.d/init.d/agent/iar-agent-cycle.el (source)...
Loading /root/.emacs.d/init.d/debug/iar-status-mode.el (source)...
[status-mode] Installed
Loading /root/.emacs.d/init.d/session/iar-quit.el (source)...
[aria] Starting cycle with 3600s timeout (archetype: aria-cycle, project: iar, cycle: aria_daily)
[aria] Assembled prompt: 46006 chars (~11501 tokens), 21 tools
[aria] Sending cycle prompt to aria agent...
Querying Ollama...
[aria] Same-tool warning: 100 calls to execute_code_local this cycle -- one call blocked with notice
[aria] Cycle complete. Turns: 1, Tool calls: 141, Exit: 0
Tokens: 10017126 in / 48379 out / 10065505 total
Requests: 142
[0;32m[INF][2026-09-12 11:22:14][0m Cycle 1 succeeded in 965s (exit 0)

[0;34m[INF][2026-09-12 11:36:43][0m --- Cycle 1/1 ---
Already up to date.
============================================
  Preflight Mount Audit — Emacboros
  2026-09-12T14:36:44Z
============================================

--- Phase 1: /proc/mounts scan ---

--- Phase 2: Writability tests ---
[0;32m[PASS][0m /root/.emacs.d/.git/hooks — does not exist
[0;32m[PASS][0m /var/run/docker.sock — does not exist
[0;32m[PASS][0m /etc/cron.d — does not exist
[0;32m[PASS][0m /var/spool/cron — does not exist
[0;32m[PASS][0m /etc/systemd/system — directory is read-only
[0;32m[PASS][0m /etc/systemd — directory is read-only

--- Phase 3: Capability audit ---
[0;32m[PASS][0m CAP_DAC_OVERRIDE (bit 1) is not set — can bypass file read/write/execute permissions
[0;32m[PASS][0m CAP_SYS_ADMIN (bit 21) is not set — broad system administration (mount, namespaces, etc.)
[0;32m[PASS][0m CAP_SETUID (bit 7) is not set — can change process UID
[0;32m[PASS][0m CAP_SETGID (bit 6) is not set — can change process GID
[0;32m[PASS][0m CAP_MKNOD (bit 27) is not set — can create special device files
[0;32m[PASS][0m CAP_NET_RAW (bit 13) is SET (expected) — can create raw network sockets (needed for nmap/traceroute)
[0;32m[PASS][0m CAP_NET_BIND_SERVICE (bit 10) is SET (expected) — can bind to ports < 1024
[0;32m[PASS][0m CAP_FOWNER (bit 3) is not set — can bypass file ownership checks
[0;32m[PASS][0m CAP_SETFCAP (bit 31) is not set — can set file capabilities

--- Phase 4: Host mount audit ---
Writable real-filesystem mounts:
[0;33m[WARN][0m Host mount: /sys/kernel/security (securityfs, rw,nosuid,nodev,noexec,relatime)
[0;33m[WARN][0m Host mount: /sys/fs/cgroup (cgroup2, rw,seclabel,nosuid,nodev,noexec,relatime,nsdelegate,memory_recursiveprot,memory_hugetlb_accounting)
[0;33m[WARN][0m Host mount: /sys/fs/pstore (pstore, rw,seclabel,nosuid,nodev,noexec,relatime)
[0;33m[WARN][0m Host mount: /sys/firmware/efi/efivars (efivarfs, rw,nosuid,nodev,noexec,relatime)
[0;33m[WARN][0m Host mount: /sys/fs/bpf (bpf, rw,nosuid,nodev,noexec,relatime,mode=700)
[0;33m[WARN][0m Host mount: /sys/kernel/config (configfs, rw,nosuid,nodev,noexec,relatime)
[0;33m[WARN][0m Host mount: /sys/fs/selinux (selinuxfs, rw,nosuid,noexec,relatime)
[0;33m[WARN][0m Host mount: /sys/fs/fuse/connections (fusectl, rw,nosuid,nodev,noexec,relatime)
[0;33m[WARN][0m Host mount: /sys/kernel/debug (debugfs, rw,seclabel,nosuid,nodev,noexec,relatime)
[0;33m[WARN][0m Host mount: /sys/kernel/debug/tracing (tracefs, rw,seclabel,nosuid,nodev,noexec,relatime)
[0;33m[WARN][0m Host mount: /sys/kernel/tracing (tracefs, rw,seclabel,nosuid,nodev,noexec,relatime)
[0;33m[WARN][0m Host mount: /root/personalization (btrfs, rw,seclabel,relatime,compress=zstd:1,ssd,discard=async,space_cache=v2,subvolid=256,subvol=/root)
[0;33m[WARN][0m Host mount: /root/.emacs.d (btrfs, rw,seclabel,relatime,compress=zstd:1,ssd,discard=async,space_cache=v2,subvolid=256,subvol=/root)
[0;33m[WARN][0m Host mount: /root/i.ar (btrfs, rw,seclabel,relatime,compress=zstd:1,ssd,discard=async,space_cache=v2,subvolid=256,subvol=/root)
[0;33m[WARN][0m Host mount: /root/.emacs.d/gptel-fork (btrfs, rw,seclabel,relatime,compress=zstd:1,ssd,discard=async,space_cache=v2,subvolid=256,subvol=/root)
[0;33m[WARN][0m Host mount: /root/i.ar/prompts (btrfs, rw,seclabel,relatime,compress=zstd:1,ssd,discard=async,space_cache=v2,subvolid=256,subvol=/root)
[0;33m[WARN][0m Host mount: /root/.emacs.d/metaconfig (btrfs, rw,seclabel,relatime,compress=zstd:1,ssd,discard=async,space_cache=v2,subvolid=256,subvol=/root)

============================================
[0;32m  PREFLIGHT PASSED[0m
============================================
Loading /root/.emacs.d/configs/paths.el (source)...
Loading /root/.emacs.d/configs/predicates.el (source)...
Loading /root/.emacs.d/configs/keybindings.el (source)...
Loading /root/.emacs.d/configs/delimiters.el (source)...
Loading /root/.emacs.d/configs/git.el (source)...
Loading /root/.emacs.d/configs/fork.el (source)...
Loading /root/.emacs.d/configs/delegate.el (source)...
Loading /root/.emacs.d/configs/cycle.el (source)...
Loading /root/.emacs.d/configs/loop-guard.el (source)...
Loading /root/.emacs.d/configs/memory.el (source)...
Loading /root/.emacs.d/configs/file-guard.el (source)...
Loading /root/.emacs.d/configs/tool-limits.el (source)...
Loading /root/.emacs.d/configs/tasks.el (source)...
Loading /root/.emacs.d/configs/mcp.el (source)...
Loading /root/.emacs.d/init.d/shared/iar-utils.el (source)...
Loading /root/.emacs.d/init.d/shared/iar-agent-utils.el (source)...
Loading /root/.emacs.d/init.d/core/iar-locale.el (source)...
Loading /root/.emacs.d/init.d/core/iar-package-setup.el (source)...
Loading /root/.emacs.d/init.d/core/iar-ui-cleanup.el (source)...
Loading /root/.emacs.d/init.d/core/iar-evil-mode.el (source)...
Loading /root/.emacs.d/init.d/core/iar-gptel-setup.el (source)...
[gptel] Using fork from /root/.emacs.d/gptel-fork (overriding ELPA package)
Loading /root/.emacs.d/configs/gptel.el (source)...
Loading /root/.emacs.d/init.d/core/iar-mcp-setup.el (source)...
Loading /root/.emacs.d/init.d/tool-call/iar-malformed-args.el (source)...
Loading /root/.emacs.d/init.d/tool-call/iar-tool-call.el (source)...
[tool-call] Layer installed
Loading /root/.emacs.d/init.d/tool-call/iar-tool-result-timestamp.el (source)...
Loading /root/.emacs.d/init.d/tool-call/iar-tool-result-budget.el (source)...
Loading /root/.emacs.d/init.d/tool-call/iar-request-log.el (source)...
[request-log] Witness installed
Loading /root/.emacs.d/init.d/tool-call/iar-context-fence.el (source)...
Loading /root/.emacs.d/init.d/tool-call/iar-msgs-fence.el (source)...
Loading /root/.emacs.d/init.d/tool-call/iar-request-watchdog.el (source)...
[watchdog] Request watchdog installed
Loading /root/.emacs.d/init.d/tool-call/iar-text-mode-detector.el (source)...
Loading /root/.emacs.d/init.d/agent/iar-prompt-loader.el (source)...
Loading /root/.emacs.d/init.d/core/iar-mount-awareness.el (source)...
Loading /root/.emacs.d/init.d/core/iar-rate-limit.el (source)...
Loading /root/.emacs.d/init.d/security/iar-output-sanitizer.el (source)...
Loading /root/.emacs.d/init.d/security/iar-file-guard.el (source)...
Loading /root/.emacs.d/init.d/security/iar-audit-log.el (source)...
Loading /root/.emacs.d/init.d/security/iar-loop-guard.el (source)...
Loading /root/.emacs.d/init.d/security/iar-loop-guard-chain.el (source)...
Loading /root/.emacs.d/init.d/security/iar-tool-guard.el (source)...
Loading /root/.emacs.d/init.d/security/iar-utf8-scrub.el (source)...
Loading /root/.emacs.d/init.d/tools/filesystem/list_directory.el (source)...
Loading /root/.emacs.d/init.d/tools/filesystem/read_file.el (source)...
Loading /root/.emacs.d/init.d/tools/filesystem/write_file.el (source)...
Loading /root/.emacs.d/init.d/tools/filesystem/append_file.el (source)...
Loading /root/.emacs.d/init.d/tools/code/execute_code_local.el (source)...
Loading /root/.emacs.d/init.d/tools/code/execute_code_remote.el (source)...
Loading /root/.emacs.d/init.d/tools/code/check_elisp.el (source)...
Loading /root/.emacs.d/init.d/tools/tasks/read_task.el (source)...
Loading /root/.emacs.d/init.d/tools/tasks/create_task.el (source)...
Loading /root/.emacs.d/init.d/tools/tasks/write_subtask.el (source)...
Loading /root/.emacs.d/init.d/tools/tasks/remove_task.el (source)...
Loading /root/.emacs.d/init.d/tools/tasks/read_history.el (source)...
Loading /root/.emacs.d/init.d/tools/tasks/read_roadmap.el (source)...
Loading /root/.emacs.d/init.d/tools/tasks/write_roadmap.el (source)...
Loading /root/.emacs.d/init.d/tools/notify/telegram.el (source)...
Loading /root/.emacs.d/init.d/tools/git/git_commit.el (source)...
Loading /root/.emacs.d/init.d/tools/knowledge/read_knowledge.el (source)...
Loading /root/.emacs.d/init.d/agent/iar-project-parser.el (source)...
Loading /root/.emacs.d/init.d/agent/iar-prompt-assembly.el (source)...
Loading /root/.emacs.d/init.d/agent/iar-agent-loader.el (source)...
Loading /root/.emacs.d/init.d/agent/iar-knowledge-loader.el (source)...
Loading /root/.emacs.d/init.d/agent/iar-buffer-info.el (source)...
Loading /root/.emacs.d/init.d/tools/agent/delegate.el (source)...
Loading /root/.emacs.d/init.d/tools/agent/reload_os.el (source)...
Loading /root/.emacs.d/init.d/tools/agent/reload_agent.el (source)...
Loading /root/.emacs.d/init.d/tools/agent/read_own_prompt.el (source)...
Loading /root/.emacs.d/init.d/agent/iar-guidelines-checker.el (source)...
Loading /root/.emacs.d/init.d/agent/iar-agent-cycle.el (source)...
Loading /root/.emacs.d/init.d/debug/iar-status-mode.el (source)...
[status-mode] Installed
Loading /root/.emacs.d/init.d/session/iar-quit.el (source)...
[aria] Starting cycle with 3600s timeout (archetype: aria-cycle, project: iar, cycle: aria_daily)
[aria] Assembled prompt: 45997 chars (~11499 tokens), 21 tools
[aria] Sending cycle prompt to aria agent...
Querying Ollama...
[aria] Same-tool warning: 100 calls to execute_code_local this cycle -- one call blocked with notice
[aria] Tool-call budget warning (150/300) -- one call blocked with notice
[aria] Cycle complete. Turns: 1, Tool calls: 164, Exit: 0
Tokens: 11833490 in / 27030 out / 11860520 total
Requests: 165
[0;32m[INF][2026-09-12 11:45:38][0m Cycle 1 succeeded in 535s (exit 0)

[0;34m[INF][2026-09-12 12:06:11][0m --- Cycle 1/1 ---
Already up to date.
============================================
  Preflight Mount Audit — Emacboros
  2026-09-12T15:06:12Z
============================================

--- Phase 1: /proc/mounts scan ---

--- Phase 2: Writability tests ---
[0;32m[PASS][0m /root/.emacs.d/.git/hooks — does not exist
[0;32m[PASS][0m /var/run/docker.sock — does not exist
[0;32m[PASS][0m /etc/cron.d — does not exist
[0;32m[PASS][0m /var/spool/cron — does not exist
[0;32m[PASS][0m /etc/systemd/system — directory is read-only
[0;32m[PASS][0m /etc/systemd — directory is read-only

--- Phase 3: Capability audit ---
[0;32m[PASS][0m CAP_DAC_OVERRIDE (bit 1) is not set — can bypass file read/write/execute permissions
[0;32m[PASS][0m CAP_SYS_ADMIN (bit 21) is not set — broad system administration (mount, namespaces, etc.)
[0;32m[PASS][0m CAP_SETUID (bit 7) is not set — can change process UID
[0;32m[PASS][0m CAP_SETGID (bit 6) is not set — can change process GID
[0;32m[PASS][0m CAP_MKNOD (bit 27) is not set — can create special device files
[0;32m[PASS][0m CAP_NET_RAW (bit 13) is SET (expected) — can create raw network sockets (needed for nmap/traceroute)
[0;32m[PASS][0m CAP_NET_BIND_SERVICE (bit 10) is SET (expected) — can bind to ports < 1024
[0;32m[PASS][0m CAP_FOWNER (bit 3) is not set — can bypass file ownership checks
[0;32m[PASS][0m CAP_SETFCAP (bit 31) is not set — can set file capabilities

--- Phase 4: Host mount audit ---
Writable real-filesystem mounts:
[0;33m[WARN][0m Host mount: /sys/kernel/security (securityfs, rw,nosuid,nodev,noexec,relatime)
[0;33m[WARN][0m Host mount: /sys/fs/cgroup (cgroup2, rw,seclabel,nosuid,nodev,noexec,relatime,nsdelegate,memory_recursiveprot,memory_hugetlb_accounting)
[0;33m[WARN][0m Host mount: /sys/fs/pstore (pstore, rw,seclabel,nosuid,nodev,noexec,relatime)
[0;33m[WARN][0m Host mount: /sys/firmware/efi/efivars (efivarfs, rw,nosuid,nodev,noexec,relatime)
[0;33m[WARN][0m Host mount: /sys/fs/bpf (bpf, rw,nosuid,nodev,noexec,relatime,mode=700)
[0;33m[WARN][0m Host mount: /sys/kernel/config (configfs, rw,nosuid,nodev,noexec,relatime)
[0;33m[WARN][0m Host mount: /sys/fs/selinux (selinuxfs, rw,nosuid,noexec,relatime)
[0;33m[WARN][0m Host mount: /sys/fs/fuse/connections (fusectl, rw,nosuid,nodev,noexec,relatime)
[0;33m[WARN][0m Host mount: /sys/kernel/debug (debugfs, rw,seclabel,nosuid,nodev,noexec,relatime)
[0;33m[WARN][0m Host mount: /sys/kernel/debug/tracing (tracefs, rw,seclabel,nosuid,nodev,noexec,relatime)
[0;33m[WARN][0m Host mount: /sys/kernel/tracing (tracefs, rw,seclabel,nosuid,nodev,noexec,relatime)
[0;33m[WARN][0m Host mount: /root/i.ar (btrfs, rw,seclabel,relatime,compress=zstd:1,ssd,discard=async,space_cache=v2,subvolid=256,subvol=/root)
[0;33m[WARN][0m Host mount: /root/.emacs.d (btrfs, rw,seclabel,relatime,compress=zstd:1,ssd,discard=async,space_cache=v2,subvolid=256,subvol=/root)
[0;33m[WARN][0m Host mount: /root/personalization (btrfs, rw,seclabel,relatime,compress=zstd:1,ssd,discard=async,space_cache=v2,subvolid=256,subvol=/root)
[0;33m[WARN][0m Host mount: /root/.emacs.d/metaconfig (btrfs, rw,seclabel,relatime,compress=zstd:1,ssd,discard=async,space_cache=v2,subvolid=256,subvol=/root)
[0;33m[WARN][0m Host mount: /root/.emacs.d/gptel-fork (btrfs, rw,seclabel,relatime,compress=zstd:1,ssd,discard=async,space_cache=v2,subvolid=256,subvol=/root)
[0;33m[WARN][0m Host mount: /root/i.ar/prompts (btrfs, rw,seclabel,relatime,compress=zstd:1,ssd,discard=async,space_cache=v2,subvolid=256,subvol=/root)

============================================
[0;32m  PREFLIGHT PASSED[0m
============================================
Loading /root/.emacs.d/configs/paths.el (source)...
Loading /root/.emacs.d/configs/predicates.el (source)...
Loading /root/.emacs.d/configs/keybindings.el (source)...
Loading /root/.emacs.d/configs/delimiters.el (source)...
Loading /root/.emacs.d/configs/git.el (source)...
Loading /root/.emacs.d/configs/fork.el (source)...
Loading /root/.emacs.d/configs/delegate.el (source)...
Loading /root/.emacs.d/configs/cycle.el (source)...
Loading /root/.emacs.d/configs/loop-guard.el (source)...
Loading /root/.emacs.d/configs/memory.el (source)...
Loading /root/.emacs.d/configs/file-guard.el (source)...
Loading /root/.emacs.d/configs/tool-limits.el (source)...
Loading /root/.emacs.d/configs/tasks.el (source)...
Loading /root/.emacs.d/configs/mcp.el (source)...
Loading /root/.emacs.d/init.d/shared/iar-utils.el (source)...
Loading /root/.emacs.d/init.d/shared/iar-agent-utils.el (source)...
Loading /root/.emacs.d/init.d/core/iar-locale.el (source)...
Loading /root/.emacs.d/init.d/core/iar-package-setup.el (source)...
Loading /root/.emacs.d/init.d/core/iar-ui-cleanup.el (source)...
Loading /root/.emacs.d/init.d/core/iar-evil-mode.el (source)...
Loading /root/.emacs.d/init.d/core/iar-gptel-setup.el (source)...
[gptel] Using fork from /root/.emacs.d/gptel-fork (overriding ELPA package)
Loading /root/.emacs.d/configs/gptel.el (source)...
Loading /root/.emacs.d/init.d/core/iar-mcp-setup.el (source)...
Loading /root/.emacs.d/init.d/tool-call/iar-malformed-args.el (source)...
Loading /root/.emacs.d/init.d/tool-call/iar-tool-call.el (source)...
[tool-call] Layer installed
Loading /root/.emacs.d/init.d/tool-call/iar-tool-result-timestamp.el (source)...
Loading /root/.emacs.d/init.d/tool-call/iar-tool-result-budget.el (source)...
Loading /root/.emacs.d/init.d/tool-call/iar-request-log.el (source)...
[request-log] Witness installed
Loading /root/.emacs.d/init.d/tool-call/iar-context-fence.el (source)...
Loading /root/.emacs.d/init.d/tool-call/iar-msgs-fence.el (source)...
Loading /root/.emacs.d/init.d/tool-call/iar-request-watchdog.el (source)...
[watchdog] Request watchdog installed
Loading /root/.emacs.d/init.d/tool-call/iar-text-mode-detector.el (source)...
Loading /root/.emacs.d/init.d/agent/iar-prompt-loader.el (source)...
Loading /root/.emacs.d/init.d/core/iar-mount-awareness.el (source)...
Loading /root/.emacs.d/init.d/core/iar-rate-limit.el (source)...
Loading /root/.emacs.d/init.d/security/iar-output-sanitizer.el (source)...
Loading /root/.emacs.d/init.d/security/iar-file-guard.el (source)...
Loading /root/.emacs.d/init.d/security/iar-audit-log.el (source)...
Loading /root/.emacs.d/init.d/security/iar-loop-guard.el (source)...
Loading /root/.emacs.d/init.d/security/iar-loop-guard-chain.el (source)...
Loading /root/.emacs.d/init.d/security/iar-tool-guard.el (source)...
Loading /root/.emacs.d/init.d/security/iar-utf8-scrub.el (source)...
Loading /root/.emacs.d/init.d/tools/filesystem/list_directory.el (source)...
Loading /root/.emacs.d/init.d/tools/filesystem/read_file.el (source)...
Loading /root/.emacs.d/init.d/tools/filesystem/write_file.el (source)...
Loading /root/.emacs.d/init.d/tools/filesystem/append_file.el (source)...
Loading /root/.emacs.d/init.d/tools/code/execute_code_local.el (source)...
Loading /root/.emacs.d/init.d/tools/code/execute_code_remote.el (source)...
Loading /root/.emacs.d/init.d/tools/code/check_elisp.el (source)...
Loading /root/.emacs.d/init.d/tools/tasks/read_task.el (source)...
Loading /root/.emacs.d/init.d/tools/tasks/create_task.el (source)...
Loading /root/.emacs.d/init.d/tools/tasks/write_subtask.el (source)...
Loading /root/.emacs.d/init.d/tools/tasks/remove_task.el (source)...
Loading /root/.emacs.d/init.d/tools/tasks/read_history.el (source)...
Loading /root/.emacs.d/init.d/tools/tasks/read_roadmap.el (source)...
Loading /root/.emacs.d/init.d/tools/tasks/write_roadmap.el (source)...
Loading /root/.emacs.d/init.d/tools/notify/telegram.el (source)...
Loading /root/.emacs.d/init.d/tools/git/git_commit.el (source)...
Loading /root/.emacs.d/init.d/tools/knowledge/read_knowledge.el (source)...
Loading /root/.emacs.d/init.d/agent/iar-project-parser.el (source)...
Loading /root/.emacs.d/init.d/agent/iar-prompt-assembly.el (source)...
Loading /root/.emacs.d/init.d/agent/iar-agent-loader.el (source)...
Loading /root/.emacs.d/init.d/agent/iar-knowledge-loader.el (source)...
Loading /root/.emacs.d/init.d/agent/iar-buffer-info.el (source)...
Loading /root/.emacs.d/init.d/tools/agent/delegate.el (source)...
Loading /root/.emacs.d/init.d/tools/agent/reload_os.el (source)...
Loading /root/.emacs.d/init.d/tools/agent/reload_agent.el (source)...
Loading /root/.emacs.d/init.d/tools/agent/read_own_prompt.el (source)...
Loading /root/.emacs.d/init.d/agent/iar-guidelines-checker.el (source)...
Loading /root/.emacs.d/init.d/agent/iar-agent-cycle.el (source)...
Loading /root/.emacs.d/init.d/debug/iar-status-mode.el (source)...
[status-mode] Installed
Loading /root/.emacs.d/init.d/session/iar-quit.el (source)...
[aria] Starting cycle with 3600s timeout (archetype: aria-cycle, project: iar, cycle: aria_daily)
[aria] Assembled prompt: 46152 chars (~11538 tokens), 21 tools
[aria] Sending cycle prompt to aria agent...
Querying Ollama...
[aria] Same-tool warning: 100 calls to execute_code_local this cycle -- one call blocked with notice
[aria] Tool-call budget warning (150/300) -- one call blocked with notice
[aria] Cycle complete. Turns: 1, Tool calls: 159, Exit: 0
Tokens: 10279612 in / 48233 out / 10327845 total
Requests: 160
[0;32m[INF][2026-09-12 12:18:53][0m Cycle 1 succeeded in 762s (exit 0)

[0;34m[INF][2026-09-12 12:28:16][0m --- Cycle 1/1 ---
Already up to date.
============================================
  Preflight Mount Audit — Emacboros
  2026-09-12T15:28:17Z
============================================

--- Phase 1: /proc/mounts scan ---

--- Phase 2: Writability tests ---
[0;32m[PASS][0m /root/.emacs.d/.git/hooks — does not exist
[0;32m[PASS][0m /var/run/docker.sock — does not exist
[0;32m[PASS][0m /etc/cron.d — does not exist
[0;32m[PASS][0m /var/spool/cron — does not exist
[0;32m[PASS][0m /etc/systemd/system — directory is read-only
[0;32m[PASS][0m /etc/systemd — directory is read-only

--- Phase 3: Capability audit ---
[0;32m[PASS][0m CAP_DAC_OVERRIDE (bit 1) is not set — can bypass file read/write/execute permissions
[0;32m[PASS][0m CAP_SYS_ADMIN (bit 21) is not set — broad system administration (mount, namespaces, etc.)
[0;32m[PASS][0m CAP_SETUID (bit 7) is not set — can change process UID
[0;32m[PASS][0m CAP_SETGID (bit 6) is not set — can change process GID
[0;32m[PASS][0m CAP_MKNOD (bit 27) is not set — can create special device files
[0;32m[PASS][0m CAP_NET_RAW (bit 13) is SET (expected) — can create raw network sockets (needed for nmap/traceroute)
[0;32m[PASS][0m CAP_NET_BIND_SERVICE (bit 10) is SET (expected) — can bind to ports < 1024
[0;32m[PASS][0m CAP_FOWNER (bit 3) is not set — can bypass file ownership checks
[0;32m[PASS][0m CAP_SETFCAP (bit 31) is not set — can set file capabilities

--- Phase 4: Host mount audit ---
Writable real-filesystem mounts:
[0;33m[WARN][0m Host mount: /sys/kernel/security (securityfs, rw,nosuid,nodev,noexec,relatime)
[0;33m[WARN][0m Host mount: /sys/fs/cgroup (cgroup2, rw,seclabel,nosuid,nodev,noexec,relatime,nsdelegate,memory_recursiveprot,memory_hugetlb_accounting)
[0;33m[WARN][0m Host mount: /sys/fs/pstore (pstore, rw,seclabel,nosuid,nodev,noexec,relatime)
[0;33m[WARN][0m Host mount: /sys/firmware/efi/efivars (efivarfs, rw,nosuid,nodev,noexec,relatime)
[0;33m[WARN][0m Host mount: /sys/fs/bpf (bpf, rw,nosuid,nodev,noexec,relatime,mode=700)
[0;33m[WARN][0m Host mount: /sys/kernel/config (configfs, rw,nosuid,nodev,noexec,relatime)
[0;33m[WARN][0m Host mount: /sys/fs/selinux (selinuxfs, rw,nosuid,noexec,relatime)
[0;33m[WARN][0m Host mount: /sys/fs/fuse/connections (fusectl, rw,nosuid,nodev,noexec,relatime)
[0;33m[WARN][0m Host mount: /sys/kernel/debug (debugfs, rw,seclabel,nosuid,nodev,noexec,relatime)
[0;33m[WARN][0m Host mount: /sys/kernel/debug/tracing (tracefs, rw,seclabel,nosuid,nodev,noexec,relatime)
[0;33m[WARN][0m Host mount: /sys/kernel/tracing (tracefs, rw,seclabel,nosuid,nodev,noexec,relatime)
[0;33m[WARN][0m Host mount: /root/.emacs.d (btrfs, rw,seclabel,relatime,compress=zstd:1,ssd,discard=async,space_cache=v2,subvolid=256,subvol=/root)
[0;33m[WARN][0m Host mount: /root/i.ar (btrfs, rw,seclabel,relatime,compress=zstd:1,ssd,discard=async,space_cache=v2,subvolid=256,subvol=/root)
[0;33m[WARN][0m Host mount: /root/personalization (btrfs, rw,seclabel,relatime,compress=zstd:1,ssd,discard=async,space_cache=v2,subvolid=256,subvol=/root)
[0;33m[WARN][0m Host mount: /root/.emacs.d/metaconfig (btrfs, rw,seclabel,relatime,compress=zstd:1,ssd,discard=async,space_cache=v2,subvolid=256,subvol=/root)
[0;33m[WARN][0m Host mount: /root/.emacs.d/gptel-fork (btrfs, rw,seclabel,relatime,compress=zstd:1,ssd,discard=async,space_cache=v2,subvolid=256,subvol=/root)
[0;33m[WARN][0m Host mount: /root/i.ar/prompts (btrfs, rw,seclabel,relatime,compress=zstd:1,ssd,discard=async,space_cache=v2,subvolid=256,subvol=/root)

============================================
[0;32m  PREFLIGHT PASSED[0m
============================================
Loading /root/.emacs.d/configs/paths.el (source)...
Loading /root/.emacs.d/configs/predicates.el (source)...
Loading /root/.emacs.d/configs/keybindings.el (source)...
Loading /root/.emacs.d/configs/delimiters.el (source)...
Loading /root/.emacs.d/configs/git.el (source)...
Loading /root/.emacs.d/configs/fork.el (source)...
Loading /root/.emacs.d/configs/delegate.el (source)...
Loading /root/.emacs.d/configs/cycle.el (source)...
Loading /root/.emacs.d/configs/loop-guard.el (source)...
Loading /root/.emacs.d/configs/memory.el (source)...
Loading /root/.emacs.d/configs/file-guard.el (source)...
Loading /root/.emacs.d/configs/tool-limits.el (source)...
Loading /root/.emacs.d/configs/tasks.el (source)...
Loading /root/.emacs.d/configs/mcp.el (source)...
Loading /root/.emacs.d/init.d/shared/iar-utils.el (source)...
Loading /root/.emacs.d/init.d/shared/iar-agent-utils.el (source)...
Loading /root/.emacs.d/init.d/core/iar-locale.el (source)...
Loading /root/.emacs.d/init.d/core/iar-package-setup.el (source)...
Loading /root/.emacs.d/init.d/core/iar-ui-cleanup.el (source)...
Loading /root/.emacs.d/init.d/core/iar-evil-mode.el (source)...
Loading /root/.emacs.d/init.d/core/iar-gptel-setup.el (source)...
[gptel] Using fork from /root/.emacs.d/gptel-fork (overriding ELPA package)
Loading /root/.emacs.d/configs/gptel.el (source)...
Loading /root/.emacs.d/init.d/core/iar-mcp-setup.el (source)...
Loading /root/.emacs.d/init.d/tool-call/iar-malformed-args.el (source)...
Loading /root/.emacs.d/init.d/tool-call/iar-tool-call.el (source)...
[tool-call] Layer installed
Loading /root/.emacs.d/init.d/tool-call/iar-tool-result-timestamp.el (source)...
Loading /root/.emacs.d/init.d/tool-call/iar-tool-result-budget.el (source)...
Loading /root/.emacs.d/init.d/tool-call/iar-request-log.el (source)...
[request-log] Witness installed
Loading /root/.emacs.d/init.d/tool-call/iar-context-fence.el (source)...
Loading /root/.emacs.d/init.d/tool-call/iar-msgs-fence.el (source)...
Loading /root/.emacs.d/init.d/tool-call/iar-request-watchdog.el (source)...
[watchdog] Request watchdog installed
Loading /root/.emacs.d/init.d/tool-call/iar-text-mode-detector.el (source)...
Loading /root/.emacs.d/init.d/agent/iar-prompt-loader.el (source)...
Loading /root/.emacs.d/init.d/core/iar-mount-awareness.el (source)...
Loading /root/.emacs.d/init.d/core/iar-rate-limit.el (source)...
Loading /root/.emacs.d/init.d/security/iar-output-sanitizer.el (source)...
Loading /root/.emacs.d/init.d/security/iar-file-guard.el (source)...
Loading /root/.emacs.d/init.d/security/iar-audit-log.el (source)...
Loading /root/.emacs.d/init.d/security/iar-loop-guard.el (source)...
Loading /root/.emacs.d/init.d/security/iar-loop-guard-chain.el (source)...
Loading /root/.emacs.d/init.d/security/iar-tool-guard.el (source)...
Loading /root/.emacs.d/init.d/security/iar-utf8-scrub.el (source)...
Loading /root/.emacs.d/init.d/tools/filesystem/list_directory.el (source)...
Loading /root/.emacs.d/init.d/tools/filesystem/read_file.el (source)...
Loading /root/.emacs.d/init.d/tools/filesystem/write_file.el (source)...
Loading /root/.emacs.d/init.d/tools/filesystem/append_file.el (source)...
Loading /root/.emacs.d/init.d/tools/code/execute_code_local.el (source)...
Loading /root/.emacs.d/init.d/tools/code/execute_code_remote.el (source)...
Loading /root/.emacs.d/init.d/tools/code/check_elisp.el (source)...
Loading /root/.emacs.d/init.d/tools/tasks/read_task.el (source)...
Loading /root/.emacs.d/init.d/tools/tasks/create_task.el (source)...
Loading /root/.emacs.d/init.d/tools/tasks/write_subtask.el (source)...
Loading /root/.emacs.d/init.d/tools/tasks/remove_task.el (source)...
Loading /root/.emacs.d/init.d/tools/tasks/read_history.el (source)...
Loading /root/.emacs.d/init.d/tools/tasks/read_roadmap.el (source)...
Loading /root/.emacs.d/init.d/tools/tasks/write_roadmap.el (source)...
Loading /root/.emacs.d/init.d/tools/notify/telegram.el (source)...
Loading /root/.emacs.d/init.d/tools/git/git_commit.el (source)...
Loading /root/.emacs.d/init.d/tools/knowledge/read_knowledge.el (source)...
Loading /root/.emacs.d/init.d/agent/iar-project-parser.el (source)...
Loading /root/.emacs.d/init.d/agent/iar-prompt-assembly.el (source)...
Loading /root/.emacs.d/init.d/agent/iar-agent-loader.el (source)...
Loading /root/.emacs.d/init.d/agent/iar-knowledge-loader.el (source)...
Loading /root/.emacs.d/init.d/agent/iar-buffer-info.el (source)...
Loading /root/.emacs.d/init.d/tools/agent/delegate.el (source)...
Loading /root/.emacs.d/init.d/tools/agent/reload_os.el (source)...
Loading /root/.emacs.d/init.d/tools/agent/reload_agent.el (source)...
Loading /root/.emacs.d/init.d/tools/agent/read_own_prompt.el (source)...
Loading /root/.emacs.d/init.d/agent/iar-guidelines-checker.el (source)...
Loading /root/.emacs.d/init.d/agent/iar-agent-cycle.el (source)...
Loading /root/.emacs.d/init.d/debug/iar-status-mode.el (source)...
[status-mode] Installed
Loading /root/.emacs.d/init.d/session/iar-quit.el (source)...
[aria] Starting cycle with 3600s timeout (archetype: aria-cycle, project: iar, cycle: aria_daily)
[aria] Assembled prompt: 46240 chars (~11560 tokens), 21 tools
[aria] Sending cycle prompt to aria agent...
Querying Ollama...
[aria] Same-tool warning: 100 calls to execute_code_local this cycle -- one call blocked with notice
[aria] Tool-call budget warning (150/300) -- one call blocked with notice
Querying Ollama...
[aria] Msgs soft cap warning (msgs 400 >= 400) -- one call blocked with notice
[aria] Cycle complete. Turns: 2, Tool calls: 200, Exit: 0
Tokens: 13057057 in / 48698 out / 13105755 total
Requests: 202
[0;32m[INF][2026-09-12 12:42:52][0m Cycle 1 succeeded in 876s (exit 0)

[0;34m[INF][2026-09-12 12:46:33][0m --- Cycle 1/1 ---
Already up to date.
============================================
  Preflight Mount Audit — Emacboros
  2026-09-12T15:46:33Z
============================================

--- Phase 1: /proc/mounts scan ---

--- Phase 2: Writability tests ---
[0;32m[PASS][0m /root/.emacs.d/.git/hooks — does not exist
[0;32m[PASS][0m /var/run/docker.sock — does not exist
[0;32m[PASS][0m /etc/cron.d — does not exist
[0;32m[PASS][0m /var/spool/cron — does not exist
[0;32m[PASS][0m /etc/systemd/system — directory is read-only
[0;32m[PASS][0m /etc/systemd — directory is read-only

--- Phase 3: Capability audit ---
[0;32m[PASS][0m CAP_DAC_OVERRIDE (bit 1) is not set — can bypass file read/write/execute permissions
[0;32m[PASS][0m CAP_SYS_ADMIN (bit 21) is not set — broad system administration (mount, namespaces, etc.)
[0;32m[PASS][0m CAP_SETUID (bit 7) is not set — can change process UID
[0;32m[PASS][0m CAP_SETGID (bit 6) is not set — can change process GID
[0;32m[PASS][0m CAP_MKNOD (bit 27) is not set — can create special device files
[0;32m[PASS][0m CAP_NET_RAW (bit 13) is SET (expected) — can create raw network sockets (needed for nmap/traceroute)
[0;32m[PASS][0m CAP_NET_BIND_SERVICE (bit 10) is SET (expected) — can bind to ports < 1024
[0;32m[PASS][0m CAP_FOWNER (bit 3) is not set — can bypass file ownership checks
[0;32m[PASS][0m CAP_SETFCAP (bit 31) is not set — can set file capabilities

--- Phase 4: Host mount audit ---
Writable real-filesystem mounts:
[0;33m[WARN][0m Host mount: /sys/kernel/security (securityfs, rw,nosuid,nodev,noexec,relatime)
[0;33m[WARN][0m Host mount: /sys/fs/cgroup (cgroup2, rw,seclabel,nosuid,nodev,noexec,relatime,nsdelegate,memory_recursiveprot,memory_hugetlb_accounting)
[0;33m[WARN][0m Host mount: /sys/fs/pstore (pstore, rw,seclabel,nosuid,nodev,noexec,relatime)
[0;33m[WARN][0m Host mount: /sys/firmware/efi/efivars (efivarfs, rw,nosuid,nodev,noexec,relatime)
[0;33m[WARN][0m Host mount: /sys/fs/bpf (bpf, rw,nosuid,nodev,noexec,relatime,mode=700)
[0;33m[WARN][0m Host mount: /sys/kernel/config (configfs, rw,nosuid,nodev,noexec,relatime)
[0;33m[WARN][0m Host mount: /sys/fs/selinux (selinuxfs, rw,nosuid,noexec,relatime)
[0;33m[WARN][0m Host mount: /sys/fs/fuse/connections (fusectl, rw,nosuid,nodev,noexec,relatime)
[0;33m[WARN][0m Host mount: /sys/kernel/debug (debugfs, rw,seclabel,nosuid,nodev,noexec,relatime)
[0;33m[WARN][0m Host mount: /sys/kernel/debug/tracing (tracefs, rw,seclabel,nosuid,nodev,noexec,relatime)
[0;33m[WARN][0m Host mount: /sys/kernel/tracing (tracefs, rw,seclabel,nosuid,nodev,noexec,relatime)
[0;33m[WARN][0m Host mount: /root/personalization (btrfs, rw,seclabel,relatime,compress=zstd:1,ssd,discard=async,space_cache=v2,subvolid=256,subvol=/root)
[0;33m[WARN][0m Host mount: /root/.emacs.d (btrfs, rw,seclabel,relatime,compress=zstd:1,ssd,discard=async,space_cache=v2,subvolid=256,subvol=/root)
[0;33m[WARN][0m Host mount: /root/i.ar (btrfs, rw,seclabel,relatime,compress=zstd:1,ssd,discard=async,space_cache=v2,subvolid=256,subvol=/root)
[0;33m[WARN][0m Host mount: /root/.emacs.d/metaconfig (btrfs, rw,seclabel,relatime,compress=zstd:1,ssd,discard=async,space_cache=v2,subvolid=256,subvol=/root)
[0;33m[WARN][0m Host mount: /root/i.ar/prompts (btrfs, rw,seclabel,relatime,compress=zstd:1,ssd,discard=async,space_cache=v2,subvolid=256,subvol=/root)
[0;33m[WARN][0m Host mount: /root/.emacs.d/gptel-fork (btrfs, rw,seclabel,relatime,compress=zstd:1,ssd,discard=async,space_cache=v2,subvolid=256,subvol=/root)

============================================
[0;32m  PREFLIGHT PASSED[0m
============================================
Loading /root/.emacs.d/configs/paths.el (source)...
Loading /root/.emacs.d/configs/predicates.el (source)...
Loading /root/.emacs.d/configs/keybindings.el (source)...
Loading /root/.emacs.d/configs/delimiters.el (source)...
Loading /root/.emacs.d/configs/git.el (source)...
Loading /root/.emacs.d/configs/fork.el (source)...
Loading /root/.emacs.d/configs/delegate.el (source)...
Loading /root/.emacs.d/configs/cycle.el (source)...
Loading /root/.emacs.d/configs/loop-guard.el (source)...
Loading /root/.emacs.d/configs/memory.el (source)...
Loading /root/.emacs.d/configs/file-guard.el (source)...
Loading /root/.emacs.d/configs/tool-limits.el (source)...
Loading /root/.emacs.d/configs/tasks.el (source)...
Loading /root/.emacs.d/configs/mcp.el (source)...
Loading /root/.emacs.d/init.d/shared/iar-utils.el (source)...
Loading /root/.emacs.d/init.d/shared/iar-agent-utils.el (source)...
Loading /root/.emacs.d/init.d/core/iar-locale.el (source)...
Loading /root/.emacs.d/init.d/core/iar-package-setup.el (source)...
Loading /root/.emacs.d/init.d/core/iar-ui-cleanup.el (source)...
Loading /root/.emacs.d/init.d/core/iar-evil-mode.el (source)...
Loading /root/.emacs.d/init.d/core/iar-gptel-setup.el (source)...
[gptel] Using fork from /root/.emacs.d/gptel-fork (overriding ELPA package)
Loading /root/.emacs.d/configs/gptel.el (source)...
Loading /root/.emacs.d/init.d/core/iar-mcp-setup.el (source)...
Loading /root/.emacs.d/init.d/tool-call/iar-malformed-args.el (source)...
Loading /root/.emacs.d/init.d/tool-call/iar-tool-call.el (source)...
[tool-call] Layer installed
Loading /root/.emacs.d/init.d/tool-call/iar-tool-result-timestamp.el (source)...
Loading /root/.emacs.d/init.d/tool-call/iar-tool-result-budget.el (source)...
Loading /root/.emacs.d/init.d/tool-call/iar-request-log.el (source)...
[request-log] Witness installed
Loading /root/.emacs.d/init.d/tool-call/iar-context-fence.el (source)...
Loading /root/.emacs.d/init.d/tool-call/iar-msgs-fence.el (source)...
Loading /root/.emacs.d/init.d/tool-call/iar-request-watchdog.el (source)...
[watchdog] Request watchdog installed
Loading /root/.emacs.d/init.d/tool-call/iar-text-mode-detector.el (source)...
Loading /root/.emacs.d/init.d/agent/iar-prompt-loader.el (source)...
Loading /root/.emacs.d/init.d/core/iar-mount-awareness.el (source)...
Loading /root/.emacs.d/init.d/core/iar-rate-limit.el (source)...
Loading /root/.emacs.d/init.d/security/iar-output-sanitizer.el (source)...
Loading /root/.emacs.d/init.d/security/iar-file-guard.el (source)...
Loading /root/.emacs.d/init.d/security/iar-audit-log.el (source)...
Loading /root/.emacs.d/init.d/security/iar-loop-guard.el (source)...
Loading /root/.emacs.d/init.d/security/iar-loop-guard-chain.el (source)...
Loading /root/.emacs.d/init.d/security/iar-tool-guard.el (source)...
Loading /root/.emacs.d/init.d/security/iar-utf8-scrub.el (source)...
Loading /root/.emacs.d/init.d/tools/filesystem/list_directory.el (source)...
Loading /root/.emacs.d/init.d/tools/filesystem/read_file.el (source)...
Loading /root/.emacs.d/init.d/tools/filesystem/write_file.el (source)...
Loading /root/.emacs.d/init.d/tools/filesystem/append_file.el (source)...
Loading /root/.emacs.d/init.d/tools/code/execute_code_local.el (source)...
Loading /root/.emacs.d/init.d/tools/code/execute_code_remote.el (source)...
Loading /root/.emacs.d/init.d/tools/code/check_elisp.el (source)...
Loading /root/.emacs.d/init.d/tools/tasks/read_task.el (source)...
Loading /root/.emacs.d/init.d/tools/tasks/create_task.el (source)...
Loading /root/.emacs.d/init.d/tools/tasks/write_subtask.el (source)...
Loading /root/.emacs.d/init.d/tools/tasks/remove_task.el (source)...
Loading /root/.emacs.d/init.d/tools/tasks/read_history.el (source)...
Loading /root/.emacs.d/init.d/tools/tasks/read_roadmap.el (source)...
Loading /root/.emacs.d/init.d/tools/tasks/write_roadmap.el (source)...
Loading /root/.emacs.d/init.d/tools/notify/telegram.el (source)...
Loading /root/.emacs.d/init.d/tools/git/git_commit.el (source)...
Loading /root/.emacs.d/init.d/tools/knowledge/read_knowledge.el (source)...
Loading /root/.emacs.d/init.d/agent/iar-project-parser.el (source)...
Loading /root/.emacs.d/init.d/agent/iar-prompt-assembly.el (source)...
Loading /root/.emacs.d/init.d/agent/iar-agent-loader.el (source)...
Loading /root/.emacs.d/init.d/agent/iar-knowledge-loader.el (source)...
Loading /root/.emacs.d/init.d/agent/iar-buffer-info.el (source)...
Loading /root/.emacs.d/init.d/tools/agent/delegate.el (source)...
Loading /root/.emacs.d/init.d/tools/agent/reload_os.el (source)...
Loading /root/.emacs.d/init.d/tools/agent/reload_agent.el (source)...
Loading /root/.emacs.d/init.d/tools/agent/read_own_prompt.el (source)...
Loading /root/.emacs.d/init.d/agent/iar-guidelines-checker.el (source)...
Loading /root/.emacs.d/init.d/agent/iar-agent-cycle.el (source)...
Loading /root/.emacs.d/init.d/debug/iar-status-mode.el (source)...
[status-mode] Installed
Loading /root/.emacs.d/init.d/session/iar-quit.el (source)...
[aria] Starting cycle with 3600s timeout (archetype: aria-cycle, project: iar, cycle: aria_daily)
[aria] Assembled prompt: 46310 chars (~11577 tokens), 21 tools
[aria] Sending cycle prompt to aria agent...
Querying Ollama...
[aria] Same-tool warning: 100 calls to execute_code_local this cycle -- one call blocked with notice
[aria] Cycle complete. Turns: 1, Tool calls: 141, Exit: 0
Tokens: 7708231 in / 51300 out / 7759531 total
Requests: 142
[0;32m[INF][2026-09-12 13:08:29][0m Cycle 1 succeeded in 1316s (exit 0)

[0;34m[INF][2026-09-12 13:19:29][0m --- Cycle 1/1 ---
Already up to date.
============================================
  Preflight Mount Audit — Emacboros
  2026-09-12T16:19:30Z
============================================

--- Phase 1: /proc/mounts scan ---

--- Phase 2: Writability tests ---
[0;32m[PASS][0m /root/.emacs.d/.git/hooks — does not exist
[0;32m[PASS][0m /var/run/docker.sock — does not exist
[0;32m[PASS][0m /etc/cron.d — does not exist
[0;32m[PASS][0m /var/spool/cron — does not exist
[0;32m[PASS][0m /etc/systemd/system — directory is read-only
[0;32m[PASS][0m /etc/systemd — directory is read-only

--- Phase 3: Capability audit ---
[0;32m[PASS][0m CAP_DAC_OVERRIDE (bit 1) is not set — can bypass file read/write/execute permissions
[0;32m[PASS][0m CAP_SYS_ADMIN (bit 21) is not set — broad system administration (mount, namespaces, etc.)
[0;32m[PASS][0m CAP_SETUID (bit 7) is not set — can change process UID
[0;32m[PASS][0m CAP_SETGID (bit 6) is not set — can change process GID
[0;32m[PASS][0m CAP_MKNOD (bit 27) is not set — can create special device files
[0;32m[PASS][0m CAP_NET_RAW (bit 13) is SET (expected) — can create raw network sockets (needed for nmap/traceroute)
[0;32m[PASS][0m CAP_NET_BIND_SERVICE (bit 10) is SET (expected) — can bind to ports < 1024
[0;32m[PASS][0m CAP_FOWNER (bit 3) is not set — can bypass file ownership checks
[0;32m[PASS][0m CAP_SETFCAP (bit 31) is not set — can set file capabilities

--- Phase 4: Host mount audit ---
Writable real-filesystem mounts:
[0;33m[WARN][0m Host mount: /sys/kernel/security (securityfs, rw,nosuid,nodev,noexec,relatime)
[0;33m[WARN][0m Host mount: /sys/fs/cgroup (cgroup2, rw,seclabel,nosuid,nodev,noexec,relatime,nsdelegate,memory_recursiveprot,memory_hugetlb_accounting)
[0;33m[WARN][0m Host mount: /sys/fs/pstore (pstore, rw,seclabel,nosuid,nodev,noexec,relatime)
[0;33m[WARN][0m Host mount: /sys/firmware/efi/efivars (efivarfs, rw,nosuid,nodev,noexec,relatime)
[0;33m[WARN][0m Host mount: /sys/fs/bpf (bpf, rw,nosuid,nodev,noexec,relatime,mode=700)
[0;33m[WARN][0m Host mount: /sys/kernel/config (configfs, rw,nosuid,nodev,noexec,relatime)
[0;33m[WARN][0m Host mount: /sys/fs/selinux (selinuxfs, rw,nosuid,noexec,relatime)
[0;33m[WARN][0m Host mount: /sys/fs/fuse/connections (fusectl, rw,nosuid,nodev,noexec,relatime)
[0;33m[WARN][0m Host mount: /sys/kernel/debug (debugfs, rw,seclabel,nosuid,nodev,noexec,relatime)
[0;33m[WARN][0m Host mount: /sys/kernel/debug/tracing (tracefs, rw,seclabel,nosuid,nodev,noexec,relatime)
[0;33m[WARN][0m Host mount: /sys/kernel/tracing (tracefs, rw,seclabel,nosuid,nodev,noexec,relatime)
[0;33m[WARN][0m Host mount: /root/.emacs.d (btrfs, rw,seclabel,relatime,compress=zstd:1,ssd,discard=async,space_cache=v2,subvolid=256,subvol=/root)
[0;33m[WARN][0m Host mount: /root/personalization (btrfs, rw,seclabel,relatime,compress=zstd:1,ssd,discard=async,space_cache=v2,subvolid=256,subvol=/root)
[0;33m[WARN][0m Host mount: /root/i.ar (btrfs, rw,seclabel,relatime,compress=zstd:1,ssd,discard=async,space_cache=v2,subvolid=256,subvol=/root)
[0;33m[WARN][0m Host mount: /root/i.ar/prompts (btrfs, rw,seclabel,relatime,compress=zstd:1,ssd,discard=async,space_cache=v2,subvolid=256,subvol=/root)
[0;33m[WARN][0m Host mount: /root/.emacs.d/metaconfig (btrfs, rw,seclabel,relatime,compress=zstd:1,ssd,discard=async,space_cache=v2,subvolid=256,subvol=/root)
[0;33m[WARN][0m Host mount: /root/.emacs.d/gptel-fork (btrfs, rw,seclabel,relatime,compress=zstd:1,ssd,discard=async,space_cache=v2,subvolid=256,subvol=/root)

============================================
[0;32m  PREFLIGHT PASSED[0m
============================================
Loading /root/.emacs.d/configs/paths.el (source)...
Loading /root/.emacs.d/configs/predicates.el (source)...
Loading /root/.emacs.d/configs/keybindings.el (source)...
Loading /root/.emacs.d/configs/delimiters.el (source)...
Loading /root/.emacs.d/configs/git.el (source)...
Loading /root/.emacs.d/configs/fork.el (source)...
Loading /root/.emacs.d/configs/delegate.el (source)...
Loading /root/.emacs.d/configs/cycle.el (source)...
Loading /root/.emacs.d/configs/loop-guard.el (source)...
Loading /root/.emacs.d/configs/memory.el (source)...
Loading /root/.emacs.d/configs/file-guard.el (source)...
Loading /root/.emacs.d/configs/tool-limits.el (source)...
Loading /root/.emacs.d/configs/tasks.el (source)...
Loading /root/.emacs.d/configs/mcp.el (source)...
Loading /root/.emacs.d/init.d/shared/iar-utils.el (source)...
Loading /root/.emacs.d/init.d/shared/iar-agent-utils.el (source)...
Loading /root/.emacs.d/init.d/core/iar-locale.el (source)...
Loading /root/.emacs.d/init.d/core/iar-package-setup.el (source)...
Loading /root/.emacs.d/init.d/core/iar-ui-cleanup.el (source)...
Loading /root/.emacs.d/init.d/core/iar-evil-mode.el (source)...
Loading /root/.emacs.d/init.d/core/iar-gptel-setup.el (source)...
[gptel] Using fork from /root/.emacs.d/gptel-fork (overriding ELPA package)
Loading /root/.emacs.d/configs/gptel.el (source)...
Loading /root/.emacs.d/init.d/core/iar-mcp-setup.el (source)...
Loading /root/.emacs.d/init.d/tool-call/iar-malformed-args.el (source)...
Loading /root/.emacs.d/init.d/tool-call/iar-tool-call.el (source)...
[tool-call] Layer installed
Loading /root/.emacs.d/init.d/tool-call/iar-tool-result-timestamp.el (source)...
Loading /root/.emacs.d/init.d/tool-call/iar-tool-result-budget.el (source)...
Loading /root/.emacs.d/init.d/tool-call/iar-request-log.el (source)...
[request-log] Witness installed
Loading /root/.emacs.d/init.d/tool-call/iar-context-fence.el (source)...
Loading /root/.emacs.d/init.d/tool-call/iar-msgs-fence.el (source)...
Loading /root/.emacs.d/init.d/tool-call/iar-request-watchdog.el (source)...
[watchdog] Request watchdog installed
Loading /root/.emacs.d/init.d/tool-call/iar-text-mode-detector.el (source)...
Loading /root/.emacs.d/init.d/agent/iar-prompt-loader.el (source)...
Loading /root/.emacs.d/init.d/core/iar-mount-awareness.el (source)...
Loading /root/.emacs.d/init.d/core/iar-rate-limit.el (source)...
Loading /root/.emacs.d/init.d/security/iar-output-sanitizer.el (source)...
Loading /root/.emacs.d/init.d/security/iar-file-guard.el (source)...
Loading /root/.emacs.d/init.d/security/iar-audit-log.el (source)...
Loading /root/.emacs.d/init.d/security/iar-loop-guard.el (source)...
Loading /root/.emacs.d/init.d/security/iar-loop-guard-chain.el (source)...
Loading /root/.emacs.d/init.d/security/iar-tool-guard.el (source)...
Loading /root/.emacs.d/init.d/security/iar-utf8-scrub.el (source)...
Loading /root/.emacs.d/init.d/tools/filesystem/list_directory.el (source)...
Loading /root/.emacs.d/init.d/tools/filesystem/read_file.el (source)...
Loading /root/.emacs.d/init.d/tools/filesystem/write_file.el (source)...
Loading /root/.emacs.d/init.d/tools/filesystem/append_file.el (source)...
Loading /root/.emacs.d/init.d/tools/code/execute_code_local.el (source)...
Loading /root/.emacs.d/init.d/tools/code/execute_code_remote.el (source)...
Loading /root/.emacs.d/init.d/tools/code/check_elisp.el (source)...
Loading /root/.emacs.d/init.d/tools/tasks/read_task.el (source)...
Loading /root/.emacs.d/init.d/tools/tasks/create_task.el (source)...
Loading /root/.emacs.d/init.d/tools/tasks/write_subtask.el (source)...
Loading /root/.emacs.d/init.d/tools/tasks/remove_task.el (source)...
Loading /root/.emacs.d/init.d/tools/tasks/read_history.el (source)...
Loading /root/.emacs.d/init.d/tools/tasks/read_roadmap.el (source)...
Loading /root/.emacs.d/init.d/tools/tasks/write_roadmap.el (source)...
Loading /root/.emacs.d/init.d/tools/notify/telegram.el (source)...
Loading /root/.emacs.d/init.d/tools/git/git_commit.el (source)...
Loading /root/.emacs.d/init.d/tools/knowledge/read_knowledge.el (source)...
Loading /root/.emacs.d/init.d/agent/iar-project-parser.el (source)...
Loading /root/.emacs.d/init.d/agent/iar-prompt-assembly.el (source)...
Loading /root/.emacs.d/init.d/agent/iar-agent-loader.el (source)...
Loading /root/.emacs.d/init.d/agent/iar-knowledge-loader.el (source)...
Loading /root/.emacs.d/init.d/agent/iar-buffer-info.el (source)...
Loading /root/.emacs.d/init.d/tools/agent/delegate.el (source)...
Loading /root/.emacs.d/init.d/tools/agent/reload_os.el (source)...
Loading /root/.emacs.d/init.d/tools/agent/reload_agent.el (source)...
Loading /root/.emacs.d/init.d/tools/agent/read_own_prompt.el (source)...
Loading /root/.emacs.d/init.d/agent/iar-guidelines-checker.el (source)...
Loading /root/.emacs.d/init.d/agent/iar-agent-cycle.el (source)...
Loading /root/.emacs.d/init.d/debug/iar-status-mode.el (source)...
[status-mode] Installed
Loading /root/.emacs.d/init.d/session/iar-quit.el (source)...
[aria] Starting cycle with 3600s timeout (archetype: aria-cycle, project: iar, cycle: aria_daily)
[aria] Assembled prompt: 46308 chars (~11577 tokens), 21 tools
[aria] Sending cycle prompt to aria agent...
Querying Ollama...
[aria] Truncated output (stop=length, 32768 tokens > 20000) -- requesting landing (grace round-trip)
Querying Ollama...
[aria] Same-tool warning: 100 calls to execute_code_local this cycle -- one call blocked with notice
[aria] Cycle complete. Turns: 2, Tool calls: 116, Exit: 0
Tokens: 5143400 in / 57048 out / 5200448 total
Requests: 118
[0;32m[INF][2026-09-12 13:35:10][0m Cycle 1 succeeded in 941s (exit 0)

[0;34m[INF][2026-09-12 13:51:02][0m --- Cycle 1/1 ---
Already up to date.
============================================
  Preflight Mount Audit — Emacboros
  2026-09-12T16:51:03Z
============================================

--- Phase 1: /proc/mounts scan ---

--- Phase 2: Writability tests ---
[0;32m[PASS][0m /root/.emacs.d/.git/hooks — does not exist
[0;32m[PASS][0m /var/run/docker.sock — does not exist
[0;32m[PASS][0m /etc/cron.d — does not exist
[0;32m[PASS][0m /var/spool/cron — does not exist
[0;32m[PASS][0m /etc/systemd/system — directory is read-only
[0;32m[PASS][0m /etc/systemd — directory is read-only

--- Phase 3: Capability audit ---
[0;32m[PASS][0m CAP_DAC_OVERRIDE (bit 1) is not set — can bypass file read/write/execute permissions
[0;32m[PASS][0m CAP_SYS_ADMIN (bit 21) is not set — broad system administration (mount, namespaces, etc.)
[0;32m[PASS][0m CAP_SETUID (bit 7) is not set — can change process UID
[0;32m[PASS][0m CAP_SETGID (bit 6) is not set — can change process GID
[0;32m[PASS][0m CAP_MKNOD (bit 27) is not set — can create special device files
[0;32m[PASS][0m CAP_NET_RAW (bit 13) is SET (expected) — can create raw network sockets (needed for nmap/traceroute)
[0;32m[PASS][0m CAP_NET_BIND_SERVICE (bit 10) is SET (expected) — can bind to ports < 1024
[0;32m[PASS][0m CAP_FOWNER (bit 3) is not set — can bypass file ownership checks
[0;32m[PASS][0m CAP_SETFCAP (bit 31) is not set — can set file capabilities

--- Phase 4: Host mount audit ---
Writable real-filesystem mounts:
[0;33m[WARN][0m Host mount: /sys/kernel/security (securityfs, rw,nosuid,nodev,noexec,relatime)
[0;33m[WARN][0m Host mount: /sys/fs/cgroup (cgroup2, rw,seclabel,nosuid,nodev,noexec,relatime,nsdelegate,memory_recursiveprot,memory_hugetlb_accounting)
[0;33m[WARN][0m Host mount: /sys/fs/pstore (pstore, rw,seclabel,nosuid,nodev,noexec,relatime)
[0;33m[WARN][0m Host mount: /sys/firmware/efi/efivars (efivarfs, rw,nosuid,nodev,noexec,relatime)
[0;33m[WARN][0m Host mount: /sys/fs/bpf (bpf, rw,nosuid,nodev,noexec,relatime,mode=700)
[0;33m[WARN][0m Host mount: /sys/kernel/config (configfs, rw,nosuid,nodev,noexec,relatime)
[0;33m[WARN][0m Host mount: /sys/fs/selinux (selinuxfs, rw,nosuid,noexec,relatime)
[0;33m[WARN][0m Host mount: /sys/fs/fuse/connections (fusectl, rw,nosuid,nodev,noexec,relatime)
[0;33m[WARN][0m Host mount: /sys/kernel/debug (debugfs, rw,seclabel,nosuid,nodev,noexec,relatime)
[0;33m[WARN][0m Host mount: /sys/kernel/debug/tracing (tracefs, rw,seclabel,nosuid,nodev,noexec,relatime)
[0;33m[WARN][0m Host mount: /sys/kernel/tracing (tracefs, rw,seclabel,nosuid,nodev,noexec,relatime)
[0;33m[WARN][0m Host mount: /root/personalization (btrfs, rw,seclabel,relatime,compress=zstd:1,ssd,discard=async,space_cache=v2,subvolid=256,subvol=/root)
[0;33m[WARN][0m Host mount: /root/.emacs.d (btrfs, rw,seclabel,relatime,compress=zstd:1,ssd,discard=async,space_cache=v2,subvolid=256,subvol=/root)
[0;33m[WARN][0m Host mount: /root/i.ar (btrfs, rw,seclabel,relatime,compress=zstd:1,ssd,discard=async,space_cache=v2,subvolid=256,subvol=/root)
[0;33m[WARN][0m Host mount: /root/.emacs.d/gptel-fork (btrfs, rw,seclabel,relatime,compress=zstd:1,ssd,discard=async,space_cache=v2,subvolid=256,subvol=/root)
[0;33m[WARN][0m Host mount: /root/i.ar/prompts (btrfs, rw,seclabel,relatime,compress=zstd:1,ssd,discard=async,space_cache=v2,subvolid=256,subvol=/root)
[0;33m[WARN][0m Host mount: /root/.emacs.d/metaconfig (btrfs, rw,seclabel,relatime,compress=zstd:1,ssd,discard=async,space_cache=v2,subvolid=256,subvol=/root)

============================================
[0;32m  PREFLIGHT PASSED[0m
============================================
Loading /root/.emacs.d/configs/paths.el (source)...
Loading /root/.emacs.d/configs/predicates.el (source)...
Loading /root/.emacs.d/configs/keybindings.el (source)...
Loading /root/.emacs.d/configs/delimiters.el (source)...
Loading /root/.emacs.d/configs/git.el (source)...
Loading /root/.emacs.d/configs/fork.el (source)...
Loading /root/.emacs.d/configs/delegate.el (source)...
Loading /root/.emacs.d/configs/cycle.el (source)...
Loading /root/.emacs.d/configs/loop-guard.el (source)...
Loading /root/.emacs.d/configs/memory.el (source)...
Loading /root/.emacs.d/configs/file-guard.el (source)...
Loading /root/.emacs.d/configs/tool-limits.el (source)...
Loading /root/.emacs.d/configs/tasks.el (source)...
Loading /root/.emacs.d/configs/mcp.el (source)...
Loading /root/.emacs.d/init.d/shared/iar-utils.el (source)...
Loading /root/.emacs.d/init.d/shared/iar-agent-utils.el (source)...
Loading /root/.emacs.d/init.d/core/iar-locale.el (source)...
Loading /root/.emacs.d/init.d/core/iar-package-setup.el (source)...
Loading /root/.emacs.d/init.d/core/iar-ui-cleanup.el (source)...
Loading /root/.emacs.d/init.d/core/iar-evil-mode.el (source)...
Loading /root/.emacs.d/init.d/core/iar-gptel-setup.el (source)...
[gptel] Using fork from /root/.emacs.d/gptel-fork (overriding ELPA package)
Loading /root/.emacs.d/configs/gptel.el (source)...
Loading /root/.emacs.d/init.d/core/iar-mcp-setup.el (source)...
Loading /root/.emacs.d/init.d/tool-call/iar-malformed-args.el (source)...
Loading /root/.emacs.d/init.d/tool-call/iar-tool-call.el (source)...
[tool-call] Layer installed
Loading /root/.emacs.d/init.d/tool-call/iar-tool-result-timestamp.el (source)...
Loading /root/.emacs.d/init.d/tool-call/iar-tool-result-budget.el (source)...
Loading /root/.emacs.d/init.d/tool-call/iar-request-log.el (source)...
[request-log] Witness installed
Loading /root/.emacs.d/init.d/tool-call/iar-context-fence.el (source)...
Loading /root/.emacs.d/init.d/tool-call/iar-msgs-fence.el (source)...
Loading /root/.emacs.d/init.d/tool-call/iar-request-watchdog.el (source)...
[watchdog] Request watchdog installed
Loading /root/.emacs.d/init.d/tool-call/iar-text-mode-detector.el (source)...
Loading /root/.emacs.d/init.d/agent/iar-prompt-loader.el (source)...
Loading /root/.emacs.d/init.d/core/iar-mount-awareness.el (source)...
Loading /root/.emacs.d/init.d/core/iar-rate-limit.el (source)...
Loading /root/.emacs.d/init.d/security/iar-output-sanitizer.el (source)...
Loading /root/.emacs.d/init.d/security/iar-file-guard.el (source)...
Loading /root/.emacs.d/init.d/security/iar-audit-log.el (source)...
Loading /root/.emacs.d/init.d/security/iar-loop-guard.el (source)...
Loading /root/.emacs.d/init.d/security/iar-loop-guard-chain.el (source)...
Loading /root/.emacs.d/init.d/security/iar-tool-guard.el (source)...
Loading /root/.emacs.d/init.d/security/iar-utf8-scrub.el (source)...
Loading /root/.emacs.d/init.d/tools/filesystem/list_directory.el (source)...
Loading /root/.emacs.d/init.d/tools/filesystem/read_file.el (source)...
Loading /root/.emacs.d/init.d/tools/filesystem/write_file.el (source)...
Loading /root/.emacs.d/init.d/tools/filesystem/append_file.el (source)...
Loading /root/.emacs.d/init.d/tools/code/execute_code_local.el (source)...
Loading /root/.emacs.d/init.d/tools/code/execute_code_remote.el (source)...
Loading /root/.emacs.d/init.d/tools/code/check_elisp.el (source)...
Loading /root/.emacs.d/init.d/tools/tasks/read_task.el (source)...
Loading /root/.emacs.d/init.d/tools/tasks/create_task.el (source)...
Loading /root/.emacs.d/init.d/tools/tasks/write_subtask.el (source)...
Loading /root/.emacs.d/init.d/tools/tasks/remove_task.el (source)...
Loading /root/.emacs.d/init.d/tools/tasks/read_history.el (source)...
Loading /root/.emacs.d/init.d/tools/tasks/read_roadmap.el (source)...
Loading /root/.emacs.d/init.d/tools/tasks/write_roadmap.el (source)...
Loading /root/.emacs.d/init.d/tools/notify/telegram.el (source)...
Loading /root/.emacs.d/init.d/tools/git/git_commit.el (source)...
Loading /root/.emacs.d/init.d/tools/knowledge/read_knowledge.el (source)...
Loading /root/.emacs.d/init.d/agent/iar-project-parser.el (source)...
Loading /root/.emacs.d/init.d/agent/iar-prompt-assembly.el (source)...
Loading /root/.emacs.d/init.d/agent/iar-agent-loader.el (source)...
Loading /root/.emacs.d/init.d/agent/iar-knowledge-loader.el (source)...
Loading /root/.emacs.d/init.d/agent/iar-buffer-info.el (source)...
Loading /root/.emacs.d/init.d/tools/agent/delegate.el (source)...
Loading /root/.emacs.d/init.d/tools/agent/reload_os.el (source)...
Loading /root/.emacs.d/init.d/tools/agent/reload_agent.el (source)...
Loading /root/.emacs.d/init.d/tools/agent/read_own_prompt.el (source)...
Loading /root/.emacs.d/init.d/agent/iar-guidelines-checker.el (source)...
Loading /root/.emacs.d/init.d/agent/iar-agent-cycle.el (source)...
Loading /root/.emacs.d/init.d/debug/iar-status-mode.el (source)...
[status-mode] Installed
Loading /root/.emacs.d/init.d/session/iar-quit.el (source)...
[aria] Starting cycle with 3600s timeout (archetype: aria-cycle, project: iar, cycle: aria_daily)
[aria] Assembled prompt: 46494 chars (~11623 tokens), 21 tools
[aria] Sending cycle prompt to aria agent...
Querying Ollama...
[aria] Same-tool warning: 100 calls to execute_code_local this cycle -- one call blocked with notice
[loop-guard-chain] SOFT BLOCK: execute_code_local chained 10 times
[aria] Tool-call budget warning (150/300) -- one call blocked with notice
[loop-guard-chain] SOFT BLOCK: execute_code_local chained 10 times
[loop-guard-chain] SOFT BLOCK: execute_code_local chained 11 times
[loop-guard-chain] SOFT BLOCK: execute_code_local chained 12 times
[loop-guard-chain] SOFT BLOCK: execute_code_local chained 13 times
[loop-guard-chain] SOFT BLOCK: execute_code_local chained 14 times
[loop-guard-chain] SOFT BLOCK: execute_code_local chained 15 times
[loop-guard-chain] SOFT BLOCK: execute_code_local chained 16 times
[loop-guard-chain] SOFT BLOCK: execute_code_local chained 17 times
[loop-guard-chain] SOFT BLOCK: execute_code_local chained 18 times
[loop-guard-chain] SOFT BLOCK: execute_code_local chained 19 times
[loop-guard-chain] HARD STOP: execute_code_local chained 20 times
Ollama error: (Stopped by hook) CHAIN HARD STOP: agent called execute_code_local 20 times in a row (same tool,
different arguments each time -- an iterator pattern).
A chain warning was already issued and ignored. The pattern burns
tokens without converging. Stopping to prevent resource waste.
Querying Ollama...
[aria] Msgs soft cap warning (msgs 401 >= 400) -- one call blocked with notice
[loop-guard-chain] SOFT BLOCK: execute_code_local chained 10 times
[loop-guard-chain] SOFT BLOCK: execute_code_local chained 11 times
[loop-guard-chain] SOFT BLOCK: execute_code_local chained 12 times
[loop-guard-chain] SOFT BLOCK: execute_code_local chained 13 times
[loop-guard-chain] SOFT BLOCK: execute_code_local chained 14 times
[loop-guard-chain] SOFT BLOCK: execute_code_local chained 15 times
[loop-guard-chain] SOFT BLOCK: execute_code_local chained 15 times
[loop-guard-chain] SOFT BLOCK: execute_code_local chained 17 times
[loop-guard-chain] SOFT BLOCK: execute_code_local chained 18 times
[loop-guard-chain] SOFT BLOCK: execute_code_local chained 19 times
[loop-guard-chain] HARD STOP: execute_code_local chained 20 times
Ollama error: (Stopped by hook) CHAIN HARD STOP: agent called execute_code_local 20 times in a row (same tool,
different arguments each time -- an iterator pattern).
A chain warning was already issued and ignored. The pattern burns
tokens without converging. Stopping to prevent resource waste.
Querying Ollama...
[aria] Cycle complete. Turns: 3, Tool calls: 242, Exit: 0
Tokens: 20165304 in / 96528 out / 20261832 total
Requests: 245
[0;32m[INF][2026-09-12 14:12:45][0m Cycle 1 succeeded in 1303s (exit 0)

[0;34m[INF][2026-09-12 14:22:43][0m --- Cycle 1/1 ---
Already up to date.
============================================
  Preflight Mount Audit — Emacboros
  2026-09-12T17:22:44Z
============================================

--- Phase 1: /proc/mounts scan ---

--- Phase 2: Writability tests ---
[0;32m[PASS][0m /root/.emacs.d/.git/hooks — does not exist
[0;32m[PASS][0m /var/run/docker.sock — does not exist
[0;32m[PASS][0m /etc/cron.d — does not exist
[0;32m[PASS][0m /var/spool/cron — does not exist
[0;32m[PASS][0m /etc/systemd/system — directory is read-only
[0;32m[PASS][0m /etc/systemd — directory is read-only

--- Phase 3: Capability audit ---
[0;32m[PASS][0m CAP_DAC_OVERRIDE (bit 1) is not set — can bypass file read/write/execute permissions
[0;32m[PASS][0m CAP_SYS_ADMIN (bit 21) is not set — broad system administration (mount, namespaces, etc.)
[0;32m[PASS][0m CAP_SETUID (bit 7) is not set — can change process UID
[0;32m[PASS][0m CAP_SETGID (bit 6) is not set — can change process GID
[0;32m[PASS][0m CAP_MKNOD (bit 27) is not set — can create special device files
[0;32m[PASS][0m CAP_NET_RAW (bit 13) is SET (expected) — can create raw network sockets (needed for nmap/traceroute)
[0;32m[PASS][0m CAP_NET_BIND_SERVICE (bit 10) is SET (expected) — can bind to ports < 1024
[0;32m[PASS][0m CAP_FOWNER (bit 3) is not set — can bypass file ownership checks
[0;32m[PASS][0m CAP_SETFCAP (bit 31) is not set — can set file capabilities

--- Phase 4: Host mount audit ---
Writable real-filesystem mounts:
[0;33m[WARN][0m Host mount: /sys/kernel/security (securityfs, rw,nosuid,nodev,noexec,relatime)
[0;33m[WARN][0m Host mount: /sys/fs/cgroup (cgroup2, rw,seclabel,nosuid,nodev,noexec,relatime,nsdelegate,memory_recursiveprot,memory_hugetlb_accounting)
[0;33m[WARN][0m Host mount: /sys/fs/pstore (pstore, rw,seclabel,nosuid,nodev,noexec,relatime)
[0;33m[WARN][0m Host mount: /sys/firmware/efi/efivars (efivarfs, rw,nosuid,nodev,noexec,relatime)
[0;33m[WARN][0m Host mount: /sys/fs/bpf (bpf, rw,nosuid,nodev,noexec,relatime,mode=700)
[0;33m[WARN][0m Host mount: /sys/kernel/config (configfs, rw,nosuid,nodev,noexec,relatime)
[0;33m[WARN][0m Host mount: /sys/fs/selinux (selinuxfs, rw,nosuid,noexec,relatime)
[0;33m[WARN][0m Host mount: /sys/fs/fuse/connections (fusectl, rw,nosuid,nodev,noexec,relatime)
[0;33m[WARN][0m Host mount: /sys/kernel/debug (debugfs, rw,seclabel,nosuid,nodev,noexec,relatime)
[0;33m[WARN][0m Host mount: /sys/kernel/debug/tracing (tracefs, rw,seclabel,nosuid,nodev,noexec,relatime)
[0;33m[WARN][0m Host mount: /sys/kernel/tracing (tracefs, rw,seclabel,nosuid,nodev,noexec,relatime)
[0;33m[WARN][0m Host mount: /root/i.ar (btrfs, rw,seclabel,relatime,compress=zstd:1,ssd,discard=async,space_cache=v2,subvolid=256,subvol=/root)
[0;33m[WARN][0m Host mount: /root/personalization (btrfs, rw,seclabel,relatime,compress=zstd:1,ssd,discard=async,space_cache=v2,subvolid=256,subvol=/root)
[0;33m[WARN][0m Host mount: /root/.emacs.d (btrfs, rw,seclabel,relatime,compress=zstd:1,ssd,discard=async,space_cache=v2,subvolid=256,subvol=/root)
[0;33m[WARN][0m Host mount: /root/i.ar/prompts (btrfs, rw,seclabel,relatime,compress=zstd:1,ssd,discard=async,space_cache=v2,subvolid=256,subvol=/root)
[0;33m[WARN][0m Host mount: /root/.emacs.d/gptel-fork (btrfs, rw,seclabel,relatime,compress=zstd:1,ssd,discard=async,space_cache=v2,subvolid=256,subvol=/root)
[0;33m[WARN][0m Host mount: /root/.emacs.d/metaconfig (btrfs, rw,seclabel,relatime,compress=zstd:1,ssd,discard=async,space_cache=v2,subvolid=256,subvol=/root)

============================================
[0;32m  PREFLIGHT PASSED[0m
============================================
Loading /root/.emacs.d/configs/paths.el (source)...
Loading /root/.emacs.d/configs/predicates.el (source)...
Loading /root/.emacs.d/configs/keybindings.el (source)...
Loading /root/.emacs.d/configs/delimiters.el (source)...
Loading /root/.emacs.d/configs/git.el (source)...
Loading /root/.emacs.d/configs/fork.el (source)...
Loading /root/.emacs.d/configs/delegate.el (source)...
Loading /root/.emacs.d/configs/cycle.el (source)...
Loading /root/.emacs.d/configs/loop-guard.el (source)...
Loading /root/.emacs.d/configs/memory.el (source)...
Loading /root/.emacs.d/configs/file-guard.el (source)...
Loading /root/.emacs.d/configs/tool-limits.el (source)...
Loading /root/.emacs.d/configs/tasks.el (source)...
Loading /root/.emacs.d/configs/mcp.el (source)...
Loading /root/.emacs.d/init.d/shared/iar-utils.el (source)...
Loading /root/.emacs.d/init.d/shared/iar-agent-utils.el (source)...
Loading /root/.emacs.d/init.d/core/iar-locale.el (source)...
Loading /root/.emacs.d/init.d/core/iar-package-setup.el (source)...
Loading /root/.emacs.d/init.d/core/iar-ui-cleanup.el (source)...
Loading /root/.emacs.d/init.d/core/iar-evil-mode.el (source)...
Loading /root/.emacs.d/init.d/core/iar-gptel-setup.el (source)...
[gptel] Using fork from /root/.emacs.d/gptel-fork (overriding ELPA package)
Loading /root/.emacs.d/configs/gptel.el (source)...
Loading /root/.emacs.d/init.d/core/iar-mcp-setup.el (source)...
Loading /root/.emacs.d/init.d/tool-call/iar-malformed-args.el (source)...
Loading /root/.emacs.d/init.d/tool-call/iar-tool-call.el (source)...
[tool-call] Layer installed
Loading /root/.emacs.d/init.d/tool-call/iar-tool-result-timestamp.el (source)...
Loading /root/.emacs.d/init.d/tool-call/iar-tool-result-budget.el (source)...
Loading /root/.emacs.d/init.d/tool-call/iar-request-log.el (source)...
[request-log] Witness installed
Loading /root/.emacs.d/init.d/tool-call/iar-context-fence.el (source)...
Loading /root/.emacs.d/init.d/tool-call/iar-msgs-fence.el (source)...
Loading /root/.emacs.d/init.d/tool-call/iar-request-watchdog.el (source)...
[watchdog] Request watchdog installed
Loading /root/.emacs.d/init.d/tool-call/iar-text-mode-detector.el (source)...
Loading /root/.emacs.d/init.d/agent/iar-prompt-loader.el (source)...
Loading /root/.emacs.d/init.d/core/iar-mount-awareness.el (source)...
Loading /root/.emacs.d/init.d/core/iar-rate-limit.el (source)...
Loading /root/.emacs.d/init.d/security/iar-output-sanitizer.el (source)...
Loading /root/.emacs.d/init.d/security/iar-file-guard.el (source)...
Loading /root/.emacs.d/init.d/security/iar-audit-log.el (source)...
Loading /root/.emacs.d/init.d/security/iar-loop-guard.el (source)...
Loading /root/.emacs.d/init.d/security/iar-loop-guard-chain.el (source)...
Loading /root/.emacs.d/init.d/security/iar-tool-guard.el (source)...
Loading /root/.emacs.d/init.d/security/iar-utf8-scrub.el (source)...
Loading /root/.emacs.d/init.d/tools/filesystem/list_directory.el (source)...
Loading /root/.emacs.d/init.d/tools/filesystem/read_file.el (source)...
Loading /root/.emacs.d/init.d/tools/filesystem/write_file.el (source)...
Loading /root/.emacs.d/init.d/tools/filesystem/append_file.el (source)...
Loading /root/.emacs.d/init.d/tools/code/execute_code_local.el (source)...
Loading /root/.emacs.d/init.d/tools/code/execute_code_remote.el (source)...
Loading /root/.emacs.d/init.d/tools/code/check_elisp.el (source)...
Loading /root/.emacs.d/init.d/tools/tasks/read_task.el (source)...
Loading /root/.emacs.d/init.d/tools/tasks/create_task.el (source)...
Loading /root/.emacs.d/init.d/tools/tasks/write_subtask.el (source)...
Loading /root/.emacs.d/init.d/tools/tasks/remove_task.el (source)...
Loading /root/.emacs.d/init.d/tools/tasks/read_history.el (source)...
Loading /root/.emacs.d/init.d/tools/tasks/read_roadmap.el (source)...
Loading /root/.emacs.d/init.d/tools/tasks/write_roadmap.el (source)...
Loading /root/.emacs.d/init.d/tools/notify/telegram.el (source)...
Loading /root/.emacs.d/init.d/tools/git/git_commit.el (source)...
Loading /root/.emacs.d/init.d/tools/knowledge/read_knowledge.el (source)...
Loading /root/.emacs.d/init.d/agent/iar-project-parser.el (source)...
Loading /root/.emacs.d/init.d/agent/iar-prompt-assembly.el (source)...
Loading /root/.emacs.d/init.d/agent/iar-agent-loader.el (source)...
Loading /root/.emacs.d/init.d/agent/iar-knowledge-loader.el (source)...
Loading /root/.emacs.d/init.d/agent/iar-buffer-info.el (source)...
Loading /root/.emacs.d/init.d/tools/agent/delegate.el (source)...
Loading /root/.emacs.d/init.d/tools/agent/reload_os.el (source)...
Loading /root/.emacs.d/init.d/tools/agent/reload_agent.el (source)...
Loading /root/.emacs.d/init.d/tools/agent/read_own_prompt.el (source)...
Loading /root/.emacs.d/init.d/agent/iar-guidelines-checker.el (source)...
Loading /root/.emacs.d/init.d/agent/iar-agent-cycle.el (source)...
Loading /root/.emacs.d/init.d/debug/iar-status-mode.el (source)...
[status-mode] Installed
Loading /root/.emacs.d/init.d/session/iar-quit.el (source)...
[aria] Starting cycle with 3600s timeout (archetype: aria-cycle, project: iar, cycle: aria_daily)
[aria] Assembled prompt: 46513 chars (~11628 tokens), 21 tools
[aria] Sending cycle prompt to aria agent...
Querying Ollama...
[aria] Cycle complete. Turns: 1, Tool calls: 49, Exit: 0
Tokens: 1534685 in / 11602 out / 1546287 total
Requests: 50
[0;32m[INF][2026-09-12 14:27:00][0m Cycle 1 succeeded in 257s (exit 0)

[0;34m[INF][2026-09-12 14:33:41][0m --- Cycle 1/1 ---
Already up to date.
============================================
  Preflight Mount Audit — Emacboros
  2026-09-12T17:33:42Z
============================================

--- Phase 1: /proc/mounts scan ---

--- Phase 2: Writability tests ---
[0;32m[PASS][0m /root/.emacs.d/.git/hooks — does not exist
[0;32m[PASS][0m /var/run/docker.sock — does not exist
[0;32m[PASS][0m /etc/cron.d — does not exist
[0;32m[PASS][0m /var/spool/cron — does not exist
[0;32m[PASS][0m /etc/systemd/system — directory is read-only
[0;32m[PASS][0m /etc/systemd — directory is read-only

--- Phase 3: Capability audit ---
[0;32m[PASS][0m CAP_DAC_OVERRIDE (bit 1) is not set — can bypass file read/write/execute permissions
[0;32m[PASS][0m CAP_SYS_ADMIN (bit 21) is not set — broad system administration (mount, namespaces, etc.)
[0;32m[PASS][0m CAP_SETUID (bit 7) is not set — can change process UID
[0;32m[PASS][0m CAP_SETGID (bit 6) is not set — can change process GID
[0;32m[PASS][0m CAP_MKNOD (bit 27) is not set — can create special device files
[0;32m[PASS][0m CAP_NET_RAW (bit 13) is SET (expected) — can create raw network sockets (needed for nmap/traceroute)
[0;32m[PASS][0m CAP_NET_BIND_SERVICE (bit 10) is SET (expected) — can bind to ports < 1024
[0;32m[PASS][0m CAP_FOWNER (bit 3) is not set — can bypass file ownership checks
[0;32m[PASS][0m CAP_SETFCAP (bit 31) is not set — can set file capabilities

--- Phase 4: Host mount audit ---
Writable real-filesystem mounts:
[0;33m[WARN][0m Host mount: /sys/kernel/security (securityfs, rw,nosuid,nodev,noexec,relatime)
[0;33m[WARN][0m Host mount: /sys/fs/cgroup (cgroup2, rw,seclabel,nosuid,nodev,noexec,relatime,nsdelegate,memory_recursiveprot,memory_hugetlb_accounting)
[0;33m[WARN][0m Host mount: /sys/fs/pstore (pstore, rw,seclabel,nosuid,nodev,noexec,relatime)
[0;33m[WARN][0m Host mount: /sys/firmware/efi/efivars (efivarfs, rw,nosuid,nodev,noexec,relatime)
[0;33m[WARN][0m Host mount: /sys/fs/bpf (bpf, rw,nosuid,nodev,noexec,relatime,mode=700)
[0;33m[WARN][0m Host mount: /sys/kernel/config (configfs, rw,nosuid,nodev,noexec,relatime)
[0;33m[WARN][0m Host mount: /sys/fs/selinux (selinuxfs, rw,nosuid,noexec,relatime)
[0;33m[WARN][0m Host mount: /sys/fs/fuse/connections (fusectl, rw,nosuid,nodev,noexec,relatime)
[0;33m[WARN][0m Host mount: /sys/kernel/debug (debugfs, rw,seclabel,nosuid,nodev,noexec,relatime)
[0;33m[WARN][0m Host mount: /sys/kernel/debug/tracing (tracefs, rw,seclabel,nosuid,nodev,noexec,relatime)
[0;33m[WARN][0m Host mount: /sys/kernel/tracing (tracefs, rw,seclabel,nosuid,nodev,noexec,relatime)
[0;33m[WARN][0m Host mount: /root/.emacs.d (btrfs, rw,seclabel,relatime,compress=zstd:1,ssd,discard=async,space_cache=v2,subvolid=256,subvol=/root)
[0;33m[WARN][0m Host mount: /root/i.ar (btrfs, rw,seclabel,relatime,compress=zstd:1,ssd,discard=async,space_cache=v2,subvolid=256,subvol=/root)
[0;33m[WARN][0m Host mount: /root/personalization (btrfs, rw,seclabel,relatime,compress=zstd:1,ssd,discard=async,space_cache=v2,subvolid=256,subvol=/root)
[0;33m[WARN][0m Host mount: /root/.emacs.d/gptel-fork (btrfs, rw,seclabel,relatime,compress=zstd:1,ssd,discard=async,space_cache=v2,subvolid=256,subvol=/root)
[0;33m[WARN][0m Host mount: /root/i.ar/prompts (btrfs, rw,seclabel,relatime,compress=zstd:1,ssd,discard=async,space_cache=v2,subvolid=256,subvol=/root)
[0;33m[WARN][0m Host mount: /root/.emacs.d/metaconfig (btrfs, rw,seclabel,relatime,compress=zstd:1,ssd,discard=async,space_cache=v2,subvolid=256,subvol=/root)

============================================
[0;32m  PREFLIGHT PASSED[0m
============================================
Loading /root/.emacs.d/configs/paths.el (source)...
Loading /root/.emacs.d/configs/predicates.el (source)...
Loading /root/.emacs.d/configs/keybindings.el (source)...
Loading /root/.emacs.d/configs/delimiters.el (source)...
Loading /root/.emacs.d/configs/git.el (source)...
Loading /root/.emacs.d/configs/fork.el (source)...
Loading /root/.emacs.d/configs/delegate.el (source)...
Loading /root/.emacs.d/configs/cycle.el (source)...
Loading /root/.emacs.d/configs/loop-guard.el (source)...
Loading /root/.emacs.d/configs/memory.el (source)...
Loading /root/.emacs.d/configs/file-guard.el (source)...
Loading /root/.emacs.d/configs/tool-limits.el (source)...
Loading /root/.emacs.d/configs/tasks.el (source)...
Loading /root/.emacs.d/configs/mcp.el (source)...
Loading /root/.emacs.d/init.d/shared/iar-utils.el (source)...
Loading /root/.emacs.d/init.d/shared/iar-agent-utils.el (source)...
Loading /root/.emacs.d/init.d/core/iar-locale.el (source)...
Loading /root/.emacs.d/init.d/core/iar-package-setup.el (source)...
Loading /root/.emacs.d/init.d/core/iar-ui-cleanup.el (source)...
Loading /root/.emacs.d/init.d/core/iar-evil-mode.el (source)...
Loading /root/.emacs.d/init.d/core/iar-gptel-setup.el (source)...
[gptel] Using fork from /root/.emacs.d/gptel-fork (overriding ELPA package)
Loading /root/.emacs.d/configs/gptel.el (source)...
Loading /root/.emacs.d/init.d/core/iar-mcp-setup.el (source)...
Loading /root/.emacs.d/init.d/tool-call/iar-malformed-args.el (source)...
Loading /root/.emacs.d/init.d/tool-call/iar-tool-call.el (source)...
[tool-call] Layer installed
Loading /root/.emacs.d/init.d/tool-call/iar-tool-result-timestamp.el (source)...
Loading /root/.emacs.d/init.d/tool-call/iar-tool-result-budget.el (source)...
Loading /root/.emacs.d/init.d/tool-call/iar-request-log.el (source)...
[request-log] Witness installed
Loading /root/.emacs.d/init.d/tool-call/iar-context-fence.el (source)...
Loading /root/.emacs.d/init.d/tool-call/iar-msgs-fence.el (source)...
Loading /root/.emacs.d/init.d/tool-call/iar-request-watchdog.el (source)...
[watchdog] Request watchdog installed
Loading /root/.emacs.d/init.d/tool-call/iar-text-mode-detector.el (source)...
Loading /root/.emacs.d/init.d/agent/iar-prompt-loader.el (source)...
Loading /root/.emacs.d/init.d/core/iar-mount-awareness.el (source)...
Loading /root/.emacs.d/init.d/core/iar-rate-limit.el (source)...
Loading /root/.emacs.d/init.d/security/iar-output-sanitizer.el (source)...
Loading /root/.emacs.d/init.d/security/iar-file-guard.el (source)...
Loading /root/.emacs.d/init.d/security/iar-audit-log.el (source)...
Loading /root/.emacs.d/init.d/security/iar-loop-guard.el (source)...
Loading /root/.emacs.d/init.d/security/iar-loop-guard-chain.el (source)...
Loading /root/.emacs.d/init.d/security/iar-tool-guard.el (source)...
Loading /root/.emacs.d/init.d/security/iar-utf8-scrub.el (source)...
Loading /root/.emacs.d/init.d/tools/filesystem/list_directory.el (source)...
Loading /root/.emacs.d/init.d/tools/filesystem/read_file.el (source)...
Loading /root/.emacs.d/init.d/tools/filesystem/write_file.el (source)...
Loading /root/.emacs.d/init.d/tools/filesystem/append_file.el (source)...
Loading /root/.emacs.d/init.d/tools/code/execute_code_local.el (source)...
Loading /root/.emacs.d/init.d/tools/code/execute_code_remote.el (source)...
Loading /root/.emacs.d/init.d/tools/code/check_elisp.el (source)...
Loading /root/.emacs.d/init.d/tools/tasks/read_task.el (source)...
Loading /root/.emacs.d/init.d/tools/tasks/create_task.el (source)...
Loading /root/.emacs.d/init.d/tools/tasks/write_subtask.el (source)...
Loading /root/.emacs.d/init.d/tools/tasks/remove_task.el (source)...
Loading /root/.emacs.d/init.d/tools/tasks/read_history.el (source)...
Loading /root/.emacs.d/init.d/tools/tasks/read_roadmap.el (source)...
Loading /root/.emacs.d/init.d/tools/tasks/write_roadmap.el (source)...
Loading /root/.emacs.d/init.d/tools/notify/telegram.el (source)...
Loading /root/.emacs.d/init.d/tools/git/git_commit.el (source)...
Loading /root/.emacs.d/init.d/tools/knowledge/read_knowledge.el (source)...
Loading /root/.emacs.d/init.d/agent/iar-project-parser.el (source)...
Loading /root/.emacs.d/init.d/agent/iar-prompt-assembly.el (source)...
Loading /root/.emacs.d/init.d/agent/iar-agent-loader.el (source)...
Loading /root/.emacs.d/init.d/agent/iar-knowledge-loader.el (source)...
Loading /root/.emacs.d/init.d/agent/iar-buffer-info.el (source)...
Loading /root/.emacs.d/init.d/tools/agent/delegate.el (source)...
Loading /root/.emacs.d/init.d/tools/agent/reload_os.el (source)...
Loading /root/.emacs.d/init.d/tools/agent/reload_agent.el (source)...
Loading /root/.emacs.d/init.d/tools/agent/read_own_prompt.el (source)...
Loading /root/.emacs.d/init.d/agent/iar-guidelines-checker.el (source)...
Loading /root/.emacs.d/init.d/agent/iar-agent-cycle.el (source)...
Loading /root/.emacs.d/init.d/debug/iar-status-mode.el (source)...
[status-mode] Installed
Loading /root/.emacs.d/init.d/session/iar-quit.el (source)...
[aria] Starting cycle with 3600s timeout (archetype: aria-cycle, project: iar, cycle: aria_daily)
[aria] Assembled prompt: 46395 chars (~11598 tokens), 21 tools
[aria] Sending cycle prompt to aria agent...
Querying Ollama...
[aria] Same-tool warning: 100 calls to execute_code_local this cycle -- one call blocked with notice
[aria] Tool-call budget warning (150/300) -- one call blocked with notice
[aria] Cycle complete. Turns: 1, Tool calls: 151, Exit: 0
Tokens: 10014267 in / 85376 out / 10099643 total
Requests: 152
[0;32m[INF][2026-09-12 15:00:00][0m Cycle 1 succeeded in 1579s (exit 0)

[0;34m[INF][2026-09-12 15:06:20][0m --- Cycle 1/1 ---
Already up to date.
============================================
  Preflight Mount Audit — Emacboros
  2026-09-12T18:06:21Z
============================================

--- Phase 1: /proc/mounts scan ---

--- Phase 2: Writability tests ---
[0;32m[PASS][0m /root/.emacs.d/.git/hooks — does not exist
[0;32m[PASS][0m /var/run/docker.sock — does not exist
[0;32m[PASS][0m /etc/cron.d — does not exist
[0;32m[PASS][0m /var/spool/cron — does not exist
[0;32m[PASS][0m /etc/systemd/system — directory is read-only
[0;32m[PASS][0m /etc/systemd — directory is read-only

--- Phase 3: Capability audit ---
[0;32m[PASS][0m CAP_DAC_OVERRIDE (bit 1) is not set — can bypass file read/write/execute permissions
[0;32m[PASS][0m CAP_SYS_ADMIN (bit 21) is not set — broad system administration (mount, namespaces, etc.)
[0;32m[PASS][0m CAP_SETUID (bit 7) is not set — can change process UID
[0;32m[PASS][0m CAP_SETGID (bit 6) is not set — can change process GID
[0;32m[PASS][0m CAP_MKNOD (bit 27) is not set — can create special device files
[0;32m[PASS][0m CAP_NET_RAW (bit 13) is SET (expected) — can create raw network sockets (needed for nmap/traceroute)
[0;32m[PASS][0m CAP_NET_BIND_SERVICE (bit 10) is SET (expected) — can bind to ports < 1024
[0;32m[PASS][0m CAP_FOWNER (bit 3) is not set — can bypass file ownership checks
[0;32m[PASS][0m CAP_SETFCAP (bit 31) is not set — can set file capabilities

--- Phase 4: Host mount audit ---
Writable real-filesystem mounts:
[0;33m[WARN][0m Host mount: /sys/kernel/security (securityfs, rw,nosuid,nodev,noexec,relatime)
[0;33m[WARN][0m Host mount: /sys/fs/cgroup (cgroup2, rw,seclabel,nosuid,nodev,noexec,relatime,nsdelegate,memory_recursiveprot,memory_hugetlb_accounting)
[0;33m[WARN][0m Host mount: /sys/fs/pstore (pstore, rw,seclabel,nosuid,nodev,noexec,relatime)
[0;33m[WARN][0m Host mount: /sys/firmware/efi/efivars (efivarfs, rw,nosuid,nodev,noexec,relatime)
[0;33m[WARN][0m Host mount: /sys/fs/bpf (bpf, rw,nosuid,nodev,noexec,relatime,mode=700)
[0;33m[WARN][0m Host mount: /sys/kernel/config (configfs, rw,nosuid,nodev,noexec,relatime)
[0;33m[WARN][0m Host mount: /sys/fs/selinux (selinuxfs, rw,nosuid,noexec,relatime)
[0;33m[WARN][0m Host mount: /sys/fs/fuse/connections (fusectl, rw,nosuid,nodev,noexec,relatime)
[0;33m[WARN][0m Host mount: /sys/kernel/debug (debugfs, rw,seclabel,nosuid,nodev,noexec,relatime)
[0;33m[WARN][0m Host mount: /sys/kernel/debug/tracing (tracefs, rw,seclabel,nosuid,nodev,noexec,relatime)
[0;33m[WARN][0m Host mount: /sys/kernel/tracing (tracefs, rw,seclabel,nosuid,nodev,noexec,relatime)
[0;33m[WARN][0m Host mount: /root/.emacs.d (btrfs, rw,seclabel,relatime,compress=zstd:1,ssd,discard=async,space_cache=v2,subvolid=256,subvol=/root)
[0;33m[WARN][0m Host mount: /root/i.ar (btrfs, rw,seclabel,relatime,compress=zstd:1,ssd,discard=async,space_cache=v2,subvolid=256,subvol=/root)
[0;33m[WARN][0m Host mount: /root/personalization (btrfs, rw,seclabel,relatime,compress=zstd:1,ssd,discard=async,space_cache=v2,subvolid=256,subvol=/root)
[0;33m[WARN][0m Host mount: /root/i.ar/prompts (btrfs, rw,seclabel,relatime,compress=zstd:1,ssd,discard=async,space_cache=v2,subvolid=256,subvol=/root)
[0;33m[WARN][0m Host mount: /root/.emacs.d/metaconfig (btrfs, rw,seclabel,relatime,compress=zstd:1,ssd,discard=async,space_cache=v2,subvolid=256,subvol=/root)
[0;33m[WARN][0m Host mount: /root/.emacs.d/gptel-fork (btrfs, rw,seclabel,relatime,compress=zstd:1,ssd,discard=async,space_cache=v2,subvolid=256,subvol=/root)

============================================
[0;32m  PREFLIGHT PASSED[0m
============================================
Loading /root/.emacs.d/configs/paths.el (source)...
Loading /root/.emacs.d/configs/predicates.el (source)...
Loading /root/.emacs.d/configs/keybindings.el (source)...
Loading /root/.emacs.d/configs/delimiters.el (source)...
Loading /root/.emacs.d/configs/git.el (source)...
Loading /root/.emacs.d/configs/fork.el (source)...
Loading /root/.emacs.d/configs/delegate.el (source)...
Loading /root/.emacs.d/configs/cycle.el (source)...
Loading /root/.emacs.d/configs/loop-guard.el (source)...
Loading /root/.emacs.d/configs/memory.el (source)...
Loading /root/.emacs.d/configs/file-guard.el (source)...
Loading /root/.emacs.d/configs/tool-limits.el (source)...
Loading /root/.emacs.d/configs/tasks.el (source)...
Loading /root/.emacs.d/configs/mcp.el (source)...
Loading /root/.emacs.d/init.d/shared/iar-utils.el (source)...
Loading /root/.emacs.d/init.d/shared/iar-agent-utils.el (source)...
Loading /root/.emacs.d/init.d/core/iar-locale.el (source)...
Loading /root/.emacs.d/init.d/core/iar-package-setup.el (source)...
Loading /root/.emacs.d/init.d/core/iar-ui-cleanup.el (source)...
Loading /root/.emacs.d/init.d/core/iar-evil-mode.el (source)...
Loading /root/.emacs.d/init.d/core/iar-gptel-setup.el (source)...
[gptel] Using fork from /root/.emacs.d/gptel-fork (overriding ELPA package)
Loading /root/.emacs.d/configs/gptel.el (source)...
Loading /root/.emacs.d/init.d/core/iar-mcp-setup.el (source)...
Loading /root/.emacs.d/init.d/tool-call/iar-malformed-args.el (source)...
Loading /root/.emacs.d/init.d/tool-call/iar-tool-call.el (source)...
[tool-call] Layer installed
Loading /root/.emacs.d/init.d/tool-call/iar-tool-result-timestamp.el (source)...
Loading /root/.emacs.d/init.d/tool-call/iar-tool-result-budget.el (source)...
Loading /root/.emacs.d/init.d/tool-call/iar-request-log.el (source)...
[request-log] Witness installed
Loading /root/.emacs.d/init.d/tool-call/iar-context-fence.el (source)...
Loading /root/.emacs.d/init.d/tool-call/iar-msgs-fence.el (source)...
Loading /root/.emacs.d/init.d/tool-call/iar-request-watchdog.el (source)...
[watchdog] Request watchdog installed
Loading /root/.emacs.d/init.d/tool-call/iar-text-mode-detector.el (source)...
Loading /root/.emacs.d/init.d/agent/iar-prompt-loader.el (source)...
Loading /root/.emacs.d/init.d/core/iar-mount-awareness.el (source)...
Loading /root/.emacs.d/init.d/core/iar-rate-limit.el (source)...
Loading /root/.emacs.d/init.d/security/iar-output-sanitizer.el (source)...
Loading /root/.emacs.d/init.d/security/iar-file-guard.el (source)...
Loading /root/.emacs.d/init.d/security/iar-audit-log.el (source)...
Loading /root/.emacs.d/init.d/security/iar-loop-guard.el (source)...
Loading /root/.emacs.d/init.d/security/iar-loop-guard-chain.el (source)...
Loading /root/.emacs.d/init.d/security/iar-tool-guard.el (source)...
Loading /root/.emacs.d/init.d/security/iar-utf8-scrub.el (source)...
Loading /root/.emacs.d/init.d/tools/filesystem/list_directory.el (source)...
Loading /root/.emacs.d/init.d/tools/filesystem/read_file.el (source)...
Loading /root/.emacs.d/init.d/tools/filesystem/write_file.el (source)...
Loading /root/.emacs.d/init.d/tools/filesystem/append_file.el (source)...
Loading /root/.emacs.d/init.d/tools/code/execute_code_local.el (source)...
Loading /root/.emacs.d/init.d/tools/code/execute_code_remote.el (source)...
Loading /root/.emacs.d/init.d/tools/code/check_elisp.el (source)...
Loading /root/.emacs.d/init.d/tools/tasks/read_task.el (source)...
Loading /root/.emacs.d/init.d/tools/tasks/create_task.el (source)...
Loading /root/.emacs.d/init.d/tools/tasks/write_subtask.el (source)...
Loading /root/.emacs.d/init.d/tools/tasks/remove_task.el (source)...
Loading /root/.emacs.d/init.d/tools/tasks/read_history.el (source)...
Loading /root/.emacs.d/init.d/tools/tasks/read_roadmap.el (source)...
Loading /root/.emacs.d/init.d/tools/tasks/write_roadmap.el (source)...
Loading /root/.emacs.d/init.d/tools/notify/telegram.el (source)...
Loading /root/.emacs.d/init.d/tools/git/git_commit.el (source)...
Loading /root/.emacs.d/init.d/tools/knowledge/read_knowledge.el (source)...
Loading /root/.emacs.d/init.d/agent/iar-project-parser.el (source)...
Loading /root/.emacs.d/init.d/agent/iar-prompt-assembly.el (source)...
Loading /root/.emacs.d/init.d/agent/iar-agent-loader.el (source)...
Loading /root/.emacs.d/init.d/agent/iar-knowledge-loader.el (source)...
Loading /root/.emacs.d/init.d/agent/iar-buffer-info.el (source)...
Loading /root/.emacs.d/init.d/tools/agent/delegate.el (source)...
Loading /root/.emacs.d/init.d/tools/agent/reload_os.el (source)...
Loading /root/.emacs.d/init.d/tools/agent/reload_agent.el (source)...
Loading /root/.emacs.d/init.d/tools/agent/read_own_prompt.el (source)...
Loading /root/.emacs.d/init.d/agent/iar-guidelines-checker.el (source)...
Loading /root/.emacs.d/init.d/agent/iar-agent-cycle.el (source)...
Loading /root/.emacs.d/init.d/debug/iar-status-mode.el (source)...
[status-mode] Installed
Loading /root/.emacs.d/init.d/session/iar-quit.el (source)...
[aria] Starting cycle with 3600s timeout (archetype: aria-cycle, project: iar, cycle: aria_daily)
[aria] Assembled prompt: 46155 chars (~11538 tokens), 21 tools
[aria] Sending cycle prompt to aria agent...
Querying Ollama...
[aria] Same-tool warning: 100 calls to execute_code_local this cycle -- one call blocked with notice
[aria] Tool-call budget warning (150/300) -- one call blocked with notice
[aria] Msgs soft cap warning (msgs 401 >= 400) -- one call blocked with notice
[aria] Cycle complete. Turns: 1, Tool calls: 229, Exit: 0
Tokens: 14797617 in / 59779 out / 14857396 total
Requests: 230
[0;32m[INF][2026-09-12 15:29:51][0m Cycle 1 succeeded in 1411s (exit 0)

[0;34m[INF][2026-09-12 15:37:04][0m --- Cycle 1/1 ---
Already up to date.
============================================
  Preflight Mount Audit — Emacboros
  2026-09-12T18:37:05Z
============================================

--- Phase 1: /proc/mounts scan ---

--- Phase 2: Writability tests ---
[0;32m[PASS][0m /root/.emacs.d/.git/hooks — does not exist
[0;32m[PASS][0m /var/run/docker.sock — does not exist
[0;32m[PASS][0m /etc/cron.d — does not exist
[0;32m[PASS][0m /var/spool/cron — does not exist
[0;32m[PASS][0m /etc/systemd/system — directory is read-only
[0;32m[PASS][0m /etc/systemd — directory is read-only

--- Phase 3: Capability audit ---
[0;32m[PASS][0m CAP_DAC_OVERRIDE (bit 1) is not set — can bypass file read/write/execute permissions
[0;32m[PASS][0m CAP_SYS_ADMIN (bit 21) is not set — broad system administration (mount, namespaces, etc.)
[0;32m[PASS][0m CAP_SETUID (bit 7) is not set — can change process UID
[0;32m[PASS][0m CAP_SETGID (bit 6) is not set — can change process GID
[0;32m[PASS][0m CAP_MKNOD (bit 27) is not set — can create special device files
[0;32m[PASS][0m CAP_NET_RAW (bit 13) is SET (expected) — can create raw network sockets (needed for nmap/traceroute)
[0;32m[PASS][0m CAP_NET_BIND_SERVICE (bit 10) is SET (expected) — can bind to ports < 1024
[0;32m[PASS][0m CAP_FOWNER (bit 3) is not set — can bypass file ownership checks
[0;32m[PASS][0m CAP_SETFCAP (bit 31) is not set — can set file capabilities

--- Phase 4: Host mount audit ---
Writable real-filesystem mounts:
[0;33m[WARN][0m Host mount: /sys/kernel/security (securityfs, rw,nosuid,nodev,noexec,relatime)
[0;33m[WARN][0m Host mount: /sys/fs/cgroup (cgroup2, rw,seclabel,nosuid,nodev,noexec,relatime,nsdelegate,memory_recursiveprot,memory_hugetlb_accounting)
[0;33m[WARN][0m Host mount: /sys/fs/pstore (pstore, rw,seclabel,nosuid,nodev,noexec,relatime)
[0;33m[WARN][0m Host mount: /sys/firmware/efi/efivars (efivarfs, rw,nosuid,nodev,noexec,relatime)
[0;33m[WARN][0m Host mount: /sys/fs/bpf (bpf, rw,nosuid,nodev,noexec,relatime,mode=700)
[0;33m[WARN][0m Host mount: /sys/kernel/config (configfs, rw,nosuid,nodev,noexec,relatime)
[0;33m[WARN][0m Host mount: /sys/fs/selinux (selinuxfs, rw,nosuid,noexec,relatime)
[0;33m[WARN][0m Host mount: /sys/fs/fuse/connections (fusectl, rw,nosuid,nodev,noexec,relatime)
[0;33m[WARN][0m Host mount: /sys/kernel/debug (debugfs, rw,seclabel,nosuid,nodev,noexec,relatime)
[0;33m[WARN][0m Host mount: /sys/kernel/debug/tracing (tracefs, rw,seclabel,nosuid,nodev,noexec,relatime)
[0;33m[WARN][0m Host mount: /sys/kernel/tracing (tracefs, rw,seclabel,nosuid,nodev,noexec,relatime)
[0;33m[WARN][0m Host mount: /root/i.ar (btrfs, rw,seclabel,relatime,compress=zstd:1,ssd,discard=async,space_cache=v2,subvolid=256,subvol=/root)
[0;33m[WARN][0m Host mount: /root/.emacs.d (btrfs, rw,seclabel,relatime,compress=zstd:1,ssd,discard=async,space_cache=v2,subvolid=256,subvol=/root)
[0;33m[WARN][0m Host mount: /root/personalization (btrfs, rw,seclabel,relatime,compress=zstd:1,ssd,discard=async,space_cache=v2,subvolid=256,subvol=/root)
[0;33m[WARN][0m Host mount: /root/.emacs.d/metaconfig (btrfs, rw,seclabel,relatime,compress=zstd:1,ssd,discard=async,space_cache=v2,subvolid=256,subvol=/root)
[0;33m[WARN][0m Host mount: /root/i.ar/prompts (btrfs, rw,seclabel,relatime,compress=zstd:1,ssd,discard=async,space_cache=v2,subvolid=256,subvol=/root)
[0;33m[WARN][0m Host mount: /root/.emacs.d/gptel-fork (btrfs, rw,seclabel,relatime,compress=zstd:1,ssd,discard=async,space_cache=v2,subvolid=256,subvol=/root)

============================================
[0;32m  PREFLIGHT PASSED[0m
============================================
Loading /root/.emacs.d/configs/paths.el (source)...
Loading /root/.emacs.d/configs/predicates.el (source)...
Loading /root/.emacs.d/configs/keybindings.el (source)...
Loading /root/.emacs.d/configs/delimiters.el (source)...
Loading /root/.emacs.d/configs/git.el (source)...
Loading /root/.emacs.d/configs/fork.el (source)...
Loading /root/.emacs.d/configs/delegate.el (source)...
Loading /root/.emacs.d/configs/cycle.el (source)...
Loading /root/.emacs.d/configs/loop-guard.el (source)...
Loading /root/.emacs.d/configs/memory.el (source)...
Loading /root/.emacs.d/configs/file-guard.el (source)...
Loading /root/.emacs.d/configs/tool-limits.el (source)...
Loading /root/.emacs.d/configs/tasks.el (source)...
Loading /root/.emacs.d/configs/mcp.el (source)...
Loading /root/.emacs.d/init.d/shared/iar-utils.el (source)...
Loading /root/.emacs.d/init.d/shared/iar-agent-utils.el (source)...
Loading /root/.emacs.d/init.d/core/iar-locale.el (source)...
Loading /root/.emacs.d/init.d/core/iar-package-setup.el (source)...
Loading /root/.emacs.d/init.d/core/iar-ui-cleanup.el (source)...
Loading /root/.emacs.d/init.d/core/iar-evil-mode.el (source)...
Loading /root/.emacs.d/init.d/core/iar-gptel-setup.el (source)...
[gptel] Using fork from /root/.emacs.d/gptel-fork (overriding ELPA package)
Loading /root/.emacs.d/configs/gptel.el (source)...
Loading /root/.emacs.d/init.d/core/iar-mcp-setup.el (source)...
Loading /root/.emacs.d/init.d/tool-call/iar-malformed-args.el (source)...
Loading /root/.emacs.d/init.d/tool-call/iar-tool-call.el (source)...
[tool-call] Layer installed
Loading /root/.emacs.d/init.d/tool-call/iar-tool-result-timestamp.el (source)...
Loading /root/.emacs.d/init.d/tool-call/iar-tool-result-budget.el (source)...
Loading /root/.emacs.d/init.d/tool-call/iar-request-log.el (source)...
[request-log] Witness installed
Loading /root/.emacs.d/init.d/tool-call/iar-context-fence.el (source)...
Loading /root/.emacs.d/init.d/tool-call/iar-msgs-fence.el (source)...
Loading /root/.emacs.d/init.d/tool-call/iar-request-watchdog.el (source)...
[watchdog] Request watchdog installed
Loading /root/.emacs.d/init.d/tool-call/iar-text-mode-detector.el (source)...
Loading /root/.emacs.d/init.d/agent/iar-prompt-loader.el (source)...
Loading /root/.emacs.d/init.d/core/iar-mount-awareness.el (source)...
Loading /root/.emacs.d/init.d/core/iar-rate-limit.el (source)...
Loading /root/.emacs.d/init.d/security/iar-output-sanitizer.el (source)...
Loading /root/.emacs.d/init.d/security/iar-file-guard.el (source)...
Loading /root/.emacs.d/init.d/security/iar-audit-log.el (source)...
Loading /root/.emacs.d/init.d/security/iar-loop-guard.el (source)...
Loading /root/.emacs.d/init.d/security/iar-loop-guard-chain.el (source)...
Loading /root/.emacs.d/init.d/security/iar-tool-guard.el (source)...
Loading /root/.emacs.d/init.d/security/iar-utf8-scrub.el (source)...
Loading /root/.emacs.d/init.d/tools/filesystem/list_directory.el (source)...
Loading /root/.emacs.d/init.d/tools/filesystem/read_file.el (source)...
Loading /root/.emacs.d/init.d/tools/filesystem/write_file.el (source)...
Loading /root/.emacs.d/init.d/tools/filesystem/append_file.el (source)...
Loading /root/.emacs.d/init.d/tools/code/execute_code_local.el (source)...
Loading /root/.emacs.d/init.d/tools/code/execute_code_remote.el (source)...
Loading /root/.emacs.d/init.d/tools/code/check_elisp.el (source)...
Loading /root/.emacs.d/init.d/tools/tasks/read_task.el (source)...
Loading /root/.emacs.d/init.d/tools/tasks/create_task.el (source)...
Loading /root/.emacs.d/init.d/tools/tasks/write_subtask.el (source)...
Loading /root/.emacs.d/init.d/tools/tasks/remove_task.el (source)...
Loading /root/.emacs.d/init.d/tools/tasks/read_history.el (source)...
Loading /root/.emacs.d/init.d/tools/tasks/read_roadmap.el (source)...
Loading /root/.emacs.d/init.d/tools/tasks/write_roadmap.el (source)...
Loading /root/.emacs.d/init.d/tools/notify/telegram.el (source)...
Loading /root/.emacs.d/init.d/tools/git/git_commit.el (source)...
Loading /root/.emacs.d/init.d/tools/knowledge/read_knowledge.el (source)...
Loading /root/.emacs.d/init.d/agent/iar-project-parser.el (source)...
Loading /root/.emacs.d/init.d/agent/iar-prompt-assembly.el (source)...
Loading /root/.emacs.d/init.d/agent/iar-agent-loader.el (source)...
Loading /root/.emacs.d/init.d/agent/iar-knowledge-loader.el (source)...
Loading /root/.emacs.d/init.d/agent/iar-buffer-info.el (source)...
Loading /root/.emacs.d/init.d/tools/agent/delegate.el (source)...
Loading /root/.emacs.d/init.d/tools/agent/reload_os.el (source)...
Loading /root/.emacs.d/init.d/tools/agent/reload_agent.el (source)...
Loading /root/.emacs.d/init.d/tools/agent/read_own_prompt.el (source)...
Loading /root/.emacs.d/init.d/agent/iar-guidelines-checker.el (source)...
Loading /root/.emacs.d/init.d/agent/iar-agent-cycle.el (source)...
Loading /root/.emacs.d/init.d/debug/iar-status-mode.el (source)...
[status-mode] Installed
Loading /root/.emacs.d/init.d/session/iar-quit.el (source)...
[aria] Starting cycle with 3600s timeout (archetype: aria-cycle, project: iar, cycle: aria_daily)
[aria] Assembled prompt: 46257 chars (~11564 tokens), 21 tools
[aria] Sending cycle prompt to aria agent...
Querying Ollama...
[aria] Same-tool warning: 100 calls to execute_code_local this cycle -- one call blocked with notice
[aria] Cycle complete. Turns: 1, Tool calls: 138, Exit: 0
Tokens: 8426634 in / 42636 out / 8469270 total
Requests: 139
[0;32m[INF][2026-09-12 15:58:33][0m Cycle 1 succeeded in 1289s (exit 0)

[0;34m[INF][2026-09-12 16:09:36][0m --- Cycle 1/1 ---
Already up to date.
============================================
  Preflight Mount Audit — Emacboros
  2026-09-12T19:09:36Z
============================================

--- Phase 1: /proc/mounts scan ---

--- Phase 2: Writability tests ---
[0;32m[PASS][0m /root/.emacs.d/.git/hooks — does not exist
[0;32m[PASS][0m /var/run/docker.sock — does not exist
[0;32m[PASS][0m /etc/cron.d — does not exist
[0;32m[PASS][0m /var/spool/cron — does not exist
[0;32m[PASS][0m /etc/systemd/system — directory is read-only
[0;32m[PASS][0m /etc/systemd — directory is read-only

--- Phase 3: Capability audit ---
[0;32m[PASS][0m CAP_DAC_OVERRIDE (bit 1) is not set — can bypass file read/write/execute permissions
[0;32m[PASS][0m CAP_SYS_ADMIN (bit 21) is not set — broad system administration (mount, namespaces, etc.)
[0;32m[PASS][0m CAP_SETUID (bit 7) is not set — can change process UID
[0;32m[PASS][0m CAP_SETGID (bit 6) is not set — can change process GID
[0;32m[PASS][0m CAP_MKNOD (bit 27) is not set — can create special device files
[0;32m[PASS][0m CAP_NET_RAW (bit 13) is SET (expected) — can create raw network sockets (needed for nmap/traceroute)
[0;32m[PASS][0m CAP_NET_BIND_SERVICE (bit 10) is SET (expected) — can bind to ports < 1024
[0;32m[PASS][0m CAP_FOWNER (bit 3) is not set — can bypass file ownership checks
[0;32m[PASS][0m CAP_SETFCAP (bit 31) is not set — can set file capabilities

--- Phase 4: Host mount audit ---
Writable real-filesystem mounts:
[0;33m[WARN][0m Host mount: /sys/kernel/security (securityfs, rw,nosuid,nodev,noexec,relatime)
[0;33m[WARN][0m Host mount: /sys/fs/cgroup (cgroup2, rw,seclabel,nosuid,nodev,noexec,relatime,nsdelegate,memory_recursiveprot,memory_hugetlb_accounting)
[0;33m[WARN][0m Host mount: /sys/fs/pstore (pstore, rw,seclabel,nosuid,nodev,noexec,relatime)
[0;33m[WARN][0m Host mount: /sys/firmware/efi/efivars (efivarfs, rw,nosuid,nodev,noexec,relatime)
[0;33m[WARN][0m Host mount: /sys/fs/bpf (bpf, rw,nosuid,nodev,noexec,relatime,mode=700)
[0;33m[WARN][0m Host mount: /sys/kernel/config (configfs, rw,nosuid,nodev,noexec,relatime)
[0;33m[WARN][0m Host mount: /sys/fs/selinux (selinuxfs, rw,nosuid,noexec,relatime)
[0;33m[WARN][0m Host mount: /sys/fs/fuse/connections (fusectl, rw,nosuid,nodev,noexec,relatime)
[0;33m[WARN][0m Host mount: /sys/kernel/debug (debugfs, rw,seclabel,nosuid,nodev,noexec,relatime)
[0;33m[WARN][0m Host mount: /sys/kernel/debug/tracing (tracefs, rw,seclabel,nosuid,nodev,noexec,relatime)
[0;33m[WARN][0m Host mount: /sys/kernel/tracing (tracefs, rw,seclabel,nosuid,nodev,noexec,relatime)
[0;33m[WARN][0m Host mount: /root/.emacs.d (btrfs, rw,seclabel,relatime,compress=zstd:1,ssd,discard=async,space_cache=v2,subvolid=256,subvol=/root)
[0;33m[WARN][0m Host mount: /root/i.ar (btrfs, rw,seclabel,relatime,compress=zstd:1,ssd,discard=async,space_cache=v2,subvolid=256,subvol=/root)
[0;33m[WARN][0m Host mount: /root/personalization (btrfs, rw,seclabel,relatime,compress=zstd:1,ssd,discard=async,space_cache=v2,subvolid=256,subvol=/root)
[0;33m[WARN][0m Host mount: /root/.emacs.d/gptel-fork (btrfs, rw,seclabel,relatime,compress=zstd:1,ssd,discard=async,space_cache=v2,subvolid=256,subvol=/root)
[0;33m[WARN][0m Host mount: /root/i.ar/prompts (btrfs, rw,seclabel,relatime,compress=zstd:1,ssd,discard=async,space_cache=v2,subvolid=256,subvol=/root)
[0;33m[WARN][0m Host mount: /root/.emacs.d/metaconfig (btrfs, rw,seclabel,relatime,compress=zstd:1,ssd,discard=async,space_cache=v2,subvolid=256,subvol=/root)

============================================
[0;32m  PREFLIGHT PASSED[0m
============================================
Loading /root/.emacs.d/configs/paths.el (source)...
Loading /root/.emacs.d/configs/predicates.el (source)...
Loading /root/.emacs.d/configs/keybindings.el (source)...
Loading /root/.emacs.d/configs/delimiters.el (source)...
Loading /root/.emacs.d/configs/git.el (source)...
Loading /root/.emacs.d/configs/fork.el (source)...
Loading /root/.emacs.d/configs/delegate.el (source)...
Loading /root/.emacs.d/configs/cycle.el (source)...
Loading /root/.emacs.d/configs/loop-guard.el (source)...
Loading /root/.emacs.d/configs/memory.el (source)...
Loading /root/.emacs.d/configs/file-guard.el (source)...
Loading /root/.emacs.d/configs/tool-limits.el (source)...
Loading /root/.emacs.d/configs/tasks.el (source)...
Loading /root/.emacs.d/configs/mcp.el (source)...
Loading /root/.emacs.d/init.d/shared/iar-utils.el (source)...
Loading /root/.emacs.d/init.d/shared/iar-agent-utils.el (source)...
Loading /root/.emacs.d/init.d/core/iar-locale.el (source)...
Loading /root/.emacs.d/init.d/core/iar-package-setup.el (source)...
Loading /root/.emacs.d/init.d/core/iar-ui-cleanup.el (source)...
Loading /root/.emacs.d/init.d/core/iar-evil-mode.el (source)...
Loading /root/.emacs.d/init.d/core/iar-gptel-setup.el (source)...
[gptel] Using fork from /root/.emacs.d/gptel-fork (overriding ELPA package)
Loading /root/.emacs.d/configs/gptel.el (source)...
Loading /root/.emacs.d/init.d/core/iar-mcp-setup.el (source)...
Loading /root/.emacs.d/init.d/tool-call/iar-malformed-args.el (source)...
Loading /root/.emacs.d/init.d/tool-call/iar-tool-call.el (source)...
[tool-call] Layer installed
Loading /root/.emacs.d/init.d/tool-call/iar-tool-result-timestamp.el (source)...
Loading /root/.emacs.d/init.d/tool-call/iar-tool-result-budget.el (source)...
Loading /root/.emacs.d/init.d/tool-call/iar-request-log.el (source)...
[request-log] Witness installed
Loading /root/.emacs.d/init.d/tool-call/iar-context-fence.el (source)...
Loading /root/.emacs.d/init.d/tool-call/iar-msgs-fence.el (source)...
Loading /root/.emacs.d/init.d/tool-call/iar-request-watchdog.el (source)...
[watchdog] Request watchdog installed
Loading /root/.emacs.d/init.d/tool-call/iar-text-mode-detector.el (source)...
Loading /root/.emacs.d/init.d/agent/iar-prompt-loader.el (source)...
Loading /root/.emacs.d/init.d/core/iar-mount-awareness.el (source)...
Loading /root/.emacs.d/init.d/core/iar-rate-limit.el (source)...
Loading /root/.emacs.d/init.d/security/iar-output-sanitizer.el (source)...
Loading /root/.emacs.d/init.d/security/iar-file-guard.el (source)...
Loading /root/.emacs.d/init.d/security/iar-audit-log.el (source)...
Loading /root/.emacs.d/init.d/security/iar-loop-guard.el (source)...
Loading /root/.emacs.d/init.d/security/iar-loop-guard-chain.el (source)...
Loading /root/.emacs.d/init.d/security/iar-tool-guard.el (source)...
Loading /root/.emacs.d/init.d/security/iar-utf8-scrub.el (source)...
Loading /root/.emacs.d/init.d/tools/filesystem/list_directory.el (source)...
Loading /root/.emacs.d/init.d/tools/filesystem/read_file.el (source)...
Loading /root/.emacs.d/init.d/tools/filesystem/write_file.el (source)...
Loading /root/.emacs.d/init.d/tools/filesystem/append_file.el (source)...
Loading /root/.emacs.d/init.d/tools/code/execute_code_local.el (source)...
Loading /root/.emacs.d/init.d/tools/code/execute_code_remote.el (source)...
Loading /root/.emacs.d/init.d/tools/code/check_elisp.el (source)...
Loading /root/.emacs.d/init.d/tools/tasks/read_task.el (source)...
Loading /root/.emacs.d/init.d/tools/tasks/create_task.el (source)...
Loading /root/.emacs.d/init.d/tools/tasks/write_subtask.el (source)...
Loading /root/.emacs.d/init.d/tools/tasks/remove_task.el (source)...
Loading /root/.emacs.d/init.d/tools/tasks/read_history.el (source)...
Loading /root/.emacs.d/init.d/tools/tasks/read_roadmap.el (source)...
Loading /root/.emacs.d/init.d/tools/tasks/write_roadmap.el (source)...
Loading /root/.emacs.d/init.d/tools/notify/telegram.el (source)...
Loading /root/.emacs.d/init.d/tools/git/git_commit.el (source)...
Loading /root/.emacs.d/init.d/tools/knowledge/read_knowledge.el (source)...
Loading /root/.emacs.d/init.d/agent/iar-project-parser.el (source)...
Loading /root/.emacs.d/init.d/agent/iar-prompt-assembly.el (source)...
Loading /root/.emacs.d/init.d/agent/iar-agent-loader.el (source)...
Loading /root/.emacs.d/init.d/agent/iar-knowledge-loader.el (source)...
Loading /root/.emacs.d/init.d/agent/iar-buffer-info.el (source)...
Loading /root/.emacs.d/init.d/tools/agent/delegate.el (source)...
Loading /root/.emacs.d/init.d/tools/agent/reload_os.el (source)...
Loading /root/.emacs.d/init.d/tools/agent/reload_agent.el (source)...
Loading /root/.emacs.d/init.d/tools/agent/read_own_prompt.el (source)...
Loading /root/.emacs.d/init.d/agent/iar-guidelines-checker.el (source)...
Loading /root/.emacs.d/init.d/agent/iar-agent-cycle.el (source)...
Loading /root/.emacs.d/init.d/debug/iar-status-mode.el (source)...
[status-mode] Installed
Loading /root/.emacs.d/init.d/session/iar-quit.el (source)...
[aria] Starting cycle with 3600s timeout (archetype: aria-cycle, project: iar, cycle: aria_daily)
[aria] Assembled prompt: 46982 chars (~11745 tokens), 21 tools
[aria] Sending cycle prompt to aria agent...
Querying Ollama...
[aria] Same-tool warning: 100 calls to execute_code_local this cycle -- one call blocked with notice
[aria] Tool-call budget warning (150/300) -- one call blocked with notice
[aria] Cycle complete. Turns: 1, Tool calls: 164, Exit: 0
Tokens: 11252393 in / 74603 out / 11326996 total
Requests: 165
[0;32m[INF][2026-09-12 16:36:38][0m Cycle 1 succeeded in 1622s (exit 0)

[0;34m[INF][2026-09-12 16:43:06][0m --- Cycle 1/1 ---
Already up to date.
============================================
  Preflight Mount Audit — Emacboros
  2026-09-12T19:43:06Z
============================================

--- Phase 1: /proc/mounts scan ---

--- Phase 2: Writability tests ---
[0;32m[PASS][0m /root/.emacs.d/.git/hooks — does not exist
[0;32m[PASS][0m /var/run/docker.sock — does not exist
[0;32m[PASS][0m /etc/cron.d — does not exist
[0;32m[PASS][0m /var/spool/cron — does not exist
[0;32m[PASS][0m /etc/systemd/system — directory is read-only
[0;32m[PASS][0m /etc/systemd — directory is read-only

--- Phase 3: Capability audit ---
[0;32m[PASS][0m CAP_DAC_OVERRIDE (bit 1) is not set — can bypass file read/write/execute permissions
[0;32m[PASS][0m CAP_SYS_ADMIN (bit 21) is not set — broad system administration (mount, namespaces, etc.)
[0;32m[PASS][0m CAP_SETUID (bit 7) is not set — can change process UID
[0;32m[PASS][0m CAP_SETGID (bit 6) is not set — can change process GID
[0;32m[PASS][0m CAP_MKNOD (bit 27) is not set — can create special device files
[0;32m[PASS][0m CAP_NET_RAW (bit 13) is SET (expected) — can create raw network sockets (needed for nmap/traceroute)
[0;32m[PASS][0m CAP_NET_BIND_SERVICE (bit 10) is SET (expected) — can bind to ports < 1024
[0;32m[PASS][0m CAP_FOWNER (bit 3) is not set — can bypass file ownership checks
[0;32m[PASS][0m CAP_SETFCAP (bit 31) is not set — can set file capabilities

--- Phase 4: Host mount audit ---
Writable real-filesystem mounts:
[0;33m[WARN][0m Host mount: /sys/kernel/security (securityfs, rw,nosuid,nodev,noexec,relatime)
[0;33m[WARN][0m Host mount: /sys/fs/cgroup (cgroup2, rw,seclabel,nosuid,nodev,noexec,relatime,nsdelegate,memory_recursiveprot,memory_hugetlb_accounting)
[0;33m[WARN][0m Host mount: /sys/fs/pstore (pstore, rw,seclabel,nosuid,nodev,noexec,relatime)
[0;33m[WARN][0m Host mount: /sys/firmware/efi/efivars (efivarfs, rw,nosuid,nodev,noexec,relatime)
[0;33m[WARN][0m Host mount: /sys/fs/bpf (bpf, rw,nosuid,nodev,noexec,relatime,mode=700)
[0;33m[WARN][0m Host mount: /sys/kernel/config (configfs, rw,nosuid,nodev,noexec,relatime)
[0;33m[WARN][0m Host mount: /sys/fs/selinux (selinuxfs, rw,nosuid,noexec,relatime)
[0;33m[WARN][0m Host mount: /sys/fs/fuse/connections (fusectl, rw,nosuid,nodev,noexec,relatime)
[0;33m[WARN][0m Host mount: /sys/kernel/debug (debugfs, rw,seclabel,nosuid,nodev,noexec,relatime)
[0;33m[WARN][0m Host mount: /sys/kernel/debug/tracing (tracefs, rw,seclabel,nosuid,nodev,noexec,relatime)
[0;33m[WARN][0m Host mount: /sys/kernel/tracing (tracefs, rw,seclabel,nosuid,nodev,noexec,relatime)
[0;33m[WARN][0m Host mount: /root/.emacs.d (btrfs, rw,seclabel,relatime,compress=zstd:1,ssd,discard=async,space_cache=v2,subvolid=256,subvol=/root)
[0;33m[WARN][0m Host mount: /root/personalization (btrfs, rw,seclabel,relatime,compress=zstd:1,ssd,discard=async,space_cache=v2,subvolid=256,subvol=/root)
[0;33m[WARN][0m Host mount: /root/i.ar (btrfs, rw,seclabel,relatime,compress=zstd:1,ssd,discard=async,space_cache=v2,subvolid=256,subvol=/root)
[0;33m[WARN][0m Host mount: /root/.emacs.d/gptel-fork (btrfs, rw,seclabel,relatime,compress=zstd:1,ssd,discard=async,space_cache=v2,subvolid=256,subvol=/root)
[0;33m[WARN][0m Host mount: /root/i.ar/prompts (btrfs, rw,seclabel,relatime,compress=zstd:1,ssd,discard=async,space_cache=v2,subvolid=256,subvol=/root)
[0;33m[WARN][0m Host mount: /root/.emacs.d/metaconfig (btrfs, rw,seclabel,relatime,compress=zstd:1,ssd,discard=async,space_cache=v2,subvolid=256,subvol=/root)

============================================
[0;32m  PREFLIGHT PASSED[0m
============================================
Loading /root/.emacs.d/configs/paths.el (source)...
Loading /root/.emacs.d/configs/predicates.el (source)...
Loading /root/.emacs.d/configs/keybindings.el (source)...
Loading /root/.emacs.d/configs/delimiters.el (source)...
Loading /root/.emacs.d/configs/git.el (source)...
Loading /root/.emacs.d/configs/fork.el (source)...
Loading /root/.emacs.d/configs/delegate.el (source)...
Loading /root/.emacs.d/configs/cycle.el (source)...
Loading /root/.emacs.d/configs/loop-guard.el (source)...
Loading /root/.emacs.d/configs/memory.el (source)...
Loading /root/.emacs.d/configs/file-guard.el (source)...
Loading /root/.emacs.d/configs/tool-limits.el (source)...
Loading /root/.emacs.d/configs/tasks.el (source)...
Loading /root/.emacs.d/configs/mcp.el (source)...
Loading /root/.emacs.d/init.d/shared/iar-utils.el (source)...
Loading /root/.emacs.d/init.d/shared/iar-agent-utils.el (source)...
Loading /root/.emacs.d/init.d/core/iar-locale.el (source)...
Loading /root/.emacs.d/init.d/core/iar-package-setup.el (source)...
Loading /root/.emacs.d/init.d/core/iar-ui-cleanup.el (source)...
Loading /root/.emacs.d/init.d/core/iar-evil-mode.el (source)...
Loading /root/.emacs.d/init.d/core/iar-gptel-setup.el (source)...
[gptel] Using fork from /root/.emacs.d/gptel-fork (overriding ELPA package)
Loading /root/.emacs.d/configs/gptel.el (source)...
Loading /root/.emacs.d/init.d/core/iar-mcp-setup.el (source)...
Loading /root/.emacs.d/init.d/tool-call/iar-malformed-args.el (source)...
Loading /root/.emacs.d/init.d/tool-call/iar-tool-call.el (source)...
[tool-call] Layer installed
Loading /root/.emacs.d/init.d/tool-call/iar-tool-result-timestamp.el (source)...
Loading /root/.emacs.d/init.d/tool-call/iar-tool-result-budget.el (source)...
Loading /root/.emacs.d/init.d/tool-call/iar-request-log.el (source)...
[request-log] Witness installed
Loading /root/.emacs.d/init.d/tool-call/iar-context-fence.el (source)...
Loading /root/.emacs.d/init.d/tool-call/iar-msgs-fence.el (source)...
Loading /root/.emacs.d/init.d/tool-call/iar-request-watchdog.el (source)...
[watchdog] Request watchdog installed
Loading /root/.emacs.d/init.d/tool-call/iar-text-mode-detector.el (source)...
Loading /root/.emacs.d/init.d/agent/iar-prompt-loader.el (source)...
Loading /root/.emacs.d/init.d/core/iar-mount-awareness.el (source)...
Loading /root/.emacs.d/init.d/core/iar-rate-limit.el (source)...
Loading /root/.emacs.d/init.d/security/iar-output-sanitizer.el (source)...
Loading /root/.emacs.d/init.d/security/iar-file-guard.el (source)...
Loading /root/.emacs.d/init.d/security/iar-audit-log.el (source)...
Loading /root/.emacs.d/init.d/security/iar-loop-guard.el (source)...
Loading /root/.emacs.d/init.d/security/iar-loop-guard-chain.el (source)...
Loading /root/.emacs.d/init.d/security/iar-tool-guard.el (source)...
Loading /root/.emacs.d/init.d/security/iar-utf8-scrub.el (source)...
Loading /root/.emacs.d/init.d/tools/filesystem/list_directory.el (source)...
Loading /root/.emacs.d/init.d/tools/filesystem/read_file.el (source)...
Loading /root/.emacs.d/init.d/tools/filesystem/write_file.el (source)...
Loading /root/.emacs.d/init.d/tools/filesystem/append_file.el (source)...
Loading /root/.emacs.d/init.d/tools/code/execute_code_local.el (source)...
Loading /root/.emacs.d/init.d/tools/code/execute_code_remote.el (source)...
Loading /root/.emacs.d/init.d/tools/code/check_elisp.el (source)...
Loading /root/.emacs.d/init.d/tools/tasks/read_task.el (source)...
Loading /root/.emacs.d/init.d/tools/tasks/create_task.el (source)...
Loading /root/.emacs.d/init.d/tools/tasks/write_subtask.el (source)...
Loading /root/.emacs.d/init.d/tools/tasks/remove_task.el (source)...
Loading /root/.emacs.d/init.d/tools/tasks/read_history.el (source)...
Loading /root/.emacs.d/init.d/tools/tasks/read_roadmap.el (source)...
Loading /root/.emacs.d/init.d/tools/tasks/write_roadmap.el (source)...
Loading /root/.emacs.d/init.d/tools/notify/telegram.el (source)...
Loading /root/.emacs.d/init.d/tools/git/git_commit.el (source)...
Loading /root/.emacs.d/init.d/tools/knowledge/read_knowledge.el (source)...
Loading /root/.emacs.d/init.d/agent/iar-project-parser.el (source)...
Loading /root/.emacs.d/init.d/agent/iar-prompt-assembly.el (source)...
Loading /root/.emacs.d/init.d/agent/iar-agent-loader.el (source)...
Loading /root/.emacs.d/init.d/agent/iar-knowledge-loader.el (source)...
Loading /root/.emacs.d/init.d/agent/iar-buffer-info.el (source)...
Loading /root/.emacs.d/init.d/tools/agent/delegate.el (source)...
Loading /root/.emacs.d/init.d/tools/agent/reload_os.el (source)...
Loading /root/.emacs.d/init.d/tools/agent/reload_agent.el (source)...
Loading /root/.emacs.d/init.d/tools/agent/read_own_prompt.el (source)...
Loading /root/.emacs.d/init.d/agent/iar-guidelines-checker.el (source)...
Loading /root/.emacs.d/init.d/agent/iar-agent-cycle.el (source)...
Loading /root/.emacs.d/init.d/debug/iar-status-mode.el (source)...
[status-mode] Installed
Loading /root/.emacs.d/init.d/session/iar-quit.el (source)...
[aria] Starting cycle with 3600s timeout (archetype: aria-cycle, project: iar, cycle: aria_daily)
[aria] Assembled prompt: 46880 chars (~11720 tokens), 21 tools
[aria] Sending cycle prompt to aria agent...
Querying Ollama...
[aria] Same-tool warning: 100 calls to execute_code_local this cycle -- one call blocked with notice
[aria] Tool-call budget warning (150/300) -- one call blocked with notice
[loop-guard-chain] SOFT BLOCK: execute_code_local chained 10 times
[loop-guard-chain] SOFT BLOCK: execute_code_local chained 11 times
[aria] Msgs soft cap warning (msgs 401 >= 400) -- one call blocked with notice
[aria] Cycle complete. Turns: 1, Tool calls: 240, Exit: 0
Tokens: 24108478 in / 142550 out / 24251028 total
Requests: 241
[0;32m[INF][2026-09-12 17:38:15][0m Cycle 1 succeeded in 3309s (exit 0)

[0;34m[INF][2026-09-12 17:52:25][0m --- Cycle 1/1 ---
Already up to date.
============================================
  Preflight Mount Audit — Emacboros
  2026-09-12T20:52:26Z
============================================

--- Phase 1: /proc/mounts scan ---

--- Phase 2: Writability tests ---
[0;32m[PASS][0m /root/.emacs.d/.git/hooks — does not exist
[0;32m[PASS][0m /var/run/docker.sock — does not exist
[0;32m[PASS][0m /etc/cron.d — does not exist
[0;32m[PASS][0m /var/spool/cron — does not exist
[0;32m[PASS][0m /etc/systemd/system — directory is read-only
[0;32m[PASS][0m /etc/systemd — directory is read-only

--- Phase 3: Capability audit ---
[0;32m[PASS][0m CAP_DAC_OVERRIDE (bit 1) is not set — can bypass file read/write/execute permissions
[0;32m[PASS][0m CAP_SYS_ADMIN (bit 21) is not set — broad system administration (mount, namespaces, etc.)
[0;32m[PASS][0m CAP_SETUID (bit 7) is not set — can change process UID
[0;32m[PASS][0m CAP_SETGID (bit 6) is not set — can change process GID
[0;32m[PASS][0m CAP_MKNOD (bit 27) is not set — can create special device files
[0;32m[PASS][0m CAP_NET_RAW (bit 13) is SET (expected) — can create raw network sockets (needed for nmap/traceroute)
[0;32m[PASS][0m CAP_NET_BIND_SERVICE (bit 10) is SET (expected) — can bind to ports < 1024
[0;32m[PASS][0m CAP_FOWNER (bit 3) is not set — can bypass file ownership checks
[0;32m[PASS][0m CAP_SETFCAP (bit 31) is not set — can set file capabilities

--- Phase 4: Host mount audit ---
Writable real-filesystem mounts:
[0;33m[WARN][0m Host mount: /sys/kernel/security (securityfs, rw,nosuid,nodev,noexec,relatime)
[0;33m[WARN][0m Host mount: /sys/fs/cgroup (cgroup2, rw,seclabel,nosuid,nodev,noexec,relatime,nsdelegate,memory_recursiveprot,memory_hugetlb_accounting)
[0;33m[WARN][0m Host mount: /sys/fs/pstore (pstore, rw,seclabel,nosuid,nodev,noexec,relatime)
[0;33m[WARN][0m Host mount: /sys/firmware/efi/efivars (efivarfs, rw,nosuid,nodev,noexec,relatime)
[0;33m[WARN][0m Host mount: /sys/fs/bpf (bpf, rw,nosuid,nodev,noexec,relatime,mode=700)
[0;33m[WARN][0m Host mount: /sys/kernel/config (configfs, rw,nosuid,nodev,noexec,relatime)
[0;33m[WARN][0m Host mount: /sys/fs/selinux (selinuxfs, rw,nosuid,noexec,relatime)
[0;33m[WARN][0m Host mount: /sys/fs/fuse/connections (fusectl, rw,nosuid,nodev,noexec,relatime)
[0;33m[WARN][0m Host mount: /sys/kernel/debug (debugfs, rw,seclabel,nosuid,nodev,noexec,relatime)
[0;33m[WARN][0m Host mount: /sys/kernel/debug/tracing (tracefs, rw,seclabel,nosuid,nodev,noexec,relatime)
[0;33m[WARN][0m Host mount: /sys/kernel/tracing (tracefs, rw,seclabel,nosuid,nodev,noexec,relatime)
[0;33m[WARN][0m Host mount: /root/.emacs.d (btrfs, rw,seclabel,relatime,compress=zstd:1,ssd,discard=async,space_cache=v2,subvolid=256,subvol=/root)
[0;33m[WARN][0m Host mount: /root/i.ar (btrfs, rw,seclabel,relatime,compress=zstd:1,ssd,discard=async,space_cache=v2,subvolid=256,subvol=/root)
[0;33m[WARN][0m Host mount: /root/personalization (btrfs, rw,seclabel,relatime,compress=zstd:1,ssd,discard=async,space_cache=v2,subvolid=256,subvol=/root)
[0;33m[WARN][0m Host mount: /root/i.ar/prompts (btrfs, rw,seclabel,relatime,compress=zstd:1,ssd,discard=async,space_cache=v2,subvolid=256,subvol=/root)
[0;33m[WARN][0m Host mount: /root/.emacs.d/metaconfig (btrfs, rw,seclabel,relatime,compress=zstd:1,ssd,discard=async,space_cache=v2,subvolid=256,subvol=/root)
[0;33m[WARN][0m Host mount: /root/.emacs.d/gptel-fork (btrfs, rw,seclabel,relatime,compress=zstd:1,ssd,discard=async,space_cache=v2,subvolid=256,subvol=/root)

============================================
[0;32m  PREFLIGHT PASSED[0m
============================================
Loading /root/.emacs.d/configs/paths.el (source)...
Loading /root/.emacs.d/configs/predicates.el (source)...
Loading /root/.emacs.d/configs/keybindings.el (source)...
Loading /root/.emacs.d/configs/delimiters.el (source)...
Loading /root/.emacs.d/configs/git.el (source)...
Loading /root/.emacs.d/configs/fork.el (source)...
Loading /root/.emacs.d/configs/delegate.el (source)...
Loading /root/.emacs.d/configs/cycle.el (source)...
Loading /root/.emacs.d/configs/loop-guard.el (source)...
Loading /root/.emacs.d/configs/memory.el (source)...
Loading /root/.emacs.d/configs/file-guard.el (source)...
Loading /root/.emacs.d/configs/tool-limits.el (source)...
Loading /root/.emacs.d/configs/tasks.el (source)...
Loading /root/.emacs.d/configs/mcp.el (source)...
Loading /root/.emacs.d/init.d/shared/iar-utils.el (source)...
Loading /root/.emacs.d/init.d/shared/iar-agent-utils.el (source)...
Loading /root/.emacs.d/init.d/core/iar-locale.el (source)...
Loading /root/.emacs.d/init.d/core/iar-package-setup.el (source)...
Loading /root/.emacs.d/init.d/core/iar-ui-cleanup.el (source)...
Loading /root/.emacs.d/init.d/core/iar-evil-mode.el (source)...
Loading /root/.emacs.d/init.d/core/iar-gptel-setup.el (source)...
[gptel] Using fork from /root/.emacs.d/gptel-fork (overriding ELPA package)
Loading /root/.emacs.d/configs/gptel.el (source)...
Loading /root/.emacs.d/init.d/core/iar-mcp-setup.el (source)...
Loading /root/.emacs.d/init.d/tool-call/iar-malformed-args.el (source)...
Loading /root/.emacs.d/init.d/tool-call/iar-tool-call.el (source)...
[tool-call] Layer installed
Loading /root/.emacs.d/init.d/tool-call/iar-tool-result-timestamp.el (source)...
Loading /root/.emacs.d/init.d/tool-call/iar-tool-result-budget.el (source)...
Loading /root/.emacs.d/init.d/tool-call/iar-request-log.el (source)...
[request-log] Witness installed
Loading /root/.emacs.d/init.d/tool-call/iar-context-fence.el (source)...
Loading /root/.emacs.d/init.d/tool-call/iar-msgs-fence.el (source)...
Loading /root/.emacs.d/init.d/tool-call/iar-request-watchdog.el (source)...
[watchdog] Request watchdog installed
Loading /root/.emacs.d/init.d/tool-call/iar-text-mode-detector.el (source)...
Loading /root/.emacs.d/init.d/agent/iar-prompt-loader.el (source)...
Loading /root/.emacs.d/init.d/core/iar-mount-awareness.el (source)...
Loading /root/.emacs.d/init.d/core/iar-rate-limit.el (source)...
Loading /root/.emacs.d/init.d/security/iar-output-sanitizer.el (source)...
Loading /root/.emacs.d/init.d/security/iar-file-guard.el (source)...
Loading /root/.emacs.d/init.d/security/iar-audit-log.el (source)...
Loading /root/.emacs.d/init.d/security/iar-loop-guard.el (source)...
Loading /root/.emacs.d/init.d/security/iar-loop-guard-chain.el (source)...
Loading /root/.emacs.d/init.d/security/iar-tool-guard.el (source)...
Loading /root/.emacs.d/init.d/security/iar-utf8-scrub.el (source)...
Loading /root/.emacs.d/init.d/tools/filesystem/list_directory.el (source)...
Loading /root/.emacs.d/init.d/tools/filesystem/read_file.el (source)...
Loading /root/.emacs.d/init.d/tools/filesystem/write_file.el (source)...
Loading /root/.emacs.d/init.d/tools/filesystem/append_file.el (source)...
Loading /root/.emacs.d/init.d/tools/code/execute_code_local.el (source)...
Loading /root/.emacs.d/init.d/tools/code/execute_code_remote.el (source)...
Loading /root/.emacs.d/init.d/tools/code/check_elisp.el (source)...
Loading /root/.emacs.d/init.d/tools/tasks/read_task.el (source)...
Loading /root/.emacs.d/init.d/tools/tasks/create_task.el (source)...
Loading /root/.emacs.d/init.d/tools/tasks/write_subtask.el (source)...
Loading /root/.emacs.d/init.d/tools/tasks/remove_task.el (source)...
Loading /root/.emacs.d/init.d/tools/tasks/read_history.el (source)...
Loading /root/.emacs.d/init.d/tools/tasks/read_roadmap.el (source)...
Loading /root/.emacs.d/init.d/tools/tasks/write_roadmap.el (source)...
Loading /root/.emacs.d/init.d/tools/notify/telegram.el (source)...
Loading /root/.emacs.d/init.d/tools/git/git_commit.el (source)...
Loading /root/.emacs.d/init.d/tools/knowledge/read_knowledge.el (source)...
Loading /root/.emacs.d/init.d/agent/iar-project-parser.el (source)...
Loading /root/.emacs.d/init.d/agent/iar-prompt-assembly.el (source)...
Loading /root/.emacs.d/init.d/agent/iar-agent-loader.el (source)...
Loading /root/.emacs.d/init.d/agent/iar-knowledge-loader.el (source)...
Loading /root/.emacs.d/init.d/agent/iar-buffer-info.el (source)...
Loading /root/.emacs.d/init.d/tools/agent/delegate.el (source)...
Loading /root/.emacs.d/init.d/tools/agent/reload_os.el (source)...
Loading /root/.emacs.d/init.d/tools/agent/reload_agent.el (source)...
Loading /root/.emacs.d/init.d/tools/agent/read_own_prompt.el (source)...
Loading /root/.emacs.d/init.d/agent/iar-guidelines-checker.el (source)...
Loading /root/.emacs.d/init.d/agent/iar-agent-cycle.el (source)...
Loading /root/.emacs.d/init.d/debug/iar-status-mode.el (source)...
[status-mode] Installed
Loading /root/.emacs.d/init.d/session/iar-quit.el (source)...
[aria] Starting cycle with 3600s timeout (archetype: aria-cycle, project: iar, cycle: aria_daily)
[aria] Assembled prompt: 46653 chars (~11663 tokens), 21 tools
[aria] Sending cycle prompt to aria agent...
Querying Ollama...
[aria] Same-tool warning: 100 calls to execute_code_local this cycle -- one call blocked with notice
[aria] Tool-call budget warning (150/300) -- one call blocked with notice
[aria] Cycle complete. Turns: 1, Tool calls: 186, Exit: 0
Tokens: 16581290 in / 57435 out / 16638725 total
Requests: 187
[0;32m[INF][2026-09-12 18:12:57][0m Cycle 1 succeeded in 1232s (exit 0)

[0;34m[INF][2026-09-12 18:22:15][0m --- Cycle 1/1 ---
Already up to date.
============================================
  Preflight Mount Audit — Emacboros
  2026-09-12T21:22:16Z
============================================

--- Phase 1: /proc/mounts scan ---

--- Phase 2: Writability tests ---
[0;32m[PASS][0m /root/.emacs.d/.git/hooks — does not exist
[0;32m[PASS][0m /var/run/docker.sock — does not exist
[0;32m[PASS][0m /etc/cron.d — does not exist
[0;32m[PASS][0m /var/spool/cron — does not exist
[0;32m[PASS][0m /etc/systemd/system — directory is read-only
[0;32m[PASS][0m /etc/systemd — directory is read-only

--- Phase 3: Capability audit ---
[0;32m[PASS][0m CAP_DAC_OVERRIDE (bit 1) is not set — can bypass file read/write/execute permissions
[0;32m[PASS][0m CAP_SYS_ADMIN (bit 21) is not set — broad system administration (mount, namespaces, etc.)
[0;32m[PASS][0m CAP_SETUID (bit 7) is not set — can change process UID
[0;32m[PASS][0m CAP_SETGID (bit 6) is not set — can change process GID
[0;32m[PASS][0m CAP_MKNOD (bit 27) is not set — can create special device files
[0;32m[PASS][0m CAP_NET_RAW (bit 13) is SET (expected) — can create raw network sockets (needed for nmap/traceroute)
[0;32m[PASS][0m CAP_NET_BIND_SERVICE (bit 10) is SET (expected) — can bind to ports < 1024
[0;32m[PASS][0m CAP_FOWNER (bit 3) is not set — can bypass file ownership checks
[0;32m[PASS][0m CAP_SETFCAP (bit 31) is not set — can set file capabilities

--- Phase 4: Host mount audit ---
Writable real-filesystem mounts:
[0;33m[WARN][0m Host mount: /sys/kernel/security (securityfs, rw,nosuid,nodev,noexec,relatime)
[0;33m[WARN][0m Host mount: /sys/fs/cgroup (cgroup2, rw,seclabel,nosuid,nodev,noexec,relatime,nsdelegate,memory_recursiveprot,memory_hugetlb_accounting)
[0;33m[WARN][0m Host mount: /sys/fs/pstore (pstore, rw,seclabel,nosuid,nodev,noexec,relatime)
[0;33m[WARN][0m Host mount: /sys/firmware/efi/efivars (efivarfs, rw,nosuid,nodev,noexec,relatime)
[0;33m[WARN][0m Host mount: /sys/fs/bpf (bpf, rw,nosuid,nodev,noexec,relatime,mode=700)
[0;33m[WARN][0m Host mount: /sys/kernel/config (configfs, rw,nosuid,nodev,noexec,relatime)
[0;33m[WARN][0m Host mount: /sys/fs/selinux (selinuxfs, rw,nosuid,noexec,relatime)
[0;33m[WARN][0m Host mount: /sys/fs/fuse/connections (fusectl, rw,nosuid,nodev,noexec,relatime)
[0;33m[WARN][0m Host mount: /sys/kernel/debug (debugfs, rw,seclabel,nosuid,nodev,noexec,relatime)
[0;33m[WARN][0m Host mount: /sys/kernel/debug/tracing (tracefs, rw,seclabel,nosuid,nodev,noexec,relatime)
[0;33m[WARN][0m Host mount: /sys/kernel/tracing (tracefs, rw,seclabel,nosuid,nodev,noexec,relatime)
[0;33m[WARN][0m Host mount: /root/.emacs.d (btrfs, rw,seclabel,relatime,compress=zstd:1,ssd,discard=async,space_cache=v2,subvolid=256,subvol=/root)
[0;33m[WARN][0m Host mount: /root/i.ar (btrfs, rw,seclabel,relatime,compress=zstd:1,ssd,discard=async,space_cache=v2,subvolid=256,subvol=/root)
[0;33m[WARN][0m Host mount: /root/personalization (btrfs, rw,seclabel,relatime,compress=zstd:1,ssd,discard=async,space_cache=v2,subvolid=256,subvol=/root)
[0;33m[WARN][0m Host mount: /root/.emacs.d/metaconfig (btrfs, rw,seclabel,relatime,compress=zstd:1,ssd,discard=async,space_cache=v2,subvolid=256,subvol=/root)
[0;33m[WARN][0m Host mount: /root/i.ar/prompts (btrfs, rw,seclabel,relatime,compress=zstd:1,ssd,discard=async,space_cache=v2,subvolid=256,subvol=/root)
[0;33m[WARN][0m Host mount: /root/.emacs.d/gptel-fork (btrfs, rw,seclabel,relatime,compress=zstd:1,ssd,discard=async,space_cache=v2,subvolid=256,subvol=/root)

============================================
[0;32m  PREFLIGHT PASSED[0m
============================================
Loading /root/.emacs.d/configs/paths.el (source)...
Loading /root/.emacs.d/configs/predicates.el (source)...
Loading /root/.emacs.d/configs/keybindings.el (source)...
Loading /root/.emacs.d/configs/delimiters.el (source)...
Loading /root/.emacs.d/configs/git.el (source)...
Loading /root/.emacs.d/configs/fork.el (source)...
Loading /root/.emacs.d/configs/delegate.el (source)...
Loading /root/.emacs.d/configs/cycle.el (source)...
Loading /root/.emacs.d/configs/loop-guard.el (source)...
Loading /root/.emacs.d/configs/memory.el (source)...
Loading /root/.emacs.d/configs/file-guard.el (source)...
Loading /root/.emacs.d/configs/tool-limits.el (source)...
Loading /root/.emacs.d/configs/tasks.el (source)...
Loading /root/.emacs.d/configs/mcp.el (source)...
Loading /root/.emacs.d/init.d/shared/iar-utils.el (source)...
Loading /root/.emacs.d/init.d/shared/iar-agent-utils.el (source)...
Loading /root/.emacs.d/init.d/core/iar-locale.el (source)...
Loading /root/.emacs.d/init.d/core/iar-package-setup.el (source)...
Loading /root/.emacs.d/init.d/core/iar-ui-cleanup.el (source)...
Loading /root/.emacs.d/init.d/core/iar-evil-mode.el (source)...
Loading /root/.emacs.d/init.d/core/iar-gptel-setup.el (source)...
[gptel] Using fork from /root/.emacs.d/gptel-fork (overriding ELPA package)
Loading /root/.emacs.d/configs/gptel.el (source)...
Loading /root/.emacs.d/init.d/core/iar-mcp-setup.el (source)...
Loading /root/.emacs.d/init.d/tool-call/iar-malformed-args.el (source)...
Loading /root/.emacs.d/init.d/tool-call/iar-tool-call.el (source)...
[tool-call] Layer installed
Loading /root/.emacs.d/init.d/tool-call/iar-tool-result-timestamp.el (source)...
Loading /root/.emacs.d/init.d/tool-call/iar-tool-result-budget.el (source)...
Loading /root/.emacs.d/init.d/tool-call/iar-request-log.el (source)...
[request-log] Witness installed
Loading /root/.emacs.d/init.d/tool-call/iar-context-fence.el (source)...
Loading /root/.emacs.d/init.d/tool-call/iar-msgs-fence.el (source)...
Loading /root/.emacs.d/init.d/tool-call/iar-request-watchdog.el (source)...
[watchdog] Request watchdog installed
Loading /root/.emacs.d/init.d/tool-call/iar-text-mode-detector.el (source)...
Loading /root/.emacs.d/init.d/agent/iar-prompt-loader.el (source)...
Loading /root/.emacs.d/init.d/core/iar-mount-awareness.el (source)...
Loading /root/.emacs.d/init.d/core/iar-rate-limit.el (source)...
Loading /root/.emacs.d/init.d/security/iar-output-sanitizer.el (source)...
Loading /root/.emacs.d/init.d/security/iar-file-guard.el (source)...
Loading /root/.emacs.d/init.d/security/iar-audit-log.el (source)...
Loading /root/.emacs.d/init.d/security/iar-loop-guard.el (source)...
Loading /root/.emacs.d/init.d/security/iar-loop-guard-chain.el (source)...
Loading /root/.emacs.d/init.d/security/iar-tool-guard.el (source)...
Loading /root/.emacs.d/init.d/security/iar-utf8-scrub.el (source)...
Loading /root/.emacs.d/init.d/tools/filesystem/list_directory.el (source)...
Loading /root/.emacs.d/init.d/tools/filesystem/read_file.el (source)...
Loading /root/.emacs.d/init.d/tools/filesystem/write_file.el (source)...
Loading /root/.emacs.d/init.d/tools/filesystem/append_file.el (source)...
Loading /root/.emacs.d/init.d/tools/code/execute_code_local.el (source)...
Loading /root/.emacs.d/init.d/tools/code/execute_code_remote.el (source)...
Loading /root/.emacs.d/init.d/tools/code/check_elisp.el (source)...
Loading /root/.emacs.d/init.d/tools/tasks/read_task.el (source)...
Loading /root/.emacs.d/init.d/tools/tasks/create_task.el (source)...
Loading /root/.emacs.d/init.d/tools/tasks/write_subtask.el (source)...
Loading /root/.emacs.d/init.d/tools/tasks/remove_task.el (source)...
Loading /root/.emacs.d/init.d/tools/tasks/read_history.el (source)...
Loading /root/.emacs.d/init.d/tools/tasks/read_roadmap.el (source)...
Loading /root/.emacs.d/init.d/tools/tasks/write_roadmap.el (source)...
Loading /root/.emacs.d/init.d/tools/notify/telegram.el (source)...
Loading /root/.emacs.d/init.d/tools/git/git_commit.el (source)...
Loading /root/.emacs.d/init.d/tools/knowledge/read_knowledge.el (source)...
Loading /root/.emacs.d/init.d/agent/iar-project-parser.el (source)...
Loading /root/.emacs.d/init.d/agent/iar-prompt-assembly.el (source)...
Loading /root/.emacs.d/init.d/agent/iar-agent-loader.el (source)...
Loading /root/.emacs.d/init.d/agent/iar-knowledge-loader.el (source)...
Loading /root/.emacs.d/init.d/agent/iar-buffer-info.el (source)...
Loading /root/.emacs.d/init.d/tools/agent/delegate.el (source)...
Loading /root/.emacs.d/init.d/tools/agent/reload_os.el (source)...
Loading /root/.emacs.d/init.d/tools/agent/reload_agent.el (source)...
Loading /root/.emacs.d/init.d/tools/agent/read_own_prompt.el (source)...
Loading /root/.emacs.d/init.d/agent/iar-guidelines-checker.el (source)...
Loading /root/.emacs.d/init.d/agent/iar-agent-cycle.el (source)...
Loading /root/.emacs.d/init.d/debug/iar-status-mode.el (source)...
[status-mode] Installed
Loading /root/.emacs.d/init.d/session/iar-quit.el (source)...
[aria] Starting cycle with 3600s timeout (archetype: aria-cycle, project: iar, cycle: aria_daily)
[aria] Assembled prompt: 47453 chars (~11863 tokens), 21 tools
[aria] Sending cycle prompt to aria agent...
Querying Ollama...
[loop-guard-chain] SOFT BLOCK: execute_code_local chained 10 times
[loop-guard-chain] SOFT BLOCK: execute_code_local chained 11 times
[aria] Same-tool warning: 100 calls to execute_code_local this cycle -- one call blocked with notice
[aria] Tool-call budget warning (150/300) -- one call blocked with notice
[aria] Cycle complete. Turns: 1, Tool calls: 182, Exit: 0
Tokens: 16432419 in / 47995 out / 16480414 total
Requests: 183
[0;32m[INF][2026-09-12 18:39:21][0m Cycle 1 succeeded in 1026s (exit 0)

[0;34m[INF][2026-09-12 18:43:45][0m --- Cycle 1/1 ---
Already up to date.
============================================
  Preflight Mount Audit — Emacboros
  2026-09-12T21:43:46Z
============================================

--- Phase 1: /proc/mounts scan ---

--- Phase 2: Writability tests ---
[0;32m[PASS][0m /root/.emacs.d/.git/hooks — does not exist
[0;32m[PASS][0m /var/run/docker.sock — does not exist
[0;32m[PASS][0m /etc/cron.d — does not exist
[0;32m[PASS][0m /var/spool/cron — does not exist
[0;32m[PASS][0m /etc/systemd/system — directory is read-only
[0;32m[PASS][0m /etc/systemd — directory is read-only

--- Phase 3: Capability audit ---
[0;32m[PASS][0m CAP_DAC_OVERRIDE (bit 1) is not set — can bypass file read/write/execute permissions
[0;32m[PASS][0m CAP_SYS_ADMIN (bit 21) is not set — broad system administration (mount, namespaces, etc.)
[0;32m[PASS][0m CAP_SETUID (bit 7) is not set — can change process UID
[0;32m[PASS][0m CAP_SETGID (bit 6) is not set — can change process GID
[0;32m[PASS][0m CAP_MKNOD (bit 27) is not set — can create special device files
[0;32m[PASS][0m CAP_NET_RAW (bit 13) is SET (expected) — can create raw network sockets (needed for nmap/traceroute)
[0;32m[PASS][0m CAP_NET_BIND_SERVICE (bit 10) is SET (expected) — can bind to ports < 1024
[0;32m[PASS][0m CAP_FOWNER (bit 3) is not set — can bypass file ownership checks
[0;32m[PASS][0m CAP_SETFCAP (bit 31) is not set — can set file capabilities

--- Phase 4: Host mount audit ---
Writable real-filesystem mounts:
[0;33m[WARN][0m Host mount: /sys/kernel/security (securityfs, rw,nosuid,nodev,noexec,relatime)
[0;33m[WARN][0m Host mount: /sys/fs/cgroup (cgroup2, rw,seclabel,nosuid,nodev,noexec,relatime,nsdelegate,memory_recursiveprot,memory_hugetlb_accounting)
[0;33m[WARN][0m Host mount: /sys/fs/pstore (pstore, rw,seclabel,nosuid,nodev,noexec,relatime)
[0;33m[WARN][0m Host mount: /sys/firmware/efi/efivars (efivarfs, rw,nosuid,nodev,noexec,relatime)
[0;33m[WARN][0m Host mount: /sys/fs/bpf (bpf, rw,nosuid,nodev,noexec,relatime,mode=700)
[0;33m[WARN][0m Host mount: /sys/kernel/config (configfs, rw,nosuid,nodev,noexec,relatime)
[0;33m[WARN][0m Host mount: /sys/fs/selinux (selinuxfs, rw,nosuid,noexec,relatime)
[0;33m[WARN][0m Host mount: /sys/fs/fuse/connections (fusectl, rw,nosuid,nodev,noexec,relatime)
[0;33m[WARN][0m Host mount: /sys/kernel/debug (debugfs, rw,seclabel,nosuid,nodev,noexec,relatime)
[0;33m[WARN][0m Host mount: /sys/kernel/debug/tracing (tracefs, rw,seclabel,nosuid,nodev,noexec,relatime)
[0;33m[WARN][0m Host mount: /sys/kernel/tracing (tracefs, rw,seclabel,nosuid,nodev,noexec,relatime)
[0;33m[WARN][0m Host mount: /root/.emacs.d (btrfs, rw,seclabel,relatime,compress=zstd:1,ssd,discard=async,space_cache=v2,subvolid=256,subvol=/root)
[0;33m[WARN][0m Host mount: /root/i.ar (btrfs, rw,seclabel,relatime,compress=zstd:1,ssd,discard=async,space_cache=v2,subvolid=256,subvol=/root)
[0;33m[WARN][0m Host mount: /root/personalization (btrfs, rw,seclabel,relatime,compress=zstd:1,ssd,discard=async,space_cache=v2,subvolid=256,subvol=/root)
[0;33m[WARN][0m Host mount: /root/i.ar/prompts (btrfs, rw,seclabel,relatime,compress=zstd:1,ssd,discard=async,space_cache=v2,subvolid=256,subvol=/root)
[0;33m[WARN][0m Host mount: /root/.emacs.d/gptel-fork (btrfs, rw,seclabel,relatime,compress=zstd:1,ssd,discard=async,space_cache=v2,subvolid=256,subvol=/root)
[0;33m[WARN][0m Host mount: /root/.emacs.d/metaconfig (btrfs, rw,seclabel,relatime,compress=zstd:1,ssd,discard=async,space_cache=v2,subvolid=256,subvol=/root)

============================================
[0;32m  PREFLIGHT PASSED[0m
============================================
Loading /root/.emacs.d/configs/paths.el (source)...
Loading /root/.emacs.d/configs/predicates.el (source)...
Loading /root/.emacs.d/configs/keybindings.el (source)...
Loading /root/.emacs.d/configs/delimiters.el (source)...
Loading /root/.emacs.d/configs/git.el (source)...
Loading /root/.emacs.d/configs/fork.el (source)...
Loading /root/.emacs.d/configs/delegate.el (source)...
Loading /root/.emacs.d/configs/cycle.el (source)...
Loading /root/.emacs.d/configs/loop-guard.el (source)...
Loading /root/.emacs.d/configs/memory.el (source)...
Loading /root/.emacs.d/configs/file-guard.el (source)...
Loading /root/.emacs.d/configs/tool-limits.el (source)...
Loading /root/.emacs.d/configs/tasks.el (source)...
Loading /root/.emacs.d/configs/mcp.el (source)...
Loading /root/.emacs.d/init.d/shared/iar-utils.el (source)...
Loading /root/.emacs.d/init.d/shared/iar-agent-utils.el (source)...
Loading /root/.emacs.d/init.d/core/iar-locale.el (source)...
Loading /root/.emacs.d/init.d/core/iar-package-setup.el (source)...
Loading /root/.emacs.d/init.d/core/iar-ui-cleanup.el (source)...
Loading /root/.emacs.d/init.d/core/iar-evil-mode.el (source)...
Loading /root/.emacs.d/init.d/core/iar-gptel-setup.el (source)...
[gptel] Using fork from /root/.emacs.d/gptel-fork (overriding ELPA package)
Loading /root/.emacs.d/configs/gptel.el (source)...
Loading /root/.emacs.d/init.d/core/iar-mcp-setup.el (source)...
Loading /root/.emacs.d/init.d/tool-call/iar-malformed-args.el (source)...
Loading /root/.emacs.d/init.d/tool-call/iar-tool-call.el (source)...
[tool-call] Layer installed
Loading /root/.emacs.d/init.d/tool-call/iar-tool-result-timestamp.el (source)...
Loading /root/.emacs.d/init.d/tool-call/iar-tool-result-budget.el (source)...
Loading /root/.emacs.d/init.d/tool-call/iar-request-log.el (source)...
[request-log] Witness installed
Loading /root/.emacs.d/init.d/tool-call/iar-context-fence.el (source)...
Loading /root/.emacs.d/init.d/tool-call/iar-msgs-fence.el (source)...
Loading /root/.emacs.d/init.d/tool-call/iar-request-watchdog.el (source)...
[watchdog] Request watchdog installed
Loading /root/.emacs.d/init.d/tool-call/iar-text-mode-detector.el (source)...
Loading /root/.emacs.d/init.d/agent/iar-prompt-loader.el (source)...
Loading /root/.emacs.d/init.d/core/iar-mount-awareness.el (source)...
Loading /root/.emacs.d/init.d/core/iar-rate-limit.el (source)...
Loading /root/.emacs.d/init.d/security/iar-output-sanitizer.el (source)...
Loading /root/.emacs.d/init.d/security/iar-file-guard.el (source)...
Loading /root/.emacs.d/init.d/security/iar-audit-log.el (source)...
Loading /root/.emacs.d/init.d/security/iar-loop-guard.el (source)...
Loading /root/.emacs.d/init.d/security/iar-loop-guard-chain.el (source)...
Loading /root/.emacs.d/init.d/security/iar-tool-guard.el (source)...
Loading /root/.emacs.d/init.d/security/iar-utf8-scrub.el (source)...
Loading /root/.emacs.d/init.d/tools/filesystem/list_directory.el (source)...
Loading /root/.emacs.d/init.d/tools/filesystem/read_file.el (source)...
Loading /root/.emacs.d/init.d/tools/filesystem/write_file.el (source)...
Loading /root/.emacs.d/init.d/tools/filesystem/append_file.el (source)...
Loading /root/.emacs.d/init.d/tools/code/execute_code_local.el (source)...
Loading /root/.emacs.d/init.d/tools/code/execute_code_remote.el (source)...
Loading /root/.emacs.d/init.d/tools/code/check_elisp.el (source)...
Loading /root/.emacs.d/init.d/tools/tasks/read_task.el (source)...
Loading /root/.emacs.d/init.d/tools/tasks/create_task.el (source)...
Loading /root/.emacs.d/init.d/tools/tasks/write_subtask.el (source)...
Loading /root/.emacs.d/init.d/tools/tasks/remove_task.el (source)...
Loading /root/.emacs.d/init.d/tools/tasks/read_history.el (source)...
Loading /root/.emacs.d/init.d/tools/tasks/read_roadmap.el (source)...
Loading /root/.emacs.d/init.d/tools/tasks/write_roadmap.el (source)...
Loading /root/.emacs.d/init.d/tools/notify/telegram.el (source)...
Loading /root/.emacs.d/init.d/tools/git/git_commit.el (source)...
Loading /root/.emacs.d/init.d/tools/knowledge/read_knowledge.el (source)...
Loading /root/.emacs.d/init.d/agent/iar-project-parser.el (source)...
Loading /root/.emacs.d/init.d/agent/iar-prompt-assembly.el (source)...
Loading /root/.emacs.d/init.d/agent/iar-agent-loader.el (source)...
Loading /root/.emacs.d/init.d/agent/iar-knowledge-loader.el (source)...
Loading /root/.emacs.d/init.d/agent/iar-buffer-info.el (source)...
Loading /root/.emacs.d/init.d/tools/agent/delegate.el (source)...
Loading /root/.emacs.d/init.d/tools/agent/reload_os.el (source)...
Loading /root/.emacs.d/init.d/tools/agent/reload_agent.el (source)...
Loading /root/.emacs.d/init.d/tools/agent/read_own_prompt.el (source)...
Loading /root/.emacs.d/init.d/agent/iar-guidelines-checker.el (source)...
Loading /root/.emacs.d/init.d/agent/iar-agent-cycle.el (source)...
Loading /root/.emacs.d/init.d/debug/iar-status-mode.el (source)...
[status-mode] Installed
Loading /root/.emacs.d/init.d/session/iar-quit.el (source)...
[aria] Starting cycle with 3600s timeout (archetype: aria-cycle, project: iar, cycle: aria_daily)
[assembly] DIGEST [iar/aria] 12060 chars (warn at 12000) -- injected full on every request; diet it
[aria] Assembled prompt: 47896 chars (~11974 tokens), 21 tools
[aria] Sending cycle prompt to aria agent...
Querying Ollama...
[loop-guard-chain] SOFT BLOCK: execute_code_local chained 10 times
[aria] Same-tool warning: 100 calls to execute_code_local this cycle -- one call blocked with notice
[loop-guard-chain] SOFT BLOCK: execute_code_local chained 10 times
[loop-guard-chain] SOFT BLOCK: execute_code_local chained 11 times
[loop-guard-chain] SOFT BLOCK: execute_code_local chained 12 times
[loop-guard-chain] SOFT BLOCK: execute_code_local chained 13 times
[aria] Tool-call budget warning (150/300) -- one call blocked with notice
[aria] Msgs soft cap warning (msgs 401 >= 400) -- one call blocked with notice
[aria] Msgs hard cap (601 msgs >= 600) -- blocking tool, demanding summary (block 1/5)
[aria] Tool-call soft cap (300) -- blocking tool, demanding summary (block 1/5)
[aria] Tool-call soft cap (300) -- blocking tool, demanding summary (block 2/5)
[aria] Tool-call soft cap (300) -- blocking tool, demanding summary (block 3/5)
[aria] Cycle complete. Turns: 1, Tool calls: 311, Exit: 0
Tokens: 25382700 in / 58703 out / 25441403 total
Requests: 312
[0;32m[INF][2026-09-12 19:05:52][0m Cycle 1 succeeded in 1327s (exit 0)

[0;34m[INF][2026-09-12 19:08:12][0m --- Cycle 1/1 ---
Already up to date.
============================================
  Preflight Mount Audit — Emacboros
  2026-09-12T22:08:13Z
============================================

--- Phase 1: /proc/mounts scan ---

--- Phase 2: Writability tests ---
[0;32m[PASS][0m /root/.emacs.d/.git/hooks — does not exist
[0;32m[PASS][0m /var/run/docker.sock — does not exist
[0;32m[PASS][0m /etc/cron.d — does not exist
[0;32m[PASS][0m /var/spool/cron — does not exist
[0;32m[PASS][0m /etc/systemd/system — directory is read-only
[0;32m[PASS][0m /etc/systemd — directory is read-only

--- Phase 3: Capability audit ---
[0;32m[PASS][0m CAP_DAC_OVERRIDE (bit 1) is not set — can bypass file read/write/execute permissions
[0;32m[PASS][0m CAP_SYS_ADMIN (bit 21) is not set — broad system administration (mount, namespaces, etc.)
[0;32m[PASS][0m CAP_SETUID (bit 7) is not set — can change process UID
[0;32m[PASS][0m CAP_SETGID (bit 6) is not set — can change process GID
[0;32m[PASS][0m CAP_MKNOD (bit 27) is not set — can create special device files
[0;32m[PASS][0m CAP_NET_RAW (bit 13) is SET (expected) — can create raw network sockets (needed for nmap/traceroute)
[0;32m[PASS][0m CAP_NET_BIND_SERVICE (bit 10) is SET (expected) — can bind to ports < 1024
[0;32m[PASS][0m CAP_FOWNER (bit 3) is not set — can bypass file ownership checks
[0;32m[PASS][0m CAP_SETFCAP (bit 31) is not set — can set file capabilities

--- Phase 4: Host mount audit ---
Writable real-filesystem mounts:
[0;33m[WARN][0m Host mount: /sys/kernel/security (securityfs, rw,nosuid,nodev,noexec,relatime)
[0;33m[WARN][0m Host mount: /sys/fs/cgroup (cgroup2, rw,seclabel,nosuid,nodev,noexec,relatime,nsdelegate,memory_recursiveprot,memory_hugetlb_accounting)
[0;33m[WARN][0m Host mount: /sys/fs/pstore (pstore, rw,seclabel,nosuid,nodev,noexec,relatime)
[0;33m[WARN][0m Host mount: /sys/firmware/efi/efivars (efivarfs, rw,nosuid,nodev,noexec,relatime)
[0;33m[WARN][0m Host mount: /sys/fs/bpf (bpf, rw,nosuid,nodev,noexec,relatime,mode=700)
[0;33m[WARN][0m Host mount: /sys/kernel/config (configfs, rw,nosuid,nodev,noexec,relatime)
[0;33m[WARN][0m Host mount: /sys/fs/selinux (selinuxfs, rw,nosuid,noexec,relatime)
[0;33m[WARN][0m Host mount: /sys/fs/fuse/connections (fusectl, rw,nosuid,nodev,noexec,relatime)
[0;33m[WARN][0m Host mount: /sys/kernel/debug (debugfs, rw,seclabel,nosuid,nodev,noexec,relatime)
[0;33m[WARN][0m Host mount: /sys/kernel/debug/tracing (tracefs, rw,seclabel,nosuid,nodev,noexec,relatime)
[0;33m[WARN][0m Host mount: /sys/kernel/tracing (tracefs, rw,seclabel,nosuid,nodev,noexec,relatime)
[0;33m[WARN][0m Host mount: /root/i.ar (btrfs, rw,seclabel,relatime,compress=zstd:1,ssd,discard=async,space_cache=v2,subvolid=256,subvol=/root)
[0;33m[WARN][0m Host mount: /root/personalization (btrfs, rw,seclabel,relatime,compress=zstd:1,ssd,discard=async,space_cache=v2,subvolid=256,subvol=/root)
[0;33m[WARN][0m Host mount: /root/.emacs.d (btrfs, rw,seclabel,relatime,compress=zstd:1,ssd,discard=async,space_cache=v2,subvolid=256,subvol=/root)
[0;33m[WARN][0m Host mount: /root/.emacs.d/metaconfig (btrfs, rw,seclabel,relatime,compress=zstd:1,ssd,discard=async,space_cache=v2,subvolid=256,subvol=/root)
[0;33m[WARN][0m Host mount: /root/.emacs.d/gptel-fork (btrfs, rw,seclabel,relatime,compress=zstd:1,ssd,discard=async,space_cache=v2,subvolid=256,subvol=/root)
[0;33m[WARN][0m Host mount: /root/i.ar/prompts (btrfs, rw,seclabel,relatime,compress=zstd:1,ssd,discard=async,space_cache=v2,subvolid=256,subvol=/root)

============================================
[0;32m  PREFLIGHT PASSED[0m
============================================
Loading /root/.emacs.d/configs/paths.el (source)...
Loading /root/.emacs.d/configs/predicates.el (source)...
Loading /root/.emacs.d/configs/keybindings.el (source)...
Loading /root/.emacs.d/configs/delimiters.el (source)...
Loading /root/.emacs.d/configs/git.el (source)...
Loading /root/.emacs.d/configs/fork.el (source)...
Loading /root/.emacs.d/configs/delegate.el (source)...
Loading /root/.emacs.d/configs/cycle.el (source)...
Loading /root/.emacs.d/configs/loop-guard.el (source)...
Loading /root/.emacs.d/configs/memory.el (source)...
Loading /root/.emacs.d/configs/file-guard.el (source)...
Loading /root/.emacs.d/configs/tool-limits.el (source)...
Loading /root/.emacs.d/configs/tasks.el (source)...
Loading /root/.emacs.d/configs/mcp.el (source)...
Loading /root/.emacs.d/init.d/shared/iar-utils.el (source)...
Loading /root/.emacs.d/init.d/shared/iar-agent-utils.el (source)...
Loading /root/.emacs.d/init.d/core/iar-locale.el (source)...
Loading /root/.emacs.d/init.d/core/iar-package-setup.el (source)...
Loading /root/.emacs.d/init.d/core/iar-ui-cleanup.el (source)...
Loading /root/.emacs.d/init.d/core/iar-evil-mode.el (source)...
Loading /root/.emacs.d/init.d/core/iar-gptel-setup.el (source)...
[gptel] Using fork from /root/.emacs.d/gptel-fork (overriding ELPA package)
Loading /root/.emacs.d/configs/gptel.el (source)...
Loading /root/.emacs.d/init.d/core/iar-mcp-setup.el (source)...
Loading /root/.emacs.d/init.d/tool-call/iar-malformed-args.el (source)...
Loading /root/.emacs.d/init.d/tool-call/iar-tool-call.el (source)...
[tool-call] Layer installed
Loading /root/.emacs.d/init.d/tool-call/iar-tool-result-timestamp.el (source)...
Loading /root/.emacs.d/init.d/tool-call/iar-tool-result-budget.el (source)...
Loading /root/.emacs.d/init.d/tool-call/iar-request-log.el (source)...
[request-log] Witness installed
Loading /root/.emacs.d/init.d/tool-call/iar-context-fence.el (source)...
Loading /root/.emacs.d/init.d/tool-call/iar-msgs-fence.el (source)...
Loading /root/.emacs.d/init.d/tool-call/iar-request-watchdog.el (source)...
[watchdog] Request watchdog installed
Loading /root/.emacs.d/init.d/tool-call/iar-text-mode-detector.el (source)...
Loading /root/.emacs.d/init.d/agent/iar-prompt-loader.el (source)...
Loading /root/.emacs.d/init.d/core/iar-mount-awareness.el (source)...
Loading /root/.emacs.d/init.d/core/iar-rate-limit.el (source)...
Loading /root/.emacs.d/init.d/security/iar-output-sanitizer.el (source)...
Loading /root/.emacs.d/init.d/security/iar-file-guard.el (source)...
Loading /root/.emacs.d/init.d/security/iar-audit-log.el (source)...
Loading /root/.emacs.d/init.d/security/iar-loop-guard.el (source)...
Loading /root/.emacs.d/init.d/security/iar-loop-guard-chain.el (source)...
Loading /root/.emacs.d/init.d/security/iar-tool-guard.el (source)...
Loading /root/.emacs.d/init.d/security/iar-utf8-scrub.el (source)...
Loading /root/.emacs.d/init.d/tools/filesystem/list_directory.el (source)...
Loading /root/.emacs.d/init.d/tools/filesystem/read_file.el (source)...
Loading /root/.emacs.d/init.d/tools/filesystem/write_file.el (source)...
Loading /root/.emacs.d/init.d/tools/filesystem/append_file.el (source)...
Loading /root/.emacs.d/init.d/tools/code/execute_code_local.el (source)...
Loading /root/.emacs.d/init.d/tools/code/execute_code_remote.el (source)...
Loading /root/.emacs.d/init.d/tools/code/check_elisp.el (source)...
Loading /root/.emacs.d/init.d/tools/tasks/read_task.el (source)...
Loading /root/.emacs.d/init.d/tools/tasks/create_task.el (source)...
Loading /root/.emacs.d/init.d/tools/tasks/write_subtask.el (source)...
Loading /root/.emacs.d/init.d/tools/tasks/remove_task.el (source)...
Loading /root/.emacs.d/init.d/tools/tasks/read_history.el (source)...
Loading /root/.emacs.d/init.d/tools/tasks/read_roadmap.el (source)...
Loading /root/.emacs.d/init.d/tools/tasks/write_roadmap.el (source)...
Loading /root/.emacs.d/init.d/tools/notify/telegram.el (source)...
Loading /root/.emacs.d/init.d/tools/git/git_commit.el (source)...
Loading /root/.emacs.d/init.d/tools/knowledge/read_knowledge.el (source)...
Loading /root/.emacs.d/init.d/agent/iar-project-parser.el (source)...
Loading /root/.emacs.d/init.d/agent/iar-prompt-assembly.el (source)...
Loading /root/.emacs.d/init.d/agent/iar-agent-loader.el (source)...
Loading /root/.emacs.d/init.d/agent/iar-knowledge-loader.el (source)...
Loading /root/.emacs.d/init.d/agent/iar-buffer-info.el (source)...
Loading /root/.emacs.d/init.d/tools/agent/delegate.el (source)...
Loading /root/.emacs.d/init.d/tools/agent/reload_os.el (source)...
Loading /root/.emacs.d/init.d/tools/agent/reload_agent.el (source)...
Loading /root/.emacs.d/init.d/tools/agent/read_own_prompt.el (source)...
Loading /root/.emacs.d/init.d/agent/iar-guidelines-checker.el (source)...
Loading /root/.emacs.d/init.d/agent/iar-agent-cycle.el (source)...
Loading /root/.emacs.d/init.d/debug/iar-status-mode.el (source)...
[status-mode] Installed
Loading /root/.emacs.d/init.d/session/iar-quit.el (source)...
[aria] Starting cycle with 3600s timeout (archetype: aria-cycle, project: iar, cycle: aria_daily)
[assembly] DIGEST [iar/aria] 12060 chars (warn at 12000) -- injected full on every request; diet it
[aria] Assembled prompt: 47970 chars (~11992 tokens), 21 tools
[aria] Sending cycle prompt to aria agent...
Querying Ollama...
[loop-guard-chain] SOFT BLOCK: execute_code_local chained 10 times
[loop-guard-chain] SOFT BLOCK: execute_code_local chained 10 times
[loop-guard-chain] SOFT BLOCK: execute_code_local chained 10 times
[loop-guard-chain] SOFT BLOCK: execute_code_local chained 10 times
[loop-guard-chain] SOFT BLOCK: execute_code_local chained 11 times
[loop-guard-chain] SOFT BLOCK: execute_code_local chained 12 times
[loop-guard-chain] SOFT BLOCK: execute_code_local chained 10 times
[loop-guard-chain] SOFT BLOCK: execute_code_local chained 11 times
[loop-guard-chain] SOFT BLOCK: execute_code_local chained 12 times
[loop-guard-chain] SOFT BLOCK: execute_code_local chained 12 times
[aria] Same-tool warning: 100 calls to execute_code_local this cycle -- one call blocked with notice
[loop-guard-chain] SOFT BLOCK: execute_code_local chained 10 times
[loop-guard-chain] SOFT BLOCK: execute_code_local chained 10 times
[loop-guard-chain] SOFT BLOCK: execute_code_local chained 10 times
[aria] Tool-call budget warning (150/300) -- one call blocked with notice
[loop-guard-chain] SOFT BLOCK: execute_code_local chained 10 times
[loop-guard-chain] SOFT BLOCK: execute_code_local chained 10 times
[loop-guard-chain] SOFT BLOCK: execute_code_local chained 10 times
[loop-guard-chain] SOFT BLOCK: execute_code_local chained 10 times
[loop-guard-chain] SOFT BLOCK: execute_code_local chained 10 times
[aria] Msgs soft cap warning (msgs 401 >= 400) -- one call blocked with notice
[loop-guard-chain] SOFT BLOCK: execute_code_local chained 10 times
[loop-guard-chain] SOFT BLOCK: execute_code_local chained 10 times
[loop-guard-chain] SOFT BLOCK: execute_code_local chained 10 times
[loop-guard-chain] SOFT BLOCK: execute_code_local chained 11 times
[loop-guard-chain] SOFT BLOCK: execute_code_local chained 12 times
[loop-guard-chain] SOFT BLOCK: execute_code_local chained 13 times
[loop-guard-chain] SOFT BLOCK: execute_code_local chained 14 times
[loop-guard-chain] SOFT BLOCK: execute_code_local chained 15 times
[loop-guard-chain] SOFT BLOCK: execute_code_local chained 16 times
[loop-guard-chain] SOFT BLOCK: execute_code_local chained 17 times
[loop-guard-chain] SOFT BLOCK: execute_code_local chained 18 times
[loop-guard-chain] SOFT BLOCK: execute_code_local chained 19 times
[loop-guard-chain] HARD STOP: execute_code_local chained 20 times
Ollama error: (Stopped by hook) CHAIN HARD STOP: agent called execute_code_local 20 times in a row (same tool,
different arguments each time -- an iterator pattern).
A chain warning was already issued and ignored. The pattern burns
tokens without converging. Stopping to prevent resource waste.
Querying Ollama...
[aria] Cycle timed out after 3600s -- requesting summary (grace 120s)
Querying Ollama...
[aria] Cycle complete. Turns: 2, Tool calls: 258, Exit: 0
Tokens: 26313447 in / 99210 out / 26412657 total
Requests: 260
[0;32m[INF][2026-09-12 20:09:35][0m Cycle 1 succeeded in 3683s (exit 0)

[0;34m[INF][2026-09-12 20:17:48][0m --- Cycle 1/1 ---
Already up to date.
============================================
  Preflight Mount Audit — Emacboros
  2026-09-12T23:17:49Z
============================================

--- Phase 1: /proc/mounts scan ---

--- Phase 2: Writability tests ---
[0;32m[PASS][0m /root/.emacs.d/.git/hooks — does not exist
[0;32m[PASS][0m /var/run/docker.sock — does not exist
[0;32m[PASS][0m /etc/cron.d — does not exist
[0;32m[PASS][0m /var/spool/cron — does not exist
[0;32m[PASS][0m /etc/systemd/system — directory is read-only
[0;32m[PASS][0m /etc/systemd — directory is read-only

--- Phase 3: Capability audit ---
[0;32m[PASS][0m CAP_DAC_OVERRIDE (bit 1) is not set — can bypass file read/write/execute permissions
[0;32m[PASS][0m CAP_SYS_ADMIN (bit 21) is not set — broad system administration (mount, namespaces, etc.)
[0;32m[PASS][0m CAP_SETUID (bit 7) is not set — can change process UID
[0;32m[PASS][0m CAP_SETGID (bit 6) is not set — can change process GID
[0;32m[PASS][0m CAP_MKNOD (bit 27) is not set — can create special device files
[0;32m[PASS][0m CAP_NET_RAW (bit 13) is SET (expected) — can create raw network sockets (needed for nmap/traceroute)
[0;32m[PASS][0m CAP_NET_BIND_SERVICE (bit 10) is SET (expected) — can bind to ports < 1024
[0;32m[PASS][0m CAP_FOWNER (bit 3) is not set — can bypass file ownership checks
[0;32m[PASS][0m CAP_SETFCAP (bit 31) is not set — can set file capabilities

--- Phase 4: Host mount audit ---
Writable real-filesystem mounts:
[0;33m[WARN][0m Host mount: /sys/kernel/security (securityfs, rw,nosuid,nodev,noexec,relatime)
[0;33m[WARN][0m Host mount: /sys/fs/cgroup (cgroup2, rw,seclabel,nosuid,nodev,noexec,relatime,nsdelegate,memory_recursiveprot,memory_hugetlb_accounting)
[0;33m[WARN][0m Host mount: /sys/fs/pstore (pstore, rw,seclabel,nosuid,nodev,noexec,relatime)
[0;33m[WARN][0m Host mount: /sys/firmware/efi/efivars (efivarfs, rw,nosuid,nodev,noexec,relatime)
[0;33m[WARN][0m Host mount: /sys/fs/bpf (bpf, rw,nosuid,nodev,noexec,relatime,mode=700)
[0;33m[WARN][0m Host mount: /sys/kernel/config (configfs, rw,nosuid,nodev,noexec,relatime)
[0;33m[WARN][0m Host mount: /sys/fs/selinux (selinuxfs, rw,nosuid,noexec,relatime)
[0;33m[WARN][0m Host mount: /sys/fs/fuse/connections (fusectl, rw,nosuid,nodev,noexec,relatime)
[0;33m[WARN][0m Host mount: /sys/kernel/debug (debugfs, rw,seclabel,nosuid,nodev,noexec,relatime)
[0;33m[WARN][0m Host mount: /sys/kernel/debug/tracing (tracefs, rw,seclabel,nosuid,nodev,noexec,relatime)
[0;33m[WARN][0m Host mount: /sys/kernel/tracing (tracefs, rw,seclabel,nosuid,nodev,noexec,relatime)
[0;33m[WARN][0m Host mount: /root/i.ar (btrfs, rw,seclabel,relatime,compress=zstd:1,ssd,discard=async,space_cache=v2,subvolid=256,subvol=/root)
[0;33m[WARN][0m Host mount: /root/personalization (btrfs, rw,seclabel,relatime,compress=zstd:1,ssd,discard=async,space_cache=v2,subvolid=256,subvol=/root)
[0;33m[WARN][0m Host mount: /root/.emacs.d (btrfs, rw,seclabel,relatime,compress=zstd:1,ssd,discard=async,space_cache=v2,subvolid=256,subvol=/root)
[0;33m[WARN][0m Host mount: /root/i.ar/prompts (btrfs, rw,seclabel,relatime,compress=zstd:1,ssd,discard=async,space_cache=v2,subvolid=256,subvol=/root)
[0;33m[WARN][0m Host mount: /root/.emacs.d/gptel-fork (btrfs, rw,seclabel,relatime,compress=zstd:1,ssd,discard=async,space_cache=v2,subvolid=256,subvol=/root)
[0;33m[WARN][0m Host mount: /root/.emacs.d/metaconfig (btrfs, rw,seclabel,relatime,compress=zstd:1,ssd,discard=async,space_cache=v2,subvolid=256,subvol=/root)

============================================
[0;32m  PREFLIGHT PASSED[0m
============================================
Loading /root/.emacs.d/configs/paths.el (source)...
Loading /root/.emacs.d/configs/predicates.el (source)...
Loading /root/.emacs.d/configs/keybindings.el (source)...
Loading /root/.emacs.d/configs/delimiters.el (source)...
Loading /root/.emacs.d/configs/git.el (source)...
Loading /root/.emacs.d/configs/fork.el (source)...
Loading /root/.emacs.d/configs/delegate.el (source)...
Loading /root/.emacs.d/configs/cycle.el (source)...
Loading /root/.emacs.d/configs/loop-guard.el (source)...
Loading /root/.emacs.d/configs/memory.el (source)...
Loading /root/.emacs.d/configs/file-guard.el (source)...
Loading /root/.emacs.d/configs/tool-limits.el (source)...
Loading /root/.emacs.d/configs/tasks.el (source)...
Loading /root/.emacs.d/configs/mcp.el (source)...
Loading /root/.emacs.d/init.d/shared/iar-utils.el (source)...
Loading /root/.emacs.d/init.d/shared/iar-agent-utils.el (source)...
Loading /root/.emacs.d/init.d/core/iar-locale.el (source)...
Loading /root/.emacs.d/init.d/core/iar-package-setup.el (source)...
Loading /root/.emacs.d/init.d/core/iar-ui-cleanup.el (source)...
Loading /root/.emacs.d/init.d/core/iar-evil-mode.el (source)...
Loading /root/.emacs.d/init.d/core/iar-gptel-setup.el (source)...
[gptel] Using fork from /root/.emacs.d/gptel-fork (overriding ELPA package)
Loading /root/.emacs.d/configs/gptel.el (source)...
Loading /root/.emacs.d/init.d/core/iar-mcp-setup.el (source)...
Loading /root/.emacs.d/init.d/tool-call/iar-malformed-args.el (source)...
Loading /root/.emacs.d/init.d/tool-call/iar-tool-call.el (source)...
[tool-call] Layer installed
Loading /root/.emacs.d/init.d/tool-call/iar-tool-result-timestamp.el (source)...
Loading /root/.emacs.d/init.d/tool-call/iar-tool-result-budget.el (source)...
Loading /root/.emacs.d/init.d/tool-call/iar-request-log.el (source)...
[request-log] Witness installed
Loading /root/.emacs.d/init.d/tool-call/iar-context-fence.el (source)...
Loading /root/.emacs.d/init.d/tool-call/iar-msgs-fence.el (source)...
Loading /root/.emacs.d/init.d/tool-call/iar-request-watchdog.el (source)...
[watchdog] Request watchdog installed
Loading /root/.emacs.d/init.d/tool-call/iar-text-mode-detector.el (source)...
Loading /root/.emacs.d/init.d/agent/iar-prompt-loader.el (source)...
Loading /root/.emacs.d/init.d/core/iar-mount-awareness.el (source)...
Loading /root/.emacs.d/init.d/core/iar-rate-limit.el (source)...
Loading /root/.emacs.d/init.d/security/iar-output-sanitizer.el (source)...
Loading /root/.emacs.d/init.d/security/iar-file-guard.el (source)...
Loading /root/.emacs.d/init.d/security/iar-audit-log.el (source)...
Loading /root/.emacs.d/init.d/security/iar-loop-guard.el (source)...
Loading /root/.emacs.d/init.d/security/iar-loop-guard-chain.el (source)...
Loading /root/.emacs.d/init.d/security/iar-tool-guard.el (source)...
Loading /root/.emacs.d/init.d/security/iar-utf8-scrub.el (source)...
Loading /root/.emacs.d/init.d/tools/filesystem/list_directory.el (source)...
Loading /root/.emacs.d/init.d/tools/filesystem/read_file.el (source)...
Loading /root/.emacs.d/init.d/tools/filesystem/write_file.el (source)...
Loading /root/.emacs.d/init.d/tools/filesystem/append_file.el (source)...
Loading /root/.emacs.d/init.d/tools/code/execute_code_local.el (source)...
Loading /root/.emacs.d/init.d/tools/code/execute_code_remote.el (source)...
Loading /root/.emacs.d/init.d/tools/code/check_elisp.el (source)...
Loading /root/.emacs.d/init.d/tools/tasks/read_task.el (source)...
Loading /root/.emacs.d/init.d/tools/tasks/create_task.el (source)...
Loading /root/.emacs.d/init.d/tools/tasks/write_subtask.el (source)...
Loading /root/.emacs.d/init.d/tools/tasks/remove_task.el (source)...
Loading /root/.emacs.d/init.d/tools/tasks/read_history.el (source)...
Loading /root/.emacs.d/init.d/tools/tasks/read_roadmap.el (source)...
Loading /root/.emacs.d/init.d/tools/tasks/write_roadmap.el (source)...
Loading /root/.emacs.d/init.d/tools/notify/telegram.el (source)...
Loading /root/.emacs.d/init.d/tools/git/git_commit.el (source)...
Loading /root/.emacs.d/init.d/tools/knowledge/read_knowledge.el (source)...
Loading /root/.emacs.d/init.d/agent/iar-project-parser.el (source)...
Loading /root/.emacs.d/init.d/agent/iar-prompt-assembly.el (source)...
Loading /root/.emacs.d/init.d/agent/iar-agent-loader.el (source)...
Loading /root/.emacs.d/init.d/agent/iar-knowledge-loader.el (source)...
Loading /root/.emacs.d/init.d/agent/iar-buffer-info.el (source)...
Loading /root/.emacs.d/init.d/tools/agent/delegate.el (source)...
Loading /root/.emacs.d/init.d/tools/agent/reload_os.el (source)...
Loading /root/.emacs.d/init.d/tools/agent/reload_agent.el (source)...
Loading /root/.emacs.d/init.d/tools/agent/read_own_prompt.el (source)...
Loading /root/.emacs.d/init.d/agent/iar-guidelines-checker.el (source)...
Loading /root/.emacs.d/init.d/agent/iar-agent-cycle.el (source)...
Loading /root/.emacs.d/init.d/debug/iar-status-mode.el (source)...
[status-mode] Installed
Loading /root/.emacs.d/init.d/session/iar-quit.el (source)...
[aria] Starting cycle with 3600s timeout (archetype: aria-cycle, project: iar, cycle: aria_daily)
[assembly] DIGEST [iar/aria] 12060 chars (warn at 12000) -- injected full on every request; diet it
[aria] Assembled prompt: 48131 chars (~12032 tokens), 21 tools
[aria] Sending cycle prompt to aria agent...
Querying Ollama...
[aria] Same-tool warning: 100 calls to execute_code_local this cycle -- one call blocked with notice
[aria] Tool-call budget warning (150/300) -- one call blocked with notice
[aria] Msgs soft cap warning (msgs 401 >= 400) -- one call blocked with notice
[aria] Cycle complete. Turns: 1, Tool calls: 206, Exit: 0
Tokens: 14142261 in / 32858 out / 14175119 total
Requests: 207
[0;32m[INF][2026-09-12 20:30:25][0m Cycle 1 succeeded in 757s (exit 0)

[0;34m[INF][2026-09-12 20:34:03][0m --- Cycle 1/1 ---
Already up to date.
============================================
  Preflight Mount Audit — Emacboros
  2026-09-12T23:34:04Z
============================================

--- Phase 1: /proc/mounts scan ---

--- Phase 2: Writability tests ---
[0;32m[PASS][0m /root/.emacs.d/.git/hooks — does not exist
[0;32m[PASS][0m /var/run/docker.sock — does not exist
[0;32m[PASS][0m /etc/cron.d — does not exist
[0;32m[PASS][0m /var/spool/cron — does not exist
[0;32m[PASS][0m /etc/systemd/system — directory is read-only
[0;32m[PASS][0m /etc/systemd — directory is read-only

--- Phase 3: Capability audit ---
[0;32m[PASS][0m CAP_DAC_OVERRIDE (bit 1) is not set — can bypass file read/write/execute permissions
[0;32m[PASS][0m CAP_SYS_ADMIN (bit 21) is not set — broad system administration (mount, namespaces, etc.)
[0;32m[PASS][0m CAP_SETUID (bit 7) is not set — can change process UID
[0;32m[PASS][0m CAP_SETGID (bit 6) is not set — can change process GID
[0;32m[PASS][0m CAP_MKNOD (bit 27) is not set — can create special device files
[0;32m[PASS][0m CAP_NET_RAW (bit 13) is SET (expected) — can create raw network sockets (needed for nmap/traceroute)
[0;32m[PASS][0m CAP_NET_BIND_SERVICE (bit 10) is SET (expected) — can bind to ports < 1024
[0;32m[PASS][0m CAP_FOWNER (bit 3) is not set — can bypass file ownership checks
[0;32m[PASS][0m CAP_SETFCAP (bit 31) is not set — can set file capabilities

--- Phase 4: Host mount audit ---
Writable real-filesystem mounts:
[0;33m[WARN][0m Host mount: /sys/kernel/security (securityfs, rw,nosuid,nodev,noexec,relatime)
[0;33m[WARN][0m Host mount: /sys/fs/cgroup (cgroup2, rw,seclabel,nosuid,nodev,noexec,relatime,nsdelegate,memory_recursiveprot,memory_hugetlb_accounting)
[0;33m[WARN][0m Host mount: /sys/fs/pstore (pstore, rw,seclabel,nosuid,nodev,noexec,relatime)
[0;33m[WARN][0m Host mount: /sys/firmware/efi/efivars (efivarfs, rw,nosuid,nodev,noexec,relatime)
[0;33m[WARN][0m Host mount: /sys/fs/bpf (bpf, rw,nosuid,nodev,noexec,relatime,mode=700)
[0;33m[WARN][0m Host mount: /sys/kernel/config (configfs, rw,nosuid,nodev,noexec,relatime)
[0;33m[WARN][0m Host mount: /sys/fs/selinux (selinuxfs, rw,nosuid,noexec,relatime)
[0;33m[WARN][0m Host mount: /sys/fs/fuse/connections (fusectl, rw,nosuid,nodev,noexec,relatime)
[0;33m[WARN][0m Host mount: /sys/kernel/debug (debugfs, rw,seclabel,nosuid,nodev,noexec,relatime)
[0;33m[WARN][0m Host mount: /sys/kernel/debug/tracing (tracefs, rw,seclabel,nosuid,nodev,noexec,relatime)
[0;33m[WARN][0m Host mount: /sys/kernel/tracing (tracefs, rw,seclabel,nosuid,nodev,noexec,relatime)
[0;33m[WARN][0m Host mount: /root/i.ar (btrfs, rw,seclabel,relatime,compress=zstd:1,ssd,discard=async,space_cache=v2,subvolid=256,subvol=/root)
[0;33m[WARN][0m Host mount: /root/personalization (btrfs, rw,seclabel,relatime,compress=zstd:1,ssd,discard=async,space_cache=v2,subvolid=256,subvol=/root)
[0;33m[WARN][0m Host mount: /root/.emacs.d (btrfs, rw,seclabel,relatime,compress=zstd:1,ssd,discard=async,space_cache=v2,subvolid=256,subvol=/root)
[0;33m[WARN][0m Host mount: /root/.emacs.d/metaconfig (btrfs, rw,seclabel,relatime,compress=zstd:1,ssd,discard=async,space_cache=v2,subvolid=256,subvol=/root)
[0;33m[WARN][0m Host mount: /root/i.ar/prompts (btrfs, rw,seclabel,relatime,compress=zstd:1,ssd,discard=async,space_cache=v2,subvolid=256,subvol=/root)
[0;33m[WARN][0m Host mount: /root/.emacs.d/gptel-fork (btrfs, rw,seclabel,relatime,compress=zstd:1,ssd,discard=async,space_cache=v2,subvolid=256,subvol=/root)

============================================
[0;32m  PREFLIGHT PASSED[0m
============================================
Loading /root/.emacs.d/configs/paths.el (source)...
Loading /root/.emacs.d/configs/predicates.el (source)...
Loading /root/.emacs.d/configs/keybindings.el (source)...
Loading /root/.emacs.d/configs/delimiters.el (source)...
Loading /root/.emacs.d/configs/git.el (source)...
Loading /root/.emacs.d/configs/fork.el (source)...
Loading /root/.emacs.d/configs/delegate.el (source)...
Loading /root/.emacs.d/configs/cycle.el (source)...
Loading /root/.emacs.d/configs/loop-guard.el (source)...
Loading /root/.emacs.d/configs/memory.el (source)...
Loading /root/.emacs.d/configs/file-guard.el (source)...
Loading /root/.emacs.d/configs/tool-limits.el (source)...
Loading /root/.emacs.d/configs/tasks.el (source)...
Loading /root/.emacs.d/configs/mcp.el (source)...
Loading /root/.emacs.d/init.d/shared/iar-utils.el (source)...
Loading /root/.emacs.d/init.d/shared/iar-agent-utils.el (source)...
Loading /root/.emacs.d/init.d/core/iar-locale.el (source)...
Loading /root/.emacs.d/init.d/core/iar-package-setup.el (source)...
Loading /root/.emacs.d/init.d/core/iar-ui-cleanup.el (source)...
Loading /root/.emacs.d/init.d/core/iar-evil-mode.el (source)...
Loading /root/.emacs.d/init.d/core/iar-gptel-setup.el (source)...
[gptel] Using fork from /root/.emacs.d/gptel-fork (overriding ELPA package)
Loading /root/.emacs.d/configs/gptel.el (source)...
Loading /root/.emacs.d/init.d/core/iar-mcp-setup.el (source)...
Loading /root/.emacs.d/init.d/tool-call/iar-malformed-args.el (source)...
Loading /root/.emacs.d/init.d/tool-call/iar-tool-call.el (source)...
[tool-call] Layer installed
Loading /root/.emacs.d/init.d/tool-call/iar-tool-result-timestamp.el (source)...
Loading /root/.emacs.d/init.d/tool-call/iar-tool-result-budget.el (source)...
Loading /root/.emacs.d/init.d/tool-call/iar-request-log.el (source)...
[request-log] Witness installed
Loading /root/.emacs.d/init.d/tool-call/iar-context-fence.el (source)...
Loading /root/.emacs.d/init.d/tool-call/iar-msgs-fence.el (source)...
Loading /root/.emacs.d/init.d/tool-call/iar-request-watchdog.el (source)...
[watchdog] Request watchdog installed
Loading /root/.emacs.d/init.d/tool-call/iar-text-mode-detector.el (source)...
Loading /root/.emacs.d/init.d/agent/iar-prompt-loader.el (source)...
Loading /root/.emacs.d/init.d/core/iar-mount-awareness.el (source)...
Loading /root/.emacs.d/init.d/core/iar-rate-limit.el (source)...
Loading /root/.emacs.d/init.d/security/iar-output-sanitizer.el (source)...
Loading /root/.emacs.d/init.d/security/iar-file-guard.el (source)...
Loading /root/.emacs.d/init.d/security/iar-audit-log.el (source)...
Loading /root/.emacs.d/init.d/security/iar-loop-guard.el (source)...
Loading /root/.emacs.d/init.d/security/iar-loop-guard-chain.el (source)...
Loading /root/.emacs.d/init.d/security/iar-tool-guard.el (source)...
Loading /root/.emacs.d/init.d/security/iar-utf8-scrub.el (source)...
Loading /root/.emacs.d/init.d/tools/filesystem/list_directory.el (source)...
Loading /root/.emacs.d/init.d/tools/filesystem/read_file.el (source)...
Loading /root/.emacs.d/init.d/tools/filesystem/write_file.el (source)...
Loading /root/.emacs.d/init.d/tools/filesystem/append_file.el (source)...
Loading /root/.emacs.d/init.d/tools/code/execute_code_local.el (source)...
Loading /root/.emacs.d/init.d/tools/code/execute_code_remote.el (source)...
Loading /root/.emacs.d/init.d/tools/code/check_elisp.el (source)...
Loading /root/.emacs.d/init.d/tools/tasks/read_task.el (source)...
Loading /root/.emacs.d/init.d/tools/tasks/create_task.el (source)...
Loading /root/.emacs.d/init.d/tools/tasks/write_subtask.el (source)...
Loading /root/.emacs.d/init.d/tools/tasks/remove_task.el (source)...
Loading /root/.emacs.d/init.d/tools/tasks/read_history.el (source)...
Loading /root/.emacs.d/init.d/tools/tasks/read_roadmap.el (source)...
Loading /root/.emacs.d/init.d/tools/tasks/write_roadmap.el (source)...
Loading /root/.emacs.d/init.d/tools/notify/telegram.el (source)...
Loading /root/.emacs.d/init.d/tools/git/git_commit.el (source)...
Loading /root/.emacs.d/init.d/tools/knowledge/read_knowledge.el (source)...
Loading /root/.emacs.d/init.d/agent/iar-project-parser.el (source)...
Loading /root/.emacs.d/init.d/agent/iar-prompt-assembly.el (source)...
Loading /root/.emacs.d/init.d/agent/iar-agent-loader.el (source)...
Loading /root/.emacs.d/init.d/agent/iar-knowledge-loader.el (source)...
Loading /root/.emacs.d/init.d/agent/iar-buffer-info.el (source)...
Loading /root/.emacs.d/init.d/tools/agent/delegate.el (source)...
Loading /root/.emacs.d/init.d/tools/agent/reload_os.el (source)...
Loading /root/.emacs.d/init.d/tools/agent/reload_agent.el (source)...
Loading /root/.emacs.d/init.d/tools/agent/read_own_prompt.el (source)...
Loading /root/.emacs.d/init.d/agent/iar-guidelines-checker.el (source)...
Loading /root/.emacs.d/init.d/agent/iar-agent-cycle.el (source)...
Loading /root/.emacs.d/init.d/debug/iar-status-mode.el (source)...
[status-mode] Installed
Loading /root/.emacs.d/init.d/session/iar-quit.el (source)...
[aria] Starting cycle with 3600s timeout (archetype: aria-cycle, project: iar, cycle: aria_daily)
[assembly] DIGEST [iar/aria] 12060 chars (warn at 12000) -- injected full on every request; diet it
[aria] Assembled prompt: 48280 chars (~12070 tokens), 21 tools
[aria] Sending cycle prompt to aria agent...
Querying Ollama...
[loop-guard-chain] SOFT BLOCK: execute_code_local chained 10 times
[aria] Same-tool warning: 100 calls to execute_code_local this cycle -- one call blocked with notice
[aria] Tool-call budget warning (150/300) -- one call blocked with notice
[loop-guard] SOFT BLOCK: execute_code_local called 3 times identically, sending correction
[loop-guard] SOFT BLOCK: execute_code_local called 3 times identically, sending correction
[loop-guard] SOFT BLOCK: execute_code_local called 3 times identically, sending correction
[aria] Msgs soft cap warning (msgs 403 >= 400) -- one call blocked with notice
[aria] Cycle complete. Turns: 1, Tool calls: 215, Exit: 0
Tokens: 12645785 in / 46709 out / 12692494 total
Requests: 216
[0;32m[INF][2026-09-12 21:14:06][0m Cycle 1 succeeded in 2403s (exit 0)

[0;34m[INF][2026-09-12 21:24:52][0m --- Cycle 1/1 ---
Already up to date.
============================================
  Preflight Mount Audit — Emacboros
  2026-09-13T00:24:53Z
============================================

--- Phase 1: /proc/mounts scan ---

--- Phase 2: Writability tests ---
[0;32m[PASS][0m /root/.emacs.d/.git/hooks — does not exist
[0;32m[PASS][0m /var/run/docker.sock — does not exist
[0;32m[PASS][0m /etc/cron.d — does not exist
[0;32m[PASS][0m /var/spool/cron — does not exist
[0;32m[PASS][0m /etc/systemd/system — directory is read-only
[0;32m[PASS][0m /etc/systemd — directory is read-only

--- Phase 3: Capability audit ---
[0;32m[PASS][0m CAP_DAC_OVERRIDE (bit 1) is not set — can bypass file read/write/execute permissions
[0;32m[PASS][0m CAP_SYS_ADMIN (bit 21) is not set — broad system administration (mount, namespaces, etc.)
[0;32m[PASS][0m CAP_SETUID (bit 7) is not set — can change process UID
[0;32m[PASS][0m CAP_SETGID (bit 6) is not set — can change process GID
[0;32m[PASS][0m CAP_MKNOD (bit 27) is not set — can create special device files
[0;32m[PASS][0m CAP_NET_RAW (bit 13) is SET (expected) — can create raw network sockets (needed for nmap/traceroute)
[0;32m[PASS][0m CAP_NET_BIND_SERVICE (bit 10) is SET (expected) — can bind to ports < 1024
[0;32m[PASS][0m CAP_FOWNER (bit 3) is not set — can bypass file ownership checks
[0;32m[PASS][0m CAP_SETFCAP (bit 31) is not set — can set file capabilities

--- Phase 4: Host mount audit ---
Writable real-filesystem mounts:
[0;33m[WARN][0m Host mount: /sys/kernel/security (securityfs, rw,nosuid,nodev,noexec,relatime)
[0;33m[WARN][0m Host mount: /sys/fs/cgroup (cgroup2, rw,seclabel,nosuid,nodev,noexec,relatime,nsdelegate,memory_recursiveprot,memory_hugetlb_accounting)
[0;33m[WARN][0m Host mount: /sys/fs/pstore (pstore, rw,seclabel,nosuid,nodev,noexec,relatime)
[0;33m[WARN][0m Host mount: /sys/firmware/efi/efivars (efivarfs, rw,nosuid,nodev,noexec,relatime)
[0;33m[WARN][0m Host mount: /sys/fs/bpf (bpf, rw,nosuid,nodev,noexec,relatime,mode=700)
[0;33m[WARN][0m Host mount: /sys/kernel/config (configfs, rw,nosuid,nodev,noexec,relatime)
[0;33m[WARN][0m Host mount: /sys/fs/selinux (selinuxfs, rw,nosuid,noexec,relatime)
[0;33m[WARN][0m Host mount: /sys/fs/fuse/connections (fusectl, rw,nosuid,nodev,noexec,relatime)
[0;33m[WARN][0m Host mount: /sys/kernel/debug (debugfs, rw,seclabel,nosuid,nodev,noexec,relatime)
[0;33m[WARN][0m Host mount: /sys/kernel/debug/tracing (tracefs, rw,seclabel,nosuid,nodev,noexec,relatime)
[0;33m[WARN][0m Host mount: /sys/kernel/tracing (tracefs, rw,seclabel,nosuid,nodev,noexec,relatime)
[0;33m[WARN][0m Host mount: /root/personalization (btrfs, rw,seclabel,relatime,compress=zstd:1,ssd,discard=async,space_cache=v2,subvolid=256,subvol=/root)
[0;33m[WARN][0m Host mount: /root/i.ar (btrfs, rw,seclabel,relatime,compress=zstd:1,ssd,discard=async,space_cache=v2,subvolid=256,subvol=/root)
[0;33m[WARN][0m Host mount: /root/.emacs.d (btrfs, rw,seclabel,relatime,compress=zstd:1,ssd,discard=async,space_cache=v2,subvolid=256,subvol=/root)
[0;33m[WARN][0m Host mount: /root/i.ar/prompts (btrfs, rw,seclabel,relatime,compress=zstd:1,ssd,discard=async,space_cache=v2,subvolid=256,subvol=/root)
[0;33m[WARN][0m Host mount: /root/.emacs.d/metaconfig (btrfs, rw,seclabel,relatime,compress=zstd:1,ssd,discard=async,space_cache=v2,subvolid=256,subvol=/root)
[0;33m[WARN][0m Host mount: /root/.emacs.d/gptel-fork (btrfs, rw,seclabel,relatime,compress=zstd:1,ssd,discard=async,space_cache=v2,subvolid=256,subvol=/root)

============================================
[0;32m  PREFLIGHT PASSED[0m
============================================
Loading /root/.emacs.d/configs/paths.el (source)...
Loading /root/.emacs.d/configs/predicates.el (source)...
Loading /root/.emacs.d/configs/keybindings.el (source)...
Loading /root/.emacs.d/configs/delimiters.el (source)...
Loading /root/.emacs.d/configs/git.el (source)...
Loading /root/.emacs.d/configs/fork.el (source)...
Loading /root/.emacs.d/configs/delegate.el (source)...
Loading /root/.emacs.d/configs/cycle.el (source)...
Loading /root/.emacs.d/configs/loop-guard.el (source)...
Loading /root/.emacs.d/configs/memory.el (source)...
Loading /root/.emacs.d/configs/file-guard.el (source)...
Loading /root/.emacs.d/configs/tool-limits.el (source)...
Loading /root/.emacs.d/configs/tasks.el (source)...
Loading /root/.emacs.d/configs/mcp.el (source)...
Loading /root/.emacs.d/init.d/shared/iar-utils.el (source)...
Loading /root/.emacs.d/init.d/shared/iar-agent-utils.el (source)...
Loading /root/.emacs.d/init.d/core/iar-locale.el (source)...
Loading /root/.emacs.d/init.d/core/iar-package-setup.el (source)...
Loading /root/.emacs.d/init.d/core/iar-ui-cleanup.el (source)...
Loading /root/.emacs.d/init.d/core/iar-evil-mode.el (source)...
Loading /root/.emacs.d/init.d/core/iar-gptel-setup.el (source)...
[gptel] Using fork from /root/.emacs.d/gptel-fork (overriding ELPA package)
Loading /root/.emacs.d/configs/gptel.el (source)...
Loading /root/.emacs.d/init.d/core/iar-mcp-setup.el (source)...
Loading /root/.emacs.d/init.d/tool-call/iar-malformed-args.el (source)...
Loading /root/.emacs.d/init.d/tool-call/iar-tool-call.el (source)...
[tool-call] Layer installed
Loading /root/.emacs.d/init.d/tool-call/iar-tool-result-timestamp.el (source)...
Loading /root/.emacs.d/init.d/tool-call/iar-tool-result-budget.el (source)...
Loading /root/.emacs.d/init.d/tool-call/iar-request-log.el (source)...
[request-log] Witness installed
Loading /root/.emacs.d/init.d/tool-call/iar-context-fence.el (source)...
Loading /root/.emacs.d/init.d/tool-call/iar-msgs-fence.el (source)...
Loading /root/.emacs.d/init.d/tool-call/iar-request-watchdog.el (source)...
[watchdog] Request watchdog installed
Loading /root/.emacs.d/init.d/tool-call/iar-text-mode-detector.el (source)...
Loading /root/.emacs.d/init.d/agent/iar-prompt-loader.el (source)...
Loading /root/.emacs.d/init.d/core/iar-mount-awareness.el (source)...
Loading /root/.emacs.d/init.d/core/iar-rate-limit.el (source)...
Loading /root/.emacs.d/init.d/security/iar-output-sanitizer.el (source)...
Loading /root/.emacs.d/init.d/security/iar-file-guard.el (source)...
Loading /root/.emacs.d/init.d/security/iar-audit-log.el (source)...
Loading /root/.emacs.d/init.d/security/iar-loop-guard.el (source)...
Loading /root/.emacs.d/init.d/security/iar-loop-guard-chain.el (source)...
Loading /root/.emacs.d/init.d/security/iar-tool-guard.el (source)...
Loading /root/.emacs.d/init.d/security/iar-utf8-scrub.el (source)...
Loading /root/.emacs.d/init.d/tools/filesystem/list_directory.el (source)...
Loading /root/.emacs.d/init.d/tools/filesystem/read_file.el (source)...
Loading /root/.emacs.d/init.d/tools/filesystem/write_file.el (source)...
Loading /root/.emacs.d/init.d/tools/filesystem/append_file.el (source)...
Loading /root/.emacs.d/init.d/tools/code/execute_code_local.el (source)...
Loading /root/.emacs.d/init.d/tools/code/execute_code_remote.el (source)...
Loading /root/.emacs.d/init.d/tools/code/check_elisp.el (source)...
Loading /root/.emacs.d/init.d/tools/tasks/read_task.el (source)...
Loading /root/.emacs.d/init.d/tools/tasks/create_task.el (source)...
Loading /root/.emacs.d/init.d/tools/tasks/write_subtask.el (source)...
Loading /root/.emacs.d/init.d/tools/tasks/remove_task.el (source)...
Loading /root/.emacs.d/init.d/tools/tasks/read_history.el (source)...
Loading /root/.emacs.d/init.d/tools/tasks/read_roadmap.el (source)...
Loading /root/.emacs.d/init.d/tools/tasks/write_roadmap.el (source)...
Loading /root/.emacs.d/init.d/tools/notify/telegram.el (source)...
Loading /root/.emacs.d/init.d/tools/git/git_commit.el (source)...
Loading /root/.emacs.d/init.d/tools/knowledge/read_knowledge.el (source)...
Loading /root/.emacs.d/init.d/agent/iar-project-parser.el (source)...
Loading /root/.emacs.d/init.d/agent/iar-prompt-assembly.el (source)...
Loading /root/.emacs.d/init.d/agent/iar-agent-loader.el (source)...
Loading /root/.emacs.d/init.d/agent/iar-knowledge-loader.el (source)...
Loading /root/.emacs.d/init.d/agent/iar-buffer-info.el (source)...
Loading /root/.emacs.d/init.d/tools/agent/delegate.el (source)...
Loading /root/.emacs.d/init.d/tools/agent/reload_os.el (source)...
Loading /root/.emacs.d/init.d/tools/agent/reload_agent.el (source)...
Loading /root/.emacs.d/init.d/tools/agent/read_own_prompt.el (source)...
Loading /root/.emacs.d/init.d/agent/iar-guidelines-checker.el (source)...
Loading /root/.emacs.d/init.d/agent/iar-agent-cycle.el (source)...
Loading /root/.emacs.d/init.d/debug/iar-status-mode.el (source)...
[status-mode] Installed
Loading /root/.emacs.d/init.d/session/iar-quit.el (source)...
[aria] Starting cycle with 3600s timeout (archetype: aria-cycle, project: iar, cycle: aria_daily)
[assembly] DIGEST [iar/aria] 12222 chars (warn at 12000) -- injected full on every request; diet it
[aria] Assembled prompt: 48308 chars (~12077 tokens), 21 tools
[aria] Sending cycle prompt to aria agent...
Querying Ollama...
[aria] Same-tool warning: 100 calls to execute_code_local this cycle -- one call blocked with notice
[aria] Tool-call budget warning (150/300) -- one call blocked with notice
[aria] Cycle complete. Turns: 1, Tool calls: 158, Exit: 0
Tokens: 7518409 in / 34857 out / 7553266 total
Requests: 159
[0;32m[INF][2026-09-12 21:35:03][0m Cycle 1 succeeded in 611s (exit 0)

[0;34m[INF][2026-09-12 21:38:53][0m --- Cycle 1/1 ---
Already up to date.
============================================
  Preflight Mount Audit — Emacboros
  2026-09-13T00:38:54Z
============================================

--- Phase 1: /proc/mounts scan ---

--- Phase 2: Writability tests ---
[0;32m[PASS][0m /root/.emacs.d/.git/hooks — does not exist
[0;32m[PASS][0m /var/run/docker.sock — does not exist
[0;32m[PASS][0m /etc/cron.d — does not exist
[0;32m[PASS][0m /var/spool/cron — does not exist
[0;32m[PASS][0m /etc/systemd/system — directory is read-only
[0;32m[PASS][0m /etc/systemd — directory is read-only

--- Phase 3: Capability audit ---
[0;32m[PASS][0m CAP_DAC_OVERRIDE (bit 1) is not set — can bypass file read/write/execute permissions
[0;32m[PASS][0m CAP_SYS_ADMIN (bit 21) is not set — broad system administration (mount, namespaces, etc.)
[0;32m[PASS][0m CAP_SETUID (bit 7) is not set — can change process UID
[0;32m[PASS][0m CAP_SETGID (bit 6) is not set — can change process GID
[0;32m[PASS][0m CAP_MKNOD (bit 27) is not set — can create special device files
[0;32m[PASS][0m CAP_NET_RAW (bit 13) is SET (expected) — can create raw network sockets (needed for nmap/traceroute)
[0;32m[PASS][0m CAP_NET_BIND_SERVICE (bit 10) is SET (expected) — can bind to ports < 1024
[0;32m[PASS][0m CAP_FOWNER (bit 3) is not set — can bypass file ownership checks
[0;32m[PASS][0m CAP_SETFCAP (bit 31) is not set — can set file capabilities

--- Phase 4: Host mount audit ---
Writable real-filesystem mounts:
[0;33m[WARN][0m Host mount: /sys/kernel/security (securityfs, rw,nosuid,nodev,noexec,relatime)
[0;33m[WARN][0m Host mount: /sys/fs/cgroup (cgroup2, rw,seclabel,nosuid,nodev,noexec,relatime,nsdelegate,memory_recursiveprot,memory_hugetlb_accounting)
[0;33m[WARN][0m Host mount: /sys/fs/pstore (pstore, rw,seclabel,nosuid,nodev,noexec,relatime)
[0;33m[WARN][0m Host mount: /sys/firmware/efi/efivars (efivarfs, rw,nosuid,nodev,noexec,relatime)
[0;33m[WARN][0m Host mount: /sys/fs/bpf (bpf, rw,nosuid,nodev,noexec,relatime,mode=700)
[0;33m[WARN][0m Host mount: /sys/kernel/config (configfs, rw,nosuid,nodev,noexec,relatime)
[0;33m[WARN][0m Host mount: /sys/fs/selinux (selinuxfs, rw,nosuid,noexec,relatime)
[0;33m[WARN][0m Host mount: /sys/fs/fuse/connections (fusectl, rw,nosuid,nodev,noexec,relatime)
[0;33m[WARN][0m Host mount: /sys/kernel/debug (debugfs, rw,seclabel,nosuid,nodev,noexec,relatime)
[0;33m[WARN][0m Host mount: /sys/kernel/debug/tracing (tracefs, rw,seclabel,nosuid,nodev,noexec,relatime)
[0;33m[WARN][0m Host mount: /sys/kernel/tracing (tracefs, rw,seclabel,nosuid,nodev,noexec,relatime)
[0;33m[WARN][0m Host mount: /root/personalization (btrfs, rw,seclabel,relatime,compress=zstd:1,ssd,discard=async,space_cache=v2,subvolid=256,subvol=/root)
[0;33m[WARN][0m Host mount: /root/.emacs.d (btrfs, rw,seclabel,relatime,compress=zstd:1,ssd,discard=async,space_cache=v2,subvolid=256,subvol=/root)
[0;33m[WARN][0m Host mount: /root/i.ar (btrfs, rw,seclabel,relatime,compress=zstd:1,ssd,discard=async,space_cache=v2,subvolid=256,subvol=/root)
[0;33m[WARN][0m Host mount: /root/.emacs.d/gptel-fork (btrfs, rw,seclabel,relatime,compress=zstd:1,ssd,discard=async,space_cache=v2,subvolid=256,subvol=/root)
[0;33m[WARN][0m Host mount: /root/.emacs.d/metaconfig (btrfs, rw,seclabel,relatime,compress=zstd:1,ssd,discard=async,space_cache=v2,subvolid=256,subvol=/root)
[0;33m[WARN][0m Host mount: /root/i.ar/prompts (btrfs, rw,seclabel,relatime,compress=zstd:1,ssd,discard=async,space_cache=v2,subvolid=256,subvol=/root)

============================================
[0;32m  PREFLIGHT PASSED[0m
============================================
Loading /root/.emacs.d/configs/paths.el (source)...
Loading /root/.emacs.d/configs/predicates.el (source)...
Loading /root/.emacs.d/configs/keybindings.el (source)...
Loading /root/.emacs.d/configs/delimiters.el (source)...
Loading /root/.emacs.d/configs/git.el (source)...
Loading /root/.emacs.d/configs/fork.el (source)...
Loading /root/.emacs.d/configs/delegate.el (source)...
Loading /root/.emacs.d/configs/cycle.el (source)...
Loading /root/.emacs.d/configs/loop-guard.el (source)...
Loading /root/.emacs.d/configs/memory.el (source)...
Loading /root/.emacs.d/configs/file-guard.el (source)...
Loading /root/.emacs.d/configs/tool-limits.el (source)...
Loading /root/.emacs.d/configs/tasks.el (source)...
Loading /root/.emacs.d/configs/mcp.el (source)...
Loading /root/.emacs.d/init.d/shared/iar-utils.el (source)...
Loading /root/.emacs.d/init.d/shared/iar-agent-utils.el (source)...
Loading /root/.emacs.d/init.d/core/iar-locale.el (source)...
Loading /root/.emacs.d/init.d/core/iar-package-setup.el (source)...
Loading /root/.emacs.d/init.d/core/iar-ui-cleanup.el (source)...
Loading /root/.emacs.d/init.d/core/iar-evil-mode.el (source)...
Loading /root/.emacs.d/init.d/core/iar-gptel-setup.el (source)...
[gptel] Using fork from /root/.emacs.d/gptel-fork (overriding ELPA package)
Loading /root/.emacs.d/configs/gptel.el (source)...
Loading /root/.emacs.d/init.d/core/iar-mcp-setup.el (source)...
Loading /root/.emacs.d/init.d/tool-call/iar-malformed-args.el (source)...
Loading /root/.emacs.d/init.d/tool-call/iar-tool-call.el (source)...
[tool-call] Layer installed
Loading /root/.emacs.d/init.d/tool-call/iar-tool-result-timestamp.el (source)...
Loading /root/.emacs.d/init.d/tool-call/iar-tool-result-budget.el (source)...
Loading /root/.emacs.d/init.d/tool-call/iar-request-log.el (source)...
[request-log] Witness installed
Loading /root/.emacs.d/init.d/tool-call/iar-context-fence.el (source)...
Loading /root/.emacs.d/init.d/tool-call/iar-msgs-fence.el (source)...
Loading /root/.emacs.d/init.d/tool-call/iar-request-watchdog.el (source)...
[watchdog] Request watchdog installed
Loading /root/.emacs.d/init.d/tool-call/iar-text-mode-detector.el (source)...
Loading /root/.emacs.d/init.d/agent/iar-prompt-loader.el (source)...
Loading /root/.emacs.d/init.d/core/iar-mount-awareness.el (source)...
Loading /root/.emacs.d/init.d/core/iar-rate-limit.el (source)...
Loading /root/.emacs.d/init.d/security/iar-output-sanitizer.el (source)...
Loading /root/.emacs.d/init.d/security/iar-file-guard.el (source)...
Loading /root/.emacs.d/init.d/security/iar-audit-log.el (source)...
Loading /root/.emacs.d/init.d/security/iar-loop-guard.el (source)...
Loading /root/.emacs.d/init.d/security/iar-loop-guard-chain.el (source)...
Loading /root/.emacs.d/init.d/security/iar-tool-guard.el (source)...
Loading /root/.emacs.d/init.d/security/iar-utf8-scrub.el (source)...
Loading /root/.emacs.d/init.d/tools/filesystem/list_directory.el (source)...
Loading /root/.emacs.d/init.d/tools/filesystem/read_file.el (source)...
Loading /root/.emacs.d/init.d/tools/filesystem/write_file.el (source)...
Loading /root/.emacs.d/init.d/tools/filesystem/append_file.el (source)...
Loading /root/.emacs.d/init.d/tools/code/execute_code_local.el (source)...
Loading /root/.emacs.d/init.d/tools/code/execute_code_remote.el (source)...
Loading /root/.emacs.d/init.d/tools/code/check_elisp.el (source)...
Loading /root/.emacs.d/init.d/tools/tasks/read_task.el (source)...
Loading /root/.emacs.d/init.d/tools/tasks/create_task.el (source)...
Loading /root/.emacs.d/init.d/tools/tasks/write_subtask.el (source)...
Loading /root/.emacs.d/init.d/tools/tasks/remove_task.el (source)...
Loading /root/.emacs.d/init.d/tools/tasks/read_history.el (source)...
Loading /root/.emacs.d/init.d/tools/tasks/read_roadmap.el (source)...
Loading /root/.emacs.d/init.d/tools/tasks/write_roadmap.el (source)...
Loading /root/.emacs.d/init.d/tools/notify/telegram.el (source)...
Loading /root/.emacs.d/init.d/tools/git/git_commit.el (source)...
Loading /root/.emacs.d/init.d/tools/knowledge/read_knowledge.el (source)...
Loading /root/.emacs.d/init.d/agent/iar-project-parser.el (source)...
Loading /root/.emacs.d/init.d/agent/iar-prompt-assembly.el (source)...
Loading /root/.emacs.d/init.d/agent/iar-agent-loader.el (source)...
Loading /root/.emacs.d/init.d/agent/iar-knowledge-loader.el (source)...
Loading /root/.emacs.d/init.d/agent/iar-buffer-info.el (source)...
Loading /root/.emacs.d/init.d/tools/agent/delegate.el (source)...
Loading /root/.emacs.d/init.d/tools/agent/reload_os.el (source)...
Loading /root/.emacs.d/init.d/tools/agent/reload_agent.el (source)...
Loading /root/.emacs.d/init.d/tools/agent/read_own_prompt.el (source)...
Loading /root/.emacs.d/init.d/agent/iar-guidelines-checker.el (source)...
Loading /root/.emacs.d/init.d/agent/iar-agent-cycle.el (source)...
Loading /root/.emacs.d/init.d/debug/iar-status-mode.el (source)...
[status-mode] Installed
Loading /root/.emacs.d/init.d/session/iar-quit.el (source)...
[aria] Starting cycle with 3600s timeout (archetype: aria-cycle, project: iar, cycle: aria_daily)
[assembly] DIGEST [iar/aria] 12349 chars (warn at 12000) -- injected full on every request; diet it
[aria] Assembled prompt: 48436 chars (~12109 tokens), 21 tools
[aria] Sending cycle prompt to aria agent...
Querying Ollama...

In toplevel form:
test-git-commit.el:168:31: Warning: Unused lexical argument ‘repo-dir’
test-git-commit.el:189:31: Warning: Unused lexical argument ‘repo-dir’
[aria] Cycle complete. Turns: 1, Tool calls: 100, Exit: 0
Tokens: 4809783 in / 46793 out / 4856576 total
Requests: 101
[0;32m[INF][2026-09-12 21:48:29][0m Cycle 1 succeeded in 576s (exit 0)

[0;34m[INF][2026-09-12 21:54:16][0m --- Cycle 1/1 ---
Already up to date.
============================================
  Preflight Mount Audit — Emacboros
  2026-09-13T00:54:16Z
============================================

--- Phase 1: /proc/mounts scan ---

--- Phase 2: Writability tests ---
[0;32m[PASS][0m /root/.emacs.d/.git/hooks — does not exist
[0;32m[PASS][0m /var/run/docker.sock — does not exist
[0;32m[PASS][0m /etc/cron.d — does not exist
[0;32m[PASS][0m /var/spool/cron — does not exist
[0;32m[PASS][0m /etc/systemd/system — directory is read-only
[0;32m[PASS][0m /etc/systemd — directory is read-only

--- Phase 3: Capability audit ---
[0;32m[PASS][0m CAP_DAC_OVERRIDE (bit 1) is not set — can bypass file read/write/execute permissions
[0;32m[PASS][0m CAP_SYS_ADMIN (bit 21) is not set — broad system administration (mount, namespaces, etc.)
[0;32m[PASS][0m CAP_SETUID (bit 7) is not set — can change process UID
[0;32m[PASS][0m CAP_SETGID (bit 6) is not set — can change process GID
[0;32m[PASS][0m CAP_MKNOD (bit 27) is not set — can create special device files
[0;32m[PASS][0m CAP_NET_RAW (bit 13) is SET (expected) — can create raw network sockets (needed for nmap/traceroute)
[0;32m[PASS][0m CAP_NET_BIND_SERVICE (bit 10) is SET (expected) — can bind to ports < 1024
[0;32m[PASS][0m CAP_FOWNER (bit 3) is not set — can bypass file ownership checks
[0;32m[PASS][0m CAP_SETFCAP (bit 31) is not set — can set file capabilities

--- Phase 4: Host mount audit ---
Writable real-filesystem mounts:
[0;33m[WARN][0m Host mount: /sys/kernel/security (securityfs, rw,nosuid,nodev,noexec,relatime)
[0;33m[WARN][0m Host mount: /sys/fs/cgroup (cgroup2, rw,seclabel,nosuid,nodev,noexec,relatime,nsdelegate,memory_recursiveprot,memory_hugetlb_accounting)
[0;33m[WARN][0m Host mount: /sys/fs/pstore (pstore, rw,seclabel,nosuid,nodev,noexec,relatime)
[0;33m[WARN][0m Host mount: /sys/firmware/efi/efivars (efivarfs, rw,nosuid,nodev,noexec,relatime)
[0;33m[WARN][0m Host mount: /sys/fs/bpf (bpf, rw,nosuid,nodev,noexec,relatime,mode=700)
[0;33m[WARN][0m Host mount: /sys/kernel/config (configfs, rw,nosuid,nodev,noexec,relatime)
[0;33m[WARN][0m Host mount: /sys/fs/selinux (selinuxfs, rw,nosuid,noexec,relatime)
[0;33m[WARN][0m Host mount: /sys/fs/fuse/connections (fusectl, rw,nosuid,nodev,noexec,relatime)
[0;33m[WARN][0m Host mount: /sys/kernel/debug (debugfs, rw,seclabel,nosuid,nodev,noexec,relatime)
[0;33m[WARN][0m Host mount: /sys/kernel/debug/tracing (tracefs, rw,seclabel,nosuid,nodev,noexec,relatime)
[0;33m[WARN][0m Host mount: /sys/kernel/tracing (tracefs, rw,seclabel,nosuid,nodev,noexec,relatime)
[0;33m[WARN][0m Host mount: /root/personalization (btrfs, rw,seclabel,relatime,compress=zstd:1,ssd,discard=async,space_cache=v2,subvolid=256,subvol=/root)
[0;33m[WARN][0m Host mount: /root/.emacs.d (btrfs, rw,seclabel,relatime,compress=zstd:1,ssd,discard=async,space_cache=v2,subvolid=256,subvol=/root)
[0;33m[WARN][0m Host mount: /root/i.ar (btrfs, rw,seclabel,relatime,compress=zstd:1,ssd,discard=async,space_cache=v2,subvolid=256,subvol=/root)
[0;33m[WARN][0m Host mount: /root/.emacs.d/metaconfig (btrfs, rw,seclabel,relatime,compress=zstd:1,ssd,discard=async,space_cache=v2,subvolid=256,subvol=/root)
[0;33m[WARN][0m Host mount: /root/i.ar/prompts (btrfs, rw,seclabel,relatime,compress=zstd:1,ssd,discard=async,space_cache=v2,subvolid=256,subvol=/root)
[0;33m[WARN][0m Host mount: /root/.emacs.d/gptel-fork (btrfs, rw,seclabel,relatime,compress=zstd:1,ssd,discard=async,space_cache=v2,subvolid=256,subvol=/root)

============================================
[0;32m  PREFLIGHT PASSED[0m
============================================
Loading /root/.emacs.d/configs/paths.el (source)...
Loading /root/.emacs.d/configs/predicates.el (source)...
Loading /root/.emacs.d/configs/keybindings.el (source)...
Loading /root/.emacs.d/configs/delimiters.el (source)...
Loading /root/.emacs.d/configs/git.el (source)...
Loading /root/.emacs.d/configs/fork.el (source)...
Loading /root/.emacs.d/configs/delegate.el (source)...
Loading /root/.emacs.d/configs/cycle.el (source)...
Loading /root/.emacs.d/configs/loop-guard.el (source)...
Loading /root/.emacs.d/configs/memory.el (source)...
Loading /root/.emacs.d/configs/file-guard.el (source)...
Loading /root/.emacs.d/configs/tool-limits.el (source)...
Loading /root/.emacs.d/configs/tasks.el (source)...
Loading /root/.emacs.d/configs/mcp.el (source)...
Loading /root/.emacs.d/init.d/shared/iar-utils.el (source)...
Loading /root/.emacs.d/init.d/shared/iar-agent-utils.el (source)...
Loading /root/.emacs.d/init.d/core/iar-locale.el (source)...
Loading /root/.emacs.d/init.d/core/iar-package-setup.el (source)...
Loading /root/.emacs.d/init.d/core/iar-ui-cleanup.el (source)...
Loading /root/.emacs.d/init.d/core/iar-evil-mode.el (source)...
Loading /root/.emacs.d/init.d/core/iar-gptel-setup.el (source)...
[gptel] Using fork from /root/.emacs.d/gptel-fork (overriding ELPA package)
Loading /root/.emacs.d/configs/gptel.el (source)...
Loading /root/.emacs.d/init.d/core/iar-mcp-setup.el (source)...
Loading /root/.emacs.d/init.d/tool-call/iar-malformed-args.el (source)...
Loading /root/.emacs.d/init.d/tool-call/iar-tool-call.el (source)...
[tool-call] Layer installed
Loading /root/.emacs.d/init.d/tool-call/iar-tool-result-timestamp.el (source)...
Loading /root/.emacs.d/init.d/tool-call/iar-tool-result-budget.el (source)...
Loading /root/.emacs.d/init.d/tool-call/iar-request-log.el (source)...
[request-log] Witness installed
Loading /root/.emacs.d/init.d/tool-call/iar-context-fence.el (source)...
Loading /root/.emacs.d/init.d/tool-call/iar-msgs-fence.el (source)...
Loading /root/.emacs.d/init.d/tool-call/iar-request-watchdog.el (source)...
[watchdog] Request watchdog installed
Loading /root/.emacs.d/init.d/tool-call/iar-text-mode-detector.el (source)...
Loading /root/.emacs.d/init.d/agent/iar-prompt-loader.el (source)...
Loading /root/.emacs.d/init.d/core/iar-mount-awareness.el (source)...
Loading /root/.emacs.d/init.d/core/iar-rate-limit.el (source)...
Loading /root/.emacs.d/init.d/security/iar-output-sanitizer.el (source)...
Loading /root/.emacs.d/init.d/security/iar-file-guard.el (source)...
Loading /root/.emacs.d/init.d/security/iar-audit-log.el (source)...
Loading /root/.emacs.d/init.d/security/iar-loop-guard.el (source)...
Loading /root/.emacs.d/init.d/security/iar-loop-guard-chain.el (source)...
Loading /root/.emacs.d/init.d/security/iar-tool-guard.el (source)...
Loading /root/.emacs.d/init.d/security/iar-utf8-scrub.el (source)...
Loading /root/.emacs.d/init.d/tools/filesystem/list_directory.el (source)...
Loading /root/.emacs.d/init.d/tools/filesystem/read_file.el (source)...
Loading /root/.emacs.d/init.d/tools/filesystem/write_file.el (source)...
Loading /root/.emacs.d/init.d/tools/filesystem/append_file.el (source)...
Loading /root/.emacs.d/init.d/tools/code/execute_code_local.el (source)...
Loading /root/.emacs.d/init.d/tools/code/execute_code_remote.el (source)...
Loading /root/.emacs.d/init.d/tools/code/check_elisp.el (source)...
Loading /root/.emacs.d/init.d/tools/tasks/read_task.el (source)...
Loading /root/.emacs.d/init.d/tools/tasks/create_task.el (source)...
Loading /root/.emacs.d/init.d/tools/tasks/write_subtask.el (source)...
Loading /root/.emacs.d/init.d/tools/tasks/remove_task.el (source)...
Loading /root/.emacs.d/init.d/tools/tasks/read_history.el (source)...
Loading /root/.emacs.d/init.d/tools/tasks/read_roadmap.el (source)...
Loading /root/.emacs.d/init.d/tools/tasks/write_roadmap.el (source)...
Loading /root/.emacs.d/init.d/tools/notify/telegram.el (source)...
Loading /root/.emacs.d/init.d/tools/git/git_commit.el (source)...
Loading /root/.emacs.d/init.d/tools/knowledge/read_knowledge.el (source)...
Loading /root/.emacs.d/init.d/agent/iar-project-parser.el (source)...
Loading /root/.emacs.d/init.d/agent/iar-prompt-assembly.el (source)...
Loading /root/.emacs.d/init.d/agent/iar-agent-loader.el (source)...
Loading /root/.emacs.d/init.d/agent/iar-knowledge-loader.el (source)...
Loading /root/.emacs.d/init.d/agent/iar-buffer-info.el (source)...
Loading /root/.emacs.d/init.d/tools/agent/delegate.el (source)...
Loading /root/.emacs.d/init.d/tools/agent/reload_os.el (source)...
Loading /root/.emacs.d/init.d/tools/agent/reload_agent.el (source)...
Loading /root/.emacs.d/init.d/tools/agent/read_own_prompt.el (source)...
Loading /root/.emacs.d/init.d/agent/iar-guidelines-checker.el (source)...
Loading /root/.emacs.d/init.d/agent/iar-agent-cycle.el (source)...
Loading /root/.emacs.d/init.d/debug/iar-status-mode.el (source)...
[status-mode] Installed
Loading /root/.emacs.d/init.d/session/iar-quit.el (source)...
[aria] Starting cycle with 3600s timeout (archetype: aria-cycle, project: iar, cycle: aria_daily)
[assembly] DIGEST [iar/aria] 12349 chars (warn at 12000) -- injected full on every request; diet it
[aria] Assembled prompt: 48261 chars (~12065 tokens), 21 tools
[aria] Sending cycle prompt to aria agent...
Querying Ollama...
[aria] Same-tool warning: 100 calls to execute_code_local this cycle -- one call blocked with notice
[aria] Cycle complete. Turns: 1, Tool calls: 122, Exit: 0
Tokens: 5614554 in / 31313 out / 5645867 total
Requests: 123
[0;32m[INF][2026-09-12 22:08:17][0m Cycle 1 succeeded in 841s (exit 0)

[0;34m[INF][2026-09-12 22:20:02][0m --- Cycle 1/1 ---
Already up to date.
============================================
  Preflight Mount Audit — Emacboros
  2026-09-13T01:20:02Z
============================================

--- Phase 1: /proc/mounts scan ---

--- Phase 2: Writability tests ---
[0;32m[PASS][0m /root/.emacs.d/.git/hooks — does not exist
[0;32m[PASS][0m /var/run/docker.sock — does not exist
[0;32m[PASS][0m /etc/cron.d — does not exist
[0;32m[PASS][0m /var/spool/cron — does not exist
[0;32m[PASS][0m /etc/systemd/system — directory is read-only
[0;32m[PASS][0m /etc/systemd — directory is read-only

--- Phase 3: Capability audit ---
[0;32m[PASS][0m CAP_DAC_OVERRIDE (bit 1) is not set — can bypass file read/write/execute permissions
[0;32m[PASS][0m CAP_SYS_ADMIN (bit 21) is not set — broad system administration (mount, namespaces, etc.)
[0;32m[PASS][0m CAP_SETUID (bit 7) is not set — can change process UID
[0;32m[PASS][0m CAP_SETGID (bit 6) is not set — can change process GID
[0;32m[PASS][0m CAP_MKNOD (bit 27) is not set — can create special device files
[0;32m[PASS][0m CAP_NET_RAW (bit 13) is SET (expected) — can create raw network sockets (needed for nmap/traceroute)
[0;32m[PASS][0m CAP_NET_BIND_SERVICE (bit 10) is SET (expected) — can bind to ports < 1024
[0;32m[PASS][0m CAP_FOWNER (bit 3) is not set — can bypass file ownership checks
[0;32m[PASS][0m CAP_SETFCAP (bit 31) is not set — can set file capabilities

--- Phase 4: Host mount audit ---
Writable real-filesystem mounts:
[0;33m[WARN][0m Host mount: /sys/kernel/security (securityfs, rw,nosuid,nodev,noexec,relatime)
[0;33m[WARN][0m Host mount: /sys/fs/cgroup (cgroup2, rw,seclabel,nosuid,nodev,noexec,relatime,nsdelegate,memory_recursiveprot,memory_hugetlb_accounting)
[0;33m[WARN][0m Host mount: /sys/fs/pstore (pstore, rw,seclabel,nosuid,nodev,noexec,relatime)
[0;33m[WARN][0m Host mount: /sys/firmware/efi/efivars (efivarfs, rw,nosuid,nodev,noexec,relatime)
[0;33m[WARN][0m Host mount: /sys/fs/bpf (bpf, rw,nosuid,nodev,noexec,relatime,mode=700)
[0;33m[WARN][0m Host mount: /sys/kernel/config (configfs, rw,nosuid,nodev,noexec,relatime)
[0;33m[WARN][0m Host mount: /sys/fs/selinux (selinuxfs, rw,nosuid,noexec,relatime)
[0;33m[WARN][0m Host mount: /sys/fs/fuse/connections (fusectl, rw,nosuid,nodev,noexec,relatime)
[0;33m[WARN][0m Host mount: /sys/kernel/debug (debugfs, rw,seclabel,nosuid,nodev,noexec,relatime)
[0;33m[WARN][0m Host mount: /sys/kernel/debug/tracing (tracefs, rw,seclabel,nosuid,nodev,noexec,relatime)
[0;33m[WARN][0m Host mount: /sys/kernel/tracing (tracefs, rw,seclabel,nosuid,nodev,noexec,relatime)
[0;33m[WARN][0m Host mount: /root/i.ar (btrfs, rw,seclabel,relatime,compress=zstd:1,ssd,discard=async,space_cache=v2,subvolid=256,subvol=/root)
[0;33m[WARN][0m Host mount: /root/.emacs.d (btrfs, rw,seclabel,relatime,compress=zstd:1,ssd,discard=async,space_cache=v2,subvolid=256,subvol=/root)
[0;33m[WARN][0m Host mount: /root/personalization (btrfs, rw,seclabel,relatime,compress=zstd:1,ssd,discard=async,space_cache=v2,subvolid=256,subvol=/root)
[0;33m[WARN][0m Host mount: /root/.emacs.d/metaconfig (btrfs, rw,seclabel,relatime,compress=zstd:1,ssd,discard=async,space_cache=v2,subvolid=256,subvol=/root)
[0;33m[WARN][0m Host mount: /root/i.ar/prompts (btrfs, rw,seclabel,relatime,compress=zstd:1,ssd,discard=async,space_cache=v2,subvolid=256,subvol=/root)
[0;33m[WARN][0m Host mount: /root/.emacs.d/gptel-fork (btrfs, rw,seclabel,relatime,compress=zstd:1,ssd,discard=async,space_cache=v2,subvolid=256,subvol=/root)

============================================
[0;32m  PREFLIGHT PASSED[0m
============================================
Loading /root/.emacs.d/configs/paths.el (source)...
Loading /root/.emacs.d/configs/predicates.el (source)...
Loading /root/.emacs.d/configs/keybindings.el (source)...
Loading /root/.emacs.d/configs/delimiters.el (source)...
Loading /root/.emacs.d/configs/git.el (source)...
Loading /root/.emacs.d/configs/fork.el (source)...
Loading /root/.emacs.d/configs/delegate.el (source)...
Loading /root/.emacs.d/configs/cycle.el (source)...
Loading /root/.emacs.d/configs/loop-guard.el (source)...
Loading /root/.emacs.d/configs/memory.el (source)...
Loading /root/.emacs.d/configs/file-guard.el (source)...
Loading /root/.emacs.d/configs/tool-limits.el (source)...
Loading /root/.emacs.d/configs/tasks.el (source)...
Loading /root/.emacs.d/configs/mcp.el (source)...
Loading /root/.emacs.d/init.d/shared/iar-utils.el (source)...
Loading /root/.emacs.d/init.d/shared/iar-agent-utils.el (source)...
Loading /root/.emacs.d/init.d/core/iar-locale.el (source)...
Loading /root/.emacs.d/init.d/core/iar-package-setup.el (source)...
Loading /root/.emacs.d/init.d/core/iar-ui-cleanup.el (source)...
Loading /root/.emacs.d/init.d/core/iar-evil-mode.el (source)...
Loading /root/.emacs.d/init.d/core/iar-gptel-setup.el (source)...
[gptel] Using fork from /root/.emacs.d/gptel-fork (overriding ELPA package)
Loading /root/.emacs.d/configs/gptel.el (source)...
Loading /root/.emacs.d/init.d/core/iar-mcp-setup.el (source)...
Loading /root/.emacs.d/init.d/tool-call/iar-malformed-args.el (source)...
Loading /root/.emacs.d/init.d/tool-call/iar-tool-call.el (source)...
[tool-call] Layer installed
Loading /root/.emacs.d/init.d/tool-call/iar-tool-result-timestamp.el (source)...
Loading /root/.emacs.d/init.d/tool-call/iar-tool-result-budget.el (source)...
Loading /root/.emacs.d/init.d/tool-call/iar-request-log.el (source)...
[request-log] Witness installed
Loading /root/.emacs.d/init.d/tool-call/iar-context-fence.el (source)...
Loading /root/.emacs.d/init.d/tool-call/iar-msgs-fence.el (source)...
Loading /root/.emacs.d/init.d/tool-call/iar-request-watchdog.el (source)...
[watchdog] Request watchdog installed
Loading /root/.emacs.d/init.d/tool-call/iar-text-mode-detector.el (source)...
Loading /root/.emacs.d/init.d/agent/iar-prompt-loader.el (source)...
Loading /root/.emacs.d/init.d/core/iar-mount-awareness.el (source)...
Loading /root/.emacs.d/init.d/core/iar-rate-limit.el (source)...
Loading /root/.emacs.d/init.d/security/iar-output-sanitizer.el (source)...
Loading /root/.emacs.d/init.d/security/iar-file-guard.el (source)...
Loading /root/.emacs.d/init.d/security/iar-audit-log.el (source)...
Loading /root/.emacs.d/init.d/security/iar-loop-guard.el (source)...
Loading /root/.emacs.d/init.d/security/iar-loop-guard-chain.el (source)...
Loading /root/.emacs.d/init.d/security/iar-tool-guard.el (source)...
Loading /root/.emacs.d/init.d/security/iar-utf8-scrub.el (source)...
Loading /root/.emacs.d/init.d/tools/filesystem/list_directory.el (source)...
Loading /root/.emacs.d/init.d/tools/filesystem/read_file.el (source)...
Loading /root/.emacs.d/init.d/tools/filesystem/write_file.el (source)...
Loading /root/.emacs.d/init.d/tools/filesystem/append_file.el (source)...
Loading /root/.emacs.d/init.d/tools/code/execute_code_local.el (source)...
Loading /root/.emacs.d/init.d/tools/code/execute_code_remote.el (source)...
Loading /root/.emacs.d/init.d/tools/code/check_elisp.el (source)...
Loading /root/.emacs.d/init.d/tools/tasks/read_task.el (source)...
Loading /root/.emacs.d/init.d/tools/tasks/create_task.el (source)...
Loading /root/.emacs.d/init.d/tools/tasks/write_subtask.el (source)...
Loading /root/.emacs.d/init.d/tools/tasks/remove_task.el (source)...
Loading /root/.emacs.d/init.d/tools/tasks/read_history.el (source)...
Loading /root/.emacs.d/init.d/tools/tasks/read_roadmap.el (source)...
Loading /root/.emacs.d/init.d/tools/tasks/write_roadmap.el (source)...
Loading /root/.emacs.d/init.d/tools/notify/telegram.el (source)...
Loading /root/.emacs.d/init.d/tools/git/git_commit.el (source)...
Loading /root/.emacs.d/init.d/tools/knowledge/read_knowledge.el (source)...
Loading /root/.emacs.d/init.d/agent/iar-project-parser.el (source)...
Loading /root/.emacs.d/init.d/agent/iar-prompt-assembly.el (source)...
Loading /root/.emacs.d/init.d/agent/iar-agent-loader.el (source)...
Loading /root/.emacs.d/init.d/agent/iar-knowledge-loader.el (source)...
Loading /root/.emacs.d/init.d/agent/iar-buffer-info.el (source)...
Loading /root/.emacs.d/init.d/tools/agent/delegate.el (source)...
Loading /root/.emacs.d/init.d/tools/agent/reload_os.el (source)...
Loading /root/.emacs.d/init.d/tools/agent/reload_agent.el (source)...
Loading /root/.emacs.d/init.d/tools/agent/read_own_prompt.el (source)...
Loading /root/.emacs.d/init.d/agent/iar-guidelines-checker.el (source)...
Loading /root/.emacs.d/init.d/agent/iar-agent-cycle.el (source)...
Loading /root/.emacs.d/init.d/debug/iar-status-mode.el (source)...
[status-mode] Installed
Loading /root/.emacs.d/init.d/session/iar-quit.el (source)...
[aria] Starting cycle with 3600s timeout (archetype: aria-cycle, project: iar, cycle: aria_daily)
[assembly] DIGEST [iar/aria] 12349 chars (warn at 12000) -- injected full on every request; diet it
[aria] Assembled prompt: 48113 chars (~12028 tokens), 21 tools
[aria] Sending cycle prompt to aria agent...
Querying Ollama...
[aria] Same-tool warning: 100 calls to execute_code_local this cycle -- one call blocked with notice
[aria] Tool-call budget warning (153/300) -- one call blocked with notice
[aria] Cycle complete. Turns: 1, Tool calls: 157, Exit: 0
Tokens: 11340382 in / 41441 out / 11381823 total
Requests: 158
[0;32m[INF][2026-09-12 22:29:14][0m Cycle 1 succeeded in 552s (exit 0)

[0;34m[INF][2026-09-12 22:32:28][0m --- Cycle 1/1 ---
Already up to date.
============================================
  Preflight Mount Audit — Emacboros
  2026-09-13T01:32:28Z
============================================

--- Phase 1: /proc/mounts scan ---

--- Phase 2: Writability tests ---
[0;32m[PASS][0m /root/.emacs.d/.git/hooks — does not exist
[0;32m[PASS][0m /var/run/docker.sock — does not exist
[0;32m[PASS][0m /etc/cron.d — does not exist
[0;32m[PASS][0m /var/spool/cron — does not exist
[0;32m[PASS][0m /etc/systemd/system — directory is read-only
[0;32m[PASS][0m /etc/systemd — directory is read-only

--- Phase 3: Capability audit ---
[0;32m[PASS][0m CAP_DAC_OVERRIDE (bit 1) is not set — can bypass file read/write/execute permissions
[0;32m[PASS][0m CAP_SYS_ADMIN (bit 21) is not set — broad system administration (mount, namespaces, etc.)
[0;32m[PASS][0m CAP_SETUID (bit 7) is not set — can change process UID
[0;32m[PASS][0m CAP_SETGID (bit 6) is not set — can change process GID
[0;32m[PASS][0m CAP_MKNOD (bit 27) is not set — can create special device files
[0;32m[PASS][0m CAP_NET_RAW (bit 13) is SET (expected) — can create raw network sockets (needed for nmap/traceroute)
[0;32m[PASS][0m CAP_NET_BIND_SERVICE (bit 10) is SET (expected) — can bind to ports < 1024
[0;32m[PASS][0m CAP_FOWNER (bit 3) is not set — can bypass file ownership checks
[0;32m[PASS][0m CAP_SETFCAP (bit 31) is not set — can set file capabilities

--- Phase 4: Host mount audit ---
Writable real-filesystem mounts:
[0;33m[WARN][0m Host mount: /sys/kernel/security (securityfs, rw,nosuid,nodev,noexec,relatime)
[0;33m[WARN][0m Host mount: /sys/fs/cgroup (cgroup2, rw,seclabel,nosuid,nodev,noexec,relatime,nsdelegate,memory_recursiveprot,memory_hugetlb_accounting)
[0;33m[WARN][0m Host mount: /sys/fs/pstore (pstore, rw,seclabel,nosuid,nodev,noexec,relatime)
[0;33m[WARN][0m Host mount: /sys/firmware/efi/efivars (efivarfs, rw,nosuid,nodev,noexec,relatime)
[0;33m[WARN][0m Host mount: /sys/fs/bpf (bpf, rw,nosuid,nodev,noexec,relatime,mode=700)
[0;33m[WARN][0m Host mount: /sys/kernel/config (configfs, rw,nosuid,nodev,noexec,relatime)
[0;33m[WARN][0m Host mount: /sys/fs/selinux (selinuxfs, rw,nosuid,noexec,relatime)
[0;33m[WARN][0m Host mount: /sys/fs/fuse/connections (fusectl, rw,nosuid,nodev,noexec,relatime)
[0;33m[WARN][0m Host mount: /sys/kernel/debug (debugfs, rw,seclabel,nosuid,nodev,noexec,relatime)
[0;33m[WARN][0m Host mount: /sys/kernel/debug/tracing (tracefs, rw,seclabel,nosuid,nodev,noexec,relatime)
[0;33m[WARN][0m Host mount: /sys/kernel/tracing (tracefs, rw,seclabel,nosuid,nodev,noexec,relatime)
[0;33m[WARN][0m Host mount: /root/i.ar (btrfs, rw,seclabel,relatime,compress=zstd:1,ssd,discard=async,space_cache=v2,subvolid=256,subvol=/root)
[0;33m[WARN][0m Host mount: /root/personalization (btrfs, rw,seclabel,relatime,compress=zstd:1,ssd,discard=async,space_cache=v2,subvolid=256,subvol=/root)
[0;33m[WARN][0m Host mount: /root/.emacs.d (btrfs, rw,seclabel,relatime,compress=zstd:1,ssd,discard=async,space_cache=v2,subvolid=256,subvol=/root)
[0;33m[WARN][0m Host mount: /root/.emacs.d/gptel-fork (btrfs, rw,seclabel,relatime,compress=zstd:1,ssd,discard=async,space_cache=v2,subvolid=256,subvol=/root)
[0;33m[WARN][0m Host mount: /root/.emacs.d/metaconfig (btrfs, rw,seclabel,relatime,compress=zstd:1,ssd,discard=async,space_cache=v2,subvolid=256,subvol=/root)
[0;33m[WARN][0m Host mount: /root/i.ar/prompts (btrfs, rw,seclabel,relatime,compress=zstd:1,ssd,discard=async,space_cache=v2,subvolid=256,subvol=/root)

============================================
[0;32m  PREFLIGHT PASSED[0m
============================================
Loading /root/.emacs.d/configs/paths.el (source)...
Loading /root/.emacs.d/configs/predicates.el (source)...
Loading /root/.emacs.d/configs/keybindings.el (source)...
Loading /root/.emacs.d/configs/delimiters.el (source)...
Loading /root/.emacs.d/configs/git.el (source)...
Loading /root/.emacs.d/configs/fork.el (source)...
Loading /root/.emacs.d/configs/delegate.el (source)...
Loading /root/.emacs.d/configs/cycle.el (source)...
Loading /root/.emacs.d/configs/loop-guard.el (source)...
Loading /root/.emacs.d/configs/memory.el (source)...
Loading /root/.emacs.d/configs/file-guard.el (source)...
Loading /root/.emacs.d/configs/tool-limits.el (source)...
Loading /root/.emacs.d/configs/tasks.el (source)...
Loading /root/.emacs.d/configs/mcp.el (source)...
Loading /root/.emacs.d/init.d/shared/iar-utils.el (source)...
Loading /root/.emacs.d/init.d/shared/iar-agent-utils.el (source)...
Loading /root/.emacs.d/init.d/core/iar-locale.el (source)...
Loading /root/.emacs.d/init.d/core/iar-package-setup.el (source)...
Loading /root/.emacs.d/init.d/core/iar-ui-cleanup.el (source)...
Loading /root/.emacs.d/init.d/core/iar-evil-mode.el (source)...
Loading /root/.emacs.d/init.d/core/iar-gptel-setup.el (source)...
[gptel] Using fork from /root/.emacs.d/gptel-fork (overriding ELPA package)
Loading /root/.emacs.d/configs/gptel.el (source)...
Loading /root/.emacs.d/init.d/core/iar-mcp-setup.el (source)...
Loading /root/.emacs.d/init.d/tool-call/iar-malformed-args.el (source)...
Loading /root/.emacs.d/init.d/tool-call/iar-tool-call.el (source)...
[tool-call] Layer installed
Loading /root/.emacs.d/init.d/tool-call/iar-tool-result-timestamp.el (source)...
Loading /root/.emacs.d/init.d/tool-call/iar-tool-result-budget.el (source)...
Loading /root/.emacs.d/init.d/tool-call/iar-request-log.el (source)...
[request-log] Witness installed
Loading /root/.emacs.d/init.d/tool-call/iar-context-fence.el (source)...
Loading /root/.emacs.d/init.d/tool-call/iar-msgs-fence.el (source)...
Loading /root/.emacs.d/init.d/tool-call/iar-request-watchdog.el (source)...
[watchdog] Request watchdog installed
Loading /root/.emacs.d/init.d/tool-call/iar-text-mode-detector.el (source)...
Loading /root/.emacs.d/init.d/agent/iar-prompt-loader.el (source)...
Loading /root/.emacs.d/init.d/core/iar-mount-awareness.el (source)...
Loading /root/.emacs.d/init.d/core/iar-rate-limit.el (source)...
Loading /root/.emacs.d/init.d/security/iar-output-sanitizer.el (source)...
Loading /root/.emacs.d/init.d/security/iar-file-guard.el (source)...
Loading /root/.emacs.d/init.d/security/iar-audit-log.el (source)...
Loading /root/.emacs.d/init.d/security/iar-loop-guard.el (source)...
Loading /root/.emacs.d/init.d/security/iar-loop-guard-chain.el (source)...
Loading /root/.emacs.d/init.d/security/iar-tool-guard.el (source)...
Loading /root/.emacs.d/init.d/security/iar-utf8-scrub.el (source)...
Loading /root/.emacs.d/init.d/tools/filesystem/list_directory.el (source)...
Loading /root/.emacs.d/init.d/tools/filesystem/read_file.el (source)...
Loading /root/.emacs.d/init.d/tools/filesystem/write_file.el (source)...
Loading /root/.emacs.d/init.d/tools/filesystem/append_file.el (source)...
Loading /root/.emacs.d/init.d/tools/code/execute_code_local.el (source)...
Loading /root/.emacs.d/init.d/tools/code/execute_code_remote.el (source)...
Loading /root/.emacs.d/init.d/tools/code/check_elisp.el (source)...
Loading /root/.emacs.d/init.d/tools/tasks/read_task.el (source)...
Loading /root/.emacs.d/init.d/tools/tasks/create_task.el (source)...
Loading /root/.emacs.d/init.d/tools/tasks/write_subtask.el (source)...
Loading /root/.emacs.d/init.d/tools/tasks/remove_task.el (source)...
Loading /root/.emacs.d/init.d/tools/tasks/read_history.el (source)...
Loading /root/.emacs.d/init.d/tools/tasks/read_roadmap.el (source)...
Loading /root/.emacs.d/init.d/tools/tasks/write_roadmap.el (source)...
Loading /root/.emacs.d/init.d/tools/notify/telegram.el (source)...
Loading /root/.emacs.d/init.d/tools/git/git_commit.el (source)...
Loading /root/.emacs.d/init.d/tools/knowledge/read_knowledge.el (source)...
Loading /root/.emacs.d/init.d/agent/iar-project-parser.el (source)...
Loading /root/.emacs.d/init.d/agent/iar-prompt-assembly.el (source)...
Loading /root/.emacs.d/init.d/agent/iar-agent-loader.el (source)...
Loading /root/.emacs.d/init.d/agent/iar-knowledge-loader.el (source)...
Loading /root/.emacs.d/init.d/agent/iar-buffer-info.el (source)...
Loading /root/.emacs.d/init.d/tools/agent/delegate.el (source)...
Loading /root/.emacs.d/init.d/tools/agent/reload_os.el (source)...
Loading /root/.emacs.d/init.d/tools/agent/reload_agent.el (source)...
Loading /root/.emacs.d/init.d/tools/agent/read_own_prompt.el (source)...
Loading /root/.emacs.d/init.d/agent/iar-guidelines-checker.el (source)...
Loading /root/.emacs.d/init.d/agent/iar-agent-cycle.el (source)...
Loading /root/.emacs.d/init.d/debug/iar-status-mode.el (source)...
[status-mode] Installed
Loading /root/.emacs.d/init.d/session/iar-quit.el (source)...
[aria] Starting cycle with 3600s timeout (archetype: aria-cycle, project: iar, cycle: aria_daily)
[assembly] DIGEST [iar/aria] 12349 chars (warn at 12000) -- injected full on every request; diet it
[aria] Assembled prompt: 48104 chars (~12026 tokens), 21 tools
[aria] Sending cycle prompt to aria agent...
Querying Ollama...
[aria] Same-tool warning: 100 calls to execute_code_local this cycle -- one call blocked with notice
[aria] Cycle complete. Turns: 1, Tool calls: 141, Exit: 0
Tokens: 6690527 in / 41809 out / 6732336 total
Requests: 142
[0;32m[INF][2026-09-12 22:40:53][0m Cycle 1 succeeded in 505s (exit 0)

[0;34m[INF][2026-09-12 22:46:42][0m --- Cycle 1/1 ---
Already up to date.
============================================
  Preflight Mount Audit — Emacboros
  2026-09-13T01:46:43Z
============================================

--- Phase 1: /proc/mounts scan ---

--- Phase 2: Writability tests ---
[0;32m[PASS][0m /root/.emacs.d/.git/hooks — does not exist
[0;32m[PASS][0m /var/run/docker.sock — does not exist
[0;32m[PASS][0m /etc/cron.d — does not exist
[0;32m[PASS][0m /var/spool/cron — does not exist
[0;32m[PASS][0m /etc/systemd/system — directory is read-only
[0;32m[PASS][0m /etc/systemd — directory is read-only

--- Phase 3: Capability audit ---
[0;32m[PASS][0m CAP_DAC_OVERRIDE (bit 1) is not set — can bypass file read/write/execute permissions
[0;32m[PASS][0m CAP_SYS_ADMIN (bit 21) is not set — broad system administration (mount, namespaces, etc.)
[0;32m[PASS][0m CAP_SETUID (bit 7) is not set — can change process UID
[0;32m[PASS][0m CAP_SETGID (bit 6) is not set — can change process GID
[0;32m[PASS][0m CAP_MKNOD (bit 27) is not set — can create special device files
[0;32m[PASS][0m CAP_NET_RAW (bit 13) is SET (expected) — can create raw network sockets (needed for nmap/traceroute)
[0;32m[PASS][0m CAP_NET_BIND_SERVICE (bit 10) is SET (expected) — can bind to ports < 1024
[0;32m[PASS][0m CAP_FOWNER (bit 3) is not set — can bypass file ownership checks
[0;32m[PASS][0m CAP_SETFCAP (bit 31) is not set — can set file capabilities

--- Phase 4: Host mount audit ---
Writable real-filesystem mounts:
[0;33m[WARN][0m Host mount: /sys/kernel/security (securityfs, rw,nosuid,nodev,noexec,relatime)
[0;33m[WARN][0m Host mount: /sys/fs/cgroup (cgroup2, rw,seclabel,nosuid,nodev,noexec,relatime,nsdelegate,memory_recursiveprot,memory_hugetlb_accounting)
[0;33m[WARN][0m Host mount: /sys/fs/pstore (pstore, rw,seclabel,nosuid,nodev,noexec,relatime)
[0;33m[WARN][0m Host mount: /sys/firmware/efi/efivars (efivarfs, rw,nosuid,nodev,noexec,relatime)
[0;33m[WARN][0m Host mount: /sys/fs/bpf (bpf, rw,nosuid,nodev,noexec,relatime,mode=700)
[0;33m[WARN][0m Host mount: /sys/kernel/config (configfs, rw,nosuid,nodev,noexec,relatime)
[0;33m[WARN][0m Host mount: /sys/fs/selinux (selinuxfs, rw,nosuid,noexec,relatime)
[0;33m[WARN][0m Host mount: /sys/fs/fuse/connections (fusectl, rw,nosuid,nodev,noexec,relatime)
[0;33m[WARN][0m Host mount: /sys/kernel/debug (debugfs, rw,seclabel,nosuid,nodev,noexec,relatime)
[0;33m[WARN][0m Host mount: /sys/kernel/debug/tracing (tracefs, rw,seclabel,nosuid,nodev,noexec,relatime)
[0;33m[WARN][0m Host mount: /sys/kernel/tracing (tracefs, rw,seclabel,nosuid,nodev,noexec,relatime)
[0;33m[WARN][0m Host mount: /root/personalization (btrfs, rw,seclabel,relatime,compress=zstd:1,ssd,discard=async,space_cache=v2,subvolid=256,subvol=/root)
[0;33m[WARN][0m Host mount: /root/i.ar (btrfs, rw,seclabel,relatime,compress=zstd:1,ssd,discard=async,space_cache=v2,subvolid=256,subvol=/root)
[0;33m[WARN][0m Host mount: /root/.emacs.d (btrfs, rw,seclabel,relatime,compress=zstd:1,ssd,discard=async,space_cache=v2,subvolid=256,subvol=/root)
[0;33m[WARN][0m Host mount: /root/.emacs.d/metaconfig (btrfs, rw,seclabel,relatime,compress=zstd:1,ssd,discard=async,space_cache=v2,subvolid=256,subvol=/root)
[0;33m[WARN][0m Host mount: /root/.emacs.d/gptel-fork (btrfs, rw,seclabel,relatime,compress=zstd:1,ssd,discard=async,space_cache=v2,subvolid=256,subvol=/root)
[0;33m[WARN][0m Host mount: /root/i.ar/prompts (btrfs, rw,seclabel,relatime,compress=zstd:1,ssd,discard=async,space_cache=v2,subvolid=256,subvol=/root)

============================================
[0;32m  PREFLIGHT PASSED[0m
============================================
Loading /root/.emacs.d/configs/paths.el (source)...
Loading /root/.emacs.d/configs/predicates.el (source)...
Loading /root/.emacs.d/configs/keybindings.el (source)...
Loading /root/.emacs.d/configs/delimiters.el (source)...
Loading /root/.emacs.d/configs/git.el (source)...
Loading /root/.emacs.d/configs/fork.el (source)...
Loading /root/.emacs.d/configs/delegate.el (source)...
Loading /root/.emacs.d/configs/cycle.el (source)...
Loading /root/.emacs.d/configs/loop-guard.el (source)...
Loading /root/.emacs.d/configs/memory.el (source)...
Loading /root/.emacs.d/configs/file-guard.el (source)...
Loading /root/.emacs.d/configs/tool-limits.el (source)...
Loading /root/.emacs.d/configs/tasks.el (source)...
Loading /root/.emacs.d/configs/mcp.el (source)...
Loading /root/.emacs.d/init.d/shared/iar-utils.el (source)...
Loading /root/.emacs.d/init.d/shared/iar-agent-utils.el (source)...
Loading /root/.emacs.d/init.d/core/iar-locale.el (source)...
Loading /root/.emacs.d/init.d/core/iar-package-setup.el (source)...
Loading /root/.emacs.d/init.d/core/iar-ui-cleanup.el (source)...
Loading /root/.emacs.d/init.d/core/iar-evil-mode.el (source)...
Loading /root/.emacs.d/init.d/core/iar-gptel-setup.el (source)...
[gptel] Using fork from /root/.emacs.d/gptel-fork (overriding ELPA package)
Loading /root/.emacs.d/configs/gptel.el (source)...
Loading /root/.emacs.d/init.d/core/iar-mcp-setup.el (source)...
Loading /root/.emacs.d/init.d/tool-call/iar-malformed-args.el (source)...
Loading /root/.emacs.d/init.d/tool-call/iar-tool-call.el (source)...
[tool-call] Layer installed
Loading /root/.emacs.d/init.d/tool-call/iar-tool-result-timestamp.el (source)...
Loading /root/.emacs.d/init.d/tool-call/iar-tool-result-budget.el (source)...
Loading /root/.emacs.d/init.d/tool-call/iar-request-log.el (source)...
[request-log] Witness installed
Loading /root/.emacs.d/init.d/tool-call/iar-context-fence.el (source)...
Loading /root/.emacs.d/init.d/tool-call/iar-msgs-fence.el (source)...
Loading /root/.emacs.d/init.d/tool-call/iar-request-watchdog.el (source)...
[watchdog] Request watchdog installed
Loading /root/.emacs.d/init.d/tool-call/iar-text-mode-detector.el (source)...
Loading /root/.emacs.d/init.d/agent/iar-prompt-loader.el (source)...
Loading /root/.emacs.d/init.d/core/iar-mount-awareness.el (source)...
Loading /root/.emacs.d/init.d/core/iar-rate-limit.el (source)...
Loading /root/.emacs.d/init.d/security/iar-output-sanitizer.el (source)...
Loading /root/.emacs.d/init.d/security/iar-file-guard.el (source)...
Loading /root/.emacs.d/init.d/security/iar-audit-log.el (source)...
Loading /root/.emacs.d/init.d/security/iar-loop-guard.el (source)...
Loading /root/.emacs.d/init.d/security/iar-loop-guard-chain.el (source)...
Loading /root/.emacs.d/init.d/security/iar-tool-guard.el (source)...
Loading /root/.emacs.d/init.d/security/iar-utf8-scrub.el (source)...
Loading /root/.emacs.d/init.d/tools/filesystem/list_directory.el (source)...
Loading /root/.emacs.d/init.d/tools/filesystem/read_file.el (source)...
Loading /root/.emacs.d/init.d/tools/filesystem/write_file.el (source)...
Loading /root/.emacs.d/init.d/tools/filesystem/append_file.el (source)...
Loading /root/.emacs.d/init.d/tools/code/execute_code_local.el (source)...
Loading /root/.emacs.d/init.d/tools/code/execute_code_remote.el (source)...
Loading /root/.emacs.d/init.d/tools/code/check_elisp.el (source)...
Loading /root/.emacs.d/init.d/tools/tasks/read_task.el (source)...
Loading /root/.emacs.d/init.d/tools/tasks/create_task.el (source)...
Loading /root/.emacs.d/init.d/tools/tasks/write_subtask.el (source)...
Loading /root/.emacs.d/init.d/tools/tasks/remove_task.el (source)...
Loading /root/.emacs.d/init.d/tools/tasks/read_history.el (source)...
Loading /root/.emacs.d/init.d/tools/tasks/read_roadmap.el (source)...
Loading /root/.emacs.d/init.d/tools/tasks/write_roadmap.el (source)...
Loading /root/.emacs.d/init.d/tools/notify/telegram.el (source)...
Loading /root/.emacs.d/init.d/tools/git/git_commit.el (source)...
Loading /root/.emacs.d/init.d/tools/knowledge/read_knowledge.el (source)...
Loading /root/.emacs.d/init.d/agent/iar-project-parser.el (source)...
Loading /root/.emacs.d/init.d/agent/iar-prompt-assembly.el (source)...
Loading /root/.emacs.d/init.d/agent/iar-agent-loader.el (source)...
Loading /root/.emacs.d/init.d/agent/iar-knowledge-loader.el (source)...
Loading /root/.emacs.d/init.d/agent/iar-buffer-info.el (source)...
Loading /root/.emacs.d/init.d/tools/agent/delegate.el (source)...
Loading /root/.emacs.d/init.d/tools/agent/reload_os.el (source)...
Loading /root/.emacs.d/init.d/tools/agent/reload_agent.el (source)...
Loading /root/.emacs.d/init.d/tools/agent/read_own_prompt.el (source)...
Loading /root/.emacs.d/init.d/agent/iar-guidelines-checker.el (source)...
Loading /root/.emacs.d/init.d/agent/iar-agent-cycle.el (source)...
Loading /root/.emacs.d/init.d/debug/iar-status-mode.el (source)...
[status-mode] Installed
Loading /root/.emacs.d/init.d/session/iar-quit.el (source)...
[aria] Starting cycle with 3600s timeout (archetype: aria-cycle, project: iar, cycle: aria_daily)
[assembly] DIGEST [iar/aria] 12349 chars (warn at 12000) -- injected full on every request; diet it
[aria] Assembled prompt: 48269 chars (~12067 tokens), 21 tools
[aria] Sending cycle prompt to aria agent...
Querying Ollama...
[aria] Cycle complete. Turns: 1, Tool calls: 52, Exit: 0
Tokens: 1407293 in / 16685 out / 1423978 total
Requests: 53
[0;32m[INF][2026-09-12 22:50:51][0m Cycle 1 succeeded in 249s (exit 0)

[0;34m[INF][2026-09-12 22:58:46][0m --- Cycle 1/1 ---
Already up to date.
============================================
  Preflight Mount Audit — Emacboros
  2026-09-13T01:58:47Z
============================================

--- Phase 1: /proc/mounts scan ---

--- Phase 2: Writability tests ---
[0;32m[PASS][0m /root/.emacs.d/.git/hooks — does not exist
[0;32m[PASS][0m /var/run/docker.sock — does not exist
[0;32m[PASS][0m /etc/cron.d — does not exist
[0;32m[PASS][0m /var/spool/cron — does not exist
[0;32m[PASS][0m /etc/systemd/system — directory is read-only
[0;32m[PASS][0m /etc/systemd — directory is read-only

--- Phase 3: Capability audit ---
[0;32m[PASS][0m CAP_DAC_OVERRIDE (bit 1) is not set — can bypass file read/write/execute permissions
[0;32m[PASS][0m CAP_SYS_ADMIN (bit 21) is not set — broad system administration (mount, namespaces, etc.)
[0;32m[PASS][0m CAP_SETUID (bit 7) is not set — can change process UID
[0;32m[PASS][0m CAP_SETGID (bit 6) is not set — can change process GID
[0;32m[PASS][0m CAP_MKNOD (bit 27) is not set — can create special device files
[0;32m[PASS][0m CAP_NET_RAW (bit 13) is SET (expected) — can create raw network sockets (needed for nmap/traceroute)
[0;32m[PASS][0m CAP_NET_BIND_SERVICE (bit 10) is SET (expected) — can bind to ports < 1024
[0;32m[PASS][0m CAP_FOWNER (bit 3) is not set — can bypass file ownership checks
[0;32m[PASS][0m CAP_SETFCAP (bit 31) is not set — can set file capabilities

--- Phase 4: Host mount audit ---
Writable real-filesystem mounts:
[0;33m[WARN][0m Host mount: /sys/kernel/security (securityfs, rw,nosuid,nodev,noexec,relatime)
[0;33m[WARN][0m Host mount: /sys/fs/cgroup (cgroup2, rw,seclabel,nosuid,nodev,noexec,relatime,nsdelegate,memory_recursiveprot,memory_hugetlb_accounting)
[0;33m[WARN][0m Host mount: /sys/fs/pstore (pstore, rw,seclabel,nosuid,nodev,noexec,relatime)
[0;33m[WARN][0m Host mount: /sys/firmware/efi/efivars (efivarfs, rw,nosuid,nodev,noexec,relatime)
[0;33m[WARN][0m Host mount: /sys/fs/bpf (bpf, rw,nosuid,nodev,noexec,relatime,mode=700)
[0;33m[WARN][0m Host mount: /sys/kernel/config (configfs, rw,nosuid,nodev,noexec,relatime)
[0;33m[WARN][0m Host mount: /sys/fs/selinux (selinuxfs, rw,nosuid,noexec,relatime)
[0;33m[WARN][0m Host mount: /sys/fs/fuse/connections (fusectl, rw,nosuid,nodev,noexec,relatime)
[0;33m[WARN][0m Host mount: /sys/kernel/debug (debugfs, rw,seclabel,nosuid,nodev,noexec,relatime)
[0;33m[WARN][0m Host mount: /sys/kernel/debug/tracing (tracefs, rw,seclabel,nosuid,nodev,noexec,relatime)
[0;33m[WARN][0m Host mount: /sys/kernel/tracing (tracefs, rw,seclabel,nosuid,nodev,noexec,relatime)
[0;33m[WARN][0m Host mount: /root/i.ar (btrfs, rw,seclabel,relatime,compress=zstd:1,ssd,discard=async,space_cache=v2,subvolid=256,subvol=/root)
[0;33m[WARN][0m Host mount: /root/personalization (btrfs, rw,seclabel,relatime,compress=zstd:1,ssd,discard=async,space_cache=v2,subvolid=256,subvol=/root)
[0;33m[WARN][0m Host mount: /root/.emacs.d (btrfs, rw,seclabel,relatime,compress=zstd:1,ssd,discard=async,space_cache=v2,subvolid=256,subvol=/root)
[0;33m[WARN][0m Host mount: /root/.emacs.d/metaconfig (btrfs, rw,seclabel,relatime,compress=zstd:1,ssd,discard=async,space_cache=v2,subvolid=256,subvol=/root)
[0;33m[WARN][0m Host mount: /root/i.ar/prompts (btrfs, rw,seclabel,relatime,compress=zstd:1,ssd,discard=async,space_cache=v2,subvolid=256,subvol=/root)
[0;33m[WARN][0m Host mount: /root/.emacs.d/gptel-fork (btrfs, rw,seclabel,relatime,compress=zstd:1,ssd,discard=async,space_cache=v2,subvolid=256,subvol=/root)

============================================
[0;32m  PREFLIGHT PASSED[0m
============================================
Loading /root/.emacs.d/configs/paths.el (source)...
Loading /root/.emacs.d/configs/predicates.el (source)...
Loading /root/.emacs.d/configs/keybindings.el (source)...
Loading /root/.emacs.d/configs/delimiters.el (source)...
Loading /root/.emacs.d/configs/git.el (source)...
Loading /root/.emacs.d/configs/fork.el (source)...
Loading /root/.emacs.d/configs/delegate.el (source)...
Loading /root/.emacs.d/configs/cycle.el (source)...
Loading /root/.emacs.d/configs/loop-guard.el (source)...
Loading /root/.emacs.d/configs/memory.el (source)...
Loading /root/.emacs.d/configs/file-guard.el (source)...
Loading /root/.emacs.d/configs/tool-limits.el (source)...
Loading /root/.emacs.d/configs/tasks.el (source)...
Loading /root/.emacs.d/configs/mcp.el (source)...
Loading /root/.emacs.d/init.d/shared/iar-utils.el (source)...
Loading /root/.emacs.d/init.d/shared/iar-agent-utils.el (source)...
Loading /root/.emacs.d/init.d/core/iar-locale.el (source)...
Loading /root/.emacs.d/init.d/core/iar-package-setup.el (source)...
Loading /root/.emacs.d/init.d/core/iar-ui-cleanup.el (source)...
Loading /root/.emacs.d/init.d/core/iar-evil-mode.el (source)...
Loading /root/.emacs.d/init.d/core/iar-gptel-setup.el (source)...
[gptel] Using fork from /root/.emacs.d/gptel-fork (overriding ELPA package)
Loading /root/.emacs.d/configs/gptel.el (source)...
Loading /root/.emacs.d/init.d/core/iar-mcp-setup.el (source)...
Loading /root/.emacs.d/init.d/tool-call/iar-malformed-args.el (source)...
Loading /root/.emacs.d/init.d/tool-call/iar-tool-call.el (source)...
[tool-call] Layer installed
Loading /root/.emacs.d/init.d/tool-call/iar-tool-result-timestamp.el (source)...
Loading /root/.emacs.d/init.d/tool-call/iar-tool-result-budget.el (source)...
Loading /root/.emacs.d/init.d/tool-call/iar-request-log.el (source)...
[request-log] Witness installed
Loading /root/.emacs.d/init.d/tool-call/iar-context-fence.el (source)...
Loading /root/.emacs.d/init.d/tool-call/iar-msgs-fence.el (source)...
Loading /root/.emacs.d/init.d/tool-call/iar-request-watchdog.el (source)...
[watchdog] Request watchdog installed
Loading /root/.emacs.d/init.d/tool-call/iar-text-mode-detector.el (source)...
Loading /root/.emacs.d/init.d/agent/iar-prompt-loader.el (source)...
Loading /root/.emacs.d/init.d/core/iar-mount-awareness.el (source)...
Loading /root/.emacs.d/init.d/core/iar-rate-limit.el (source)...
Loading /root/.emacs.d/init.d/security/iar-output-sanitizer.el (source)...
Loading /root/.emacs.d/init.d/security/iar-file-guard.el (source)...
Loading /root/.emacs.d/init.d/security/iar-audit-log.el (source)...
Loading /root/.emacs.d/init.d/security/iar-loop-guard.el (source)...
Loading /root/.emacs.d/init.d/security/iar-loop-guard-chain.el (source)...
Loading /root/.emacs.d/init.d/security/iar-tool-guard.el (source)...
Loading /root/.emacs.d/init.d/security/iar-utf8-scrub.el (source)...
Loading /root/.emacs.d/init.d/tools/filesystem/list_directory.el (source)...
Loading /root/.emacs.d/init.d/tools/filesystem/read_file.el (source)...
Loading /root/.emacs.d/init.d/tools/filesystem/write_file.el (source)...
Loading /root/.emacs.d/init.d/tools/filesystem/append_file.el (source)...
Loading /root/.emacs.d/init.d/tools/code/execute_code_local.el (source)...
Loading /root/.emacs.d/init.d/tools/code/execute_code_remote.el (source)...
Loading /root/.emacs.d/init.d/tools/code/check_elisp.el (source)...
Loading /root/.emacs.d/init.d/tools/tasks/read_task.el (source)...
Loading /root/.emacs.d/init.d/tools/tasks/create_task.el (source)...
Loading /root/.emacs.d/init.d/tools/tasks/write_subtask.el (source)...
Loading /root/.emacs.d/init.d/tools/tasks/remove_task.el (source)...
Loading /root/.emacs.d/init.d/tools/tasks/read_history.el (source)...
Loading /root/.emacs.d/init.d/tools/tasks/read_roadmap.el (source)...
Loading /root/.emacs.d/init.d/tools/tasks/write_roadmap.el (source)...
Loading /root/.emacs.d/init.d/tools/notify/telegram.el (source)...
Loading /root/.emacs.d/init.d/tools/git/git_commit.el (source)...
Loading /root/.emacs.d/init.d/tools/knowledge/read_knowledge.el (source)...
Loading /root/.emacs.d/init.d/agent/iar-project-parser.el (source)...
Loading /root/.emacs.d/init.d/agent/iar-prompt-assembly.el (source)...
Loading /root/.emacs.d/init.d/agent/iar-agent-loader.el (source)...
Loading /root/.emacs.d/init.d/agent/iar-knowledge-loader.el (source)...
Loading /root/.emacs.d/init.d/agent/iar-buffer-info.el (source)...
Loading /root/.emacs.d/init.d/tools/agent/delegate.el (source)...
Loading /root/.emacs.d/init.d/tools/agent/reload_os.el (source)...
Loading /root/.emacs.d/init.d/tools/agent/reload_agent.el (source)...
Loading /root/.emacs.d/init.d/tools/agent/read_own_prompt.el (source)...
Loading /root/.emacs.d/init.d/agent/iar-guidelines-checker.el (source)...
Loading /root/.emacs.d/init.d/agent/iar-agent-cycle.el (source)...
Loading /root/.emacs.d/init.d/debug/iar-status-mode.el (source)...
[status-mode] Installed
Loading /root/.emacs.d/init.d/session/iar-quit.el (source)...
[aria] Starting cycle with 3600s timeout (archetype: aria-cycle, project: iar, cycle: aria_daily)
[assembly] DIGEST [iar/aria] 12349 chars (warn at 12000) -- injected full on every request; diet it
[aria] Assembled prompt: 48017 chars (~12004 tokens), 21 tools
[aria] Sending cycle prompt to aria agent...
Querying Ollama...
[aria] Same-tool warning: 100 calls to execute_code_local this cycle -- one call blocked with notice
[aria] Tool-call budget warning (150/300) -- one call blocked with notice
[aria] Cycle complete. Turns: 1, Tool calls: 197, Exit: 0
Tokens: 13906834 in / 52765 out / 13959599 total
Requests: 198
[0;32m[INF][2026-09-12 23:19:56][0m Cycle 1 succeeded in 1270s (exit 0)

[0;34m[INF][2026-09-12 23:24:22][0m --- Cycle 1/1 ---
Already up to date.
============================================
  Preflight Mount Audit — Emacboros
  2026-09-13T02:24:23Z
============================================

--- Phase 1: /proc/mounts scan ---

--- Phase 2: Writability tests ---
[0;32m[PASS][0m /root/.emacs.d/.git/hooks — does not exist
[0;32m[PASS][0m /var/run/docker.sock — does not exist
[0;32m[PASS][0m /etc/cron.d — does not exist
[0;32m[PASS][0m /var/spool/cron — does not exist
[0;32m[PASS][0m /etc/systemd/system — directory is read-only
[0;32m[PASS][0m /etc/systemd — directory is read-only

--- Phase 3: Capability audit ---
[0;32m[PASS][0m CAP_DAC_OVERRIDE (bit 1) is not set — can bypass file read/write/execute permissions
[0;32m[PASS][0m CAP_SYS_ADMIN (bit 21) is not set — broad system administration (mount, namespaces, etc.)
[0;32m[PASS][0m CAP_SETUID (bit 7) is not set — can change process UID
[0;32m[PASS][0m CAP_SETGID (bit 6) is not set — can change process GID
[0;32m[PASS][0m CAP_MKNOD (bit 27) is not set — can create special device files
[0;32m[PASS][0m CAP_NET_RAW (bit 13) is SET (expected) — can create raw network sockets (needed for nmap/traceroute)
[0;32m[PASS][0m CAP_NET_BIND_SERVICE (bit 10) is SET (expected) — can bind to ports < 1024
[0;32m[PASS][0m CAP_FOWNER (bit 3) is not set — can bypass file ownership checks
[0;32m[PASS][0m CAP_SETFCAP (bit 31) is not set — can set file capabilities

--- Phase 4: Host mount audit ---
Writable real-filesystem mounts:
[0;33m[WARN][0m Host mount: /sys/kernel/security (securityfs, rw,nosuid,nodev,noexec,relatime)
[0;33m[WARN][0m Host mount: /sys/fs/cgroup (cgroup2, rw,seclabel,nosuid,nodev,noexec,relatime,nsdelegate,memory_recursiveprot,memory_hugetlb_accounting)
[0;33m[WARN][0m Host mount: /sys/fs/pstore (pstore, rw,seclabel,nosuid,nodev,noexec,relatime)
[0;33m[WARN][0m Host mount: /sys/firmware/efi/efivars (efivarfs, rw,nosuid,nodev,noexec,relatime)
[0;33m[WARN][0m Host mount: /sys/fs/bpf (bpf, rw,nosuid,nodev,noexec,relatime,mode=700)
[0;33m[WARN][0m Host mount: /sys/kernel/config (configfs, rw,nosuid,nodev,noexec,relatime)
[0;33m[WARN][0m Host mount: /sys/fs/selinux (selinuxfs, rw,nosuid,noexec,relatime)
[0;33m[WARN][0m Host mount: /sys/fs/fuse/connections (fusectl, rw,nosuid,nodev,noexec,relatime)
[0;33m[WARN][0m Host mount: /sys/kernel/debug (debugfs, rw,seclabel,nosuid,nodev,noexec,relatime)
[0;33m[WARN][0m Host mount: /sys/kernel/debug/tracing (tracefs, rw,seclabel,nosuid,nodev,noexec,relatime)
[0;33m[WARN][0m Host mount: /sys/kernel/tracing (tracefs, rw,seclabel,nosuid,nodev,noexec,relatime)
[0;33m[WARN][0m Host mount: /root/.emacs.d (btrfs, rw,seclabel,relatime,compress=zstd:1,ssd,discard=async,space_cache=v2,subvolid=256,subvol=/root)
[0;33m[WARN][0m Host mount: /root/personalization (btrfs, rw,seclabel,relatime,compress=zstd:1,ssd,discard=async,space_cache=v2,subvolid=256,subvol=/root)
[0;33m[WARN][0m Host mount: /root/i.ar (btrfs, rw,seclabel,relatime,compress=zstd:1,ssd,discard=async,space_cache=v2,subvolid=256,subvol=/root)
[0;33m[WARN][0m Host mount: /root/i.ar/prompts (btrfs, rw,seclabel,relatime,compress=zstd:1,ssd,discard=async,space_cache=v2,subvolid=256,subvol=/root)
[0;33m[WARN][0m Host mount: /root/.emacs.d/gptel-fork (btrfs, rw,seclabel,relatime,compress=zstd:1,ssd,discard=async,space_cache=v2,subvolid=256,subvol=/root)
[0;33m[WARN][0m Host mount: /root/.emacs.d/metaconfig (btrfs, rw,seclabel,relatime,compress=zstd:1,ssd,discard=async,space_cache=v2,subvolid=256,subvol=/root)

============================================
[0;32m  PREFLIGHT PASSED[0m
============================================
Loading /root/.emacs.d/configs/paths.el (source)...
Loading /root/.emacs.d/configs/predicates.el (source)...
Loading /root/.emacs.d/configs/keybindings.el (source)...
Loading /root/.emacs.d/configs/delimiters.el (source)...
Loading /root/.emacs.d/configs/git.el (source)...
Loading /root/.emacs.d/configs/fork.el (source)...
Loading /root/.emacs.d/configs/delegate.el (source)...
Loading /root/.emacs.d/configs/cycle.el (source)...
Loading /root/.emacs.d/configs/loop-guard.el (source)...
Loading /root/.emacs.d/configs/memory.el (source)...
Loading /root/.emacs.d/configs/file-guard.el (source)...
Loading /root/.emacs.d/configs/tool-limits.el (source)...
Loading /root/.emacs.d/configs/tasks.el (source)...
Loading /root/.emacs.d/configs/mcp.el (source)...
Loading /root/.emacs.d/init.d/shared/iar-utils.el (source)...
Loading /root/.emacs.d/init.d/shared/iar-agent-utils.el (source)...
Loading /root/.emacs.d/init.d/core/iar-locale.el (source)...
Loading /root/.emacs.d/init.d/core/iar-package-setup.el (source)...
Loading /root/.emacs.d/init.d/core/iar-ui-cleanup.el (source)...
Loading /root/.emacs.d/init.d/core/iar-evil-mode.el (source)...
Loading /root/.emacs.d/init.d/core/iar-gptel-setup.el (source)...
[gptel] Using fork from /root/.emacs.d/gptel-fork (overriding ELPA package)
Loading /root/.emacs.d/configs/gptel.el (source)...
Loading /root/.emacs.d/init.d/core/iar-mcp-setup.el (source)...
Loading /root/.emacs.d/init.d/tool-call/iar-malformed-args.el (source)...
Loading /root/.emacs.d/init.d/tool-call/iar-tool-call.el (source)...
[tool-call] Layer installed
Loading /root/.emacs.d/init.d/tool-call/iar-tool-result-timestamp.el (source)...
Loading /root/.emacs.d/init.d/tool-call/iar-tool-result-budget.el (source)...
Loading /root/.emacs.d/init.d/tool-call/iar-request-log.el (source)...
[request-log] Witness installed
Loading /root/.emacs.d/init.d/tool-call/iar-context-fence.el (source)...
Loading /root/.emacs.d/init.d/tool-call/iar-msgs-fence.el (source)...
Loading /root/.emacs.d/init.d/tool-call/iar-request-watchdog.el (source)...
[watchdog] Request watchdog installed
Loading /root/.emacs.d/init.d/tool-call/iar-text-mode-detector.el (source)...
Loading /root/.emacs.d/init.d/agent/iar-prompt-loader.el (source)...
Loading /root/.emacs.d/init.d/core/iar-mount-awareness.el (source)...
Loading /root/.emacs.d/init.d/core/iar-rate-limit.el (source)...
Loading /root/.emacs.d/init.d/security/iar-output-sanitizer.el (source)...
Loading /root/.emacs.d/init.d/security/iar-file-guard.el (source)...
Loading /root/.emacs.d/init.d/security/iar-audit-log.el (source)...
Loading /root/.emacs.d/init.d/security/iar-loop-guard.el (source)...
Loading /root/.emacs.d/init.d/security/iar-loop-guard-chain.el (source)...
Loading /root/.emacs.d/init.d/security/iar-tool-guard.el (source)...
Loading /root/.emacs.d/init.d/security/iar-utf8-scrub.el (source)...
Loading /root/.emacs.d/init.d/tools/filesystem/list_directory.el (source)...
Loading /root/.emacs.d/init.d/tools/filesystem/read_file.el (source)...
Loading /root/.emacs.d/init.d/tools/filesystem/write_file.el (source)...
Loading /root/.emacs.d/init.d/tools/filesystem/append_file.el (source)...
Loading /root/.emacs.d/init.d/tools/code/execute_code_local.el (source)...
Loading /root/.emacs.d/init.d/tools/code/execute_code_remote.el (source)...
Loading /root/.emacs.d/init.d/tools/code/check_elisp.el (source)...
Loading /root/.emacs.d/init.d/tools/tasks/read_task.el (source)...
Loading /root/.emacs.d/init.d/tools/tasks/create_task.el (source)...
Loading /root/.emacs.d/init.d/tools/tasks/write_subtask.el (source)...
Loading /root/.emacs.d/init.d/tools/tasks/remove_task.el (source)...
Loading /root/.emacs.d/init.d/tools/tasks/read_history.el (source)...
Loading /root/.emacs.d/init.d/tools/tasks/read_roadmap.el (source)...
Loading /root/.emacs.d/init.d/tools/tasks/write_roadmap.el (source)...
Loading /root/.emacs.d/init.d/tools/notify/telegram.el (source)...
Loading /root/.emacs.d/init.d/tools/git/git_commit.el (source)...
Loading /root/.emacs.d/init.d/tools/knowledge/read_knowledge.el (source)...
Loading /root/.emacs.d/init.d/agent/iar-project-parser.el (source)...
Loading /root/.emacs.d/init.d/agent/iar-prompt-assembly.el (source)...
Loading /root/.emacs.d/init.d/agent/iar-agent-loader.el (source)...
Loading /root/.emacs.d/init.d/agent/iar-knowledge-loader.el (source)...
Loading /root/.emacs.d/init.d/agent/iar-buffer-info.el (source)...
Loading /root/.emacs.d/init.d/tools/agent/delegate.el (source)...
Loading /root/.emacs.d/init.d/tools/agent/reload_os.el (source)...
Loading /root/.emacs.d/init.d/tools/agent/reload_agent.el (source)...
Loading /root/.emacs.d/init.d/tools/agent/read_own_prompt.el (source)...
Loading /root/.emacs.d/init.d/agent/iar-guidelines-checker.el (source)...
Loading /root/.emacs.d/init.d/agent/iar-agent-cycle.el (source)...
Loading /root/.emacs.d/init.d/debug/iar-status-mode.el (source)...
[status-mode] Installed
Loading /root/.emacs.d/init.d/session/iar-quit.el (source)...
[aria] Starting cycle with 3600s timeout (archetype: aria-cycle, project: iar, cycle: aria_daily)
[assembly] DIGEST [iar/aria] 12415 chars (warn at 12000) -- injected full on every request; diet it
[aria] Assembled prompt: 48021 chars (~12005 tokens), 21 tools
[aria] Sending cycle prompt to aria agent...
Querying Ollama...
[loop-guard-chain] SOFT BLOCK: execute_code_local chained 10 times
[loop-guard-chain] SOFT BLOCK: execute_code_local chained 10 times
[loop-guard-chain] SOFT BLOCK: execute_code_local chained 11 times
[aria] Same-tool warning: 100 calls to execute_code_local this cycle -- one call blocked with notice
[aria] Cycle complete. Turns: 1, Tool calls: 120, Exit: 0
Tokens: 5979647 in / 59488 out / 6039135 total
Requests: 121
[0;32m[INF][2026-09-12 23:33:34][0m Cycle 1 succeeded in 552s (exit 0)

[0;34m[INF][2026-09-12 23:38:31][0m --- Cycle 1/1 ---
Already up to date.
============================================
  Preflight Mount Audit — Emacboros
  2026-09-13T02:38:32Z
============================================

--- Phase 1: /proc/mounts scan ---

--- Phase 2: Writability tests ---
[0;32m[PASS][0m /root/.emacs.d/.git/hooks — does not exist
[0;32m[PASS][0m /var/run/docker.sock — does not exist
[0;32m[PASS][0m /etc/cron.d — does not exist
[0;32m[PASS][0m /var/spool/cron — does not exist
[0;32m[PASS][0m /etc/systemd/system — directory is read-only
[0;32m[PASS][0m /etc/systemd — directory is read-only

--- Phase 3: Capability audit ---
[0;32m[PASS][0m CAP_DAC_OVERRIDE (bit 1) is not set — can bypass file read/write/execute permissions
[0;32m[PASS][0m CAP_SYS_ADMIN (bit 21) is not set — broad system administration (mount, namespaces, etc.)
[0;32m[PASS][0m CAP_SETUID (bit 7) is not set — can change process UID
[0;32m[PASS][0m CAP_SETGID (bit 6) is not set — can change process GID
[0;32m[PASS][0m CAP_MKNOD (bit 27) is not set — can create special device files
[0;32m[PASS][0m CAP_NET_RAW (bit 13) is SET (expected) — can create raw network sockets (needed for nmap/traceroute)
[0;32m[PASS][0m CAP_NET_BIND_SERVICE (bit 10) is SET (expected) — can bind to ports < 1024
[0;32m[PASS][0m CAP_FOWNER (bit 3) is not set — can bypass file ownership checks
[0;32m[PASS][0m CAP_SETFCAP (bit 31) is not set — can set file capabilities

--- Phase 4: Host mount audit ---
Writable real-filesystem mounts:
[0;33m[WARN][0m Host mount: /sys/kernel/security (securityfs, rw,nosuid,nodev,noexec,relatime)
[0;33m[WARN][0m Host mount: /sys/fs/cgroup (cgroup2, rw,seclabel,nosuid,nodev,noexec,relatime,nsdelegate,memory_recursiveprot,memory_hugetlb_accounting)
[0;33m[WARN][0m Host mount: /sys/fs/pstore (pstore, rw,seclabel,nosuid,nodev,noexec,relatime)
[0;33m[WARN][0m Host mount: /sys/firmware/efi/efivars (efivarfs, rw,nosuid,nodev,noexec,relatime)
[0;33m[WARN][0m Host mount: /sys/fs/bpf (bpf, rw,nosuid,nodev,noexec,relatime,mode=700)
[0;33m[WARN][0m Host mount: /sys/kernel/config (configfs, rw,nosuid,nodev,noexec,relatime)
[0;33m[WARN][0m Host mount: /sys/fs/selinux (selinuxfs, rw,nosuid,noexec,relatime)
[0;33m[WARN][0m Host mount: /sys/fs/fuse/connections (fusectl, rw,nosuid,nodev,noexec,relatime)
[0;33m[WARN][0m Host mount: /sys/kernel/debug (debugfs, rw,seclabel,nosuid,nodev,noexec,relatime)
[0;33m[WARN][0m Host mount: /sys/kernel/debug/tracing (tracefs, rw,seclabel,nosuid,nodev,noexec,relatime)
[0;33m[WARN][0m Host mount: /sys/kernel/tracing (tracefs, rw,seclabel,nosuid,nodev,noexec,relatime)
[0;33m[WARN][0m Host mount: /root/i.ar (btrfs, rw,seclabel,relatime,compress=zstd:1,ssd,discard=async,space_cache=v2,subvolid=256,subvol=/root)
[0;33m[WARN][0m Host mount: /root/.emacs.d (btrfs, rw,seclabel,relatime,compress=zstd:1,ssd,discard=async,space_cache=v2,subvolid=256,subvol=/root)
[0;33m[WARN][0m Host mount: /root/personalization (btrfs, rw,seclabel,relatime,compress=zstd:1,ssd,discard=async,space_cache=v2,subvolid=256,subvol=/root)
[0;33m[WARN][0m Host mount: /root/.emacs.d/gptel-fork (btrfs, rw,seclabel,relatime,compress=zstd:1,ssd,discard=async,space_cache=v2,subvolid=256,subvol=/root)
[0;33m[WARN][0m Host mount: /root/.emacs.d/metaconfig (btrfs, rw,seclabel,relatime,compress=zstd:1,ssd,discard=async,space_cache=v2,subvolid=256,subvol=/root)
[0;33m[WARN][0m Host mount: /root/i.ar/prompts (btrfs, rw,seclabel,relatime,compress=zstd:1,ssd,discard=async,space_cache=v2,subvolid=256,subvol=/root)

============================================
[0;32m  PREFLIGHT PASSED[0m
============================================
Loading /root/.emacs.d/configs/paths.el (source)...
Loading /root/.emacs.d/configs/predicates.el (source)...
Loading /root/.emacs.d/configs/keybindings.el (source)...
Loading /root/.emacs.d/configs/delimiters.el (source)...
Loading /root/.emacs.d/configs/git.el (source)...
Loading /root/.emacs.d/configs/fork.el (source)...
Loading /root/.emacs.d/configs/delegate.el (source)...
Loading /root/.emacs.d/configs/cycle.el (source)...
Loading /root/.emacs.d/configs/loop-guard.el (source)...
Loading /root/.emacs.d/configs/memory.el (source)...
Loading /root/.emacs.d/configs/file-guard.el (source)...
Loading /root/.emacs.d/configs/tool-limits.el (source)...
Loading /root/.emacs.d/configs/tasks.el (source)...
Loading /root/.emacs.d/configs/mcp.el (source)...
Loading /root/.emacs.d/init.d/shared/iar-utils.el (source)...
Loading /root/.emacs.d/init.d/shared/iar-agent-utils.el (source)...
Loading /root/.emacs.d/init.d/core/iar-locale.el (source)...
Loading /root/.emacs.d/init.d/core/iar-package-setup.el (source)...
Loading /root/.emacs.d/init.d/core/iar-ui-cleanup.el (source)...
Loading /root/.emacs.d/init.d/core/iar-evil-mode.el (source)...
Loading /root/.emacs.d/init.d/core/iar-gptel-setup.el (source)...
[gptel] Using fork from /root/.emacs.d/gptel-fork (overriding ELPA package)
Loading /root/.emacs.d/configs/gptel.el (source)...
Loading /root/.emacs.d/init.d/core/iar-mcp-setup.el (source)...
Loading /root/.emacs.d/init.d/tool-call/iar-malformed-args.el (source)...
Loading /root/.emacs.d/init.d/tool-call/iar-tool-call.el (source)...
[tool-call] Layer installed
Loading /root/.emacs.d/init.d/tool-call/iar-tool-result-timestamp.el (source)...
Loading /root/.emacs.d/init.d/tool-call/iar-tool-result-budget.el (source)...
Loading /root/.emacs.d/init.d/tool-call/iar-request-log.el (source)...
[request-log] Witness installed
Loading /root/.emacs.d/init.d/tool-call/iar-context-fence.el (source)...
Loading /root/.emacs.d/init.d/tool-call/iar-msgs-fence.el (source)...
Loading /root/.emacs.d/init.d/tool-call/iar-request-watchdog.el (source)...
[watchdog] Request watchdog installed
Loading /root/.emacs.d/init.d/tool-call/iar-text-mode-detector.el (source)...
Loading /root/.emacs.d/init.d/agent/iar-prompt-loader.el (source)...
Loading /root/.emacs.d/init.d/core/iar-mount-awareness.el (source)...
Loading /root/.emacs.d/init.d/core/iar-rate-limit.el (source)...
Loading /root/.emacs.d/init.d/security/iar-output-sanitizer.el (source)...
Loading /root/.emacs.d/init.d/security/iar-file-guard.el (source)...
Loading /root/.emacs.d/init.d/security/iar-audit-log.el (source)...
Loading /root/.emacs.d/init.d/security/iar-loop-guard.el (source)...
Loading /root/.emacs.d/init.d/security/iar-loop-guard-chain.el (source)...
Loading /root/.emacs.d/init.d/security/iar-tool-guard.el (source)...
Loading /root/.emacs.d/init.d/security/iar-utf8-scrub.el (source)...
Loading /root/.emacs.d/init.d/tools/filesystem/list_directory.el (source)...
Loading /root/.emacs.d/init.d/tools/filesystem/read_file.el (source)...
Loading /root/.emacs.d/init.d/tools/filesystem/write_file.el (source)...
Loading /root/.emacs.d/init.d/tools/filesystem/append_file.el (source)...
Loading /root/.emacs.d/init.d/tools/code/execute_code_local.el (source)...
Loading /root/.emacs.d/init.d/tools/code/execute_code_remote.el (source)...
Loading /root/.emacs.d/init.d/tools/code/check_elisp.el (source)...
Loading /root/.emacs.d/init.d/tools/tasks/read_task.el (source)...
Loading /root/.emacs.d/init.d/tools/tasks/create_task.el (source)...
Loading /root/.emacs.d/init.d/tools/tasks/write_subtask.el (source)...
Loading /root/.emacs.d/init.d/tools/tasks/remove_task.el (source)...
Loading /root/.emacs.d/init.d/tools/tasks/read_history.el (source)...
Loading /root/.emacs.d/init.d/tools/tasks/read_roadmap.el (source)...
Loading /root/.emacs.d/init.d/tools/tasks/write_roadmap.el (source)...
Loading /root/.emacs.d/init.d/tools/notify/telegram.el (source)...
Loading /root/.emacs.d/init.d/tools/git/git_commit.el (source)...
Loading /root/.emacs.d/init.d/tools/knowledge/read_knowledge.el (source)...
Loading /root/.emacs.d/init.d/agent/iar-project-parser.el (source)...
Loading /root/.emacs.d/init.d/agent/iar-prompt-assembly.el (source)...
Loading /root/.emacs.d/init.d/agent/iar-agent-loader.el (source)...
Loading /root/.emacs.d/init.d/agent/iar-knowledge-loader.el (source)...
Loading /root/.emacs.d/init.d/agent/iar-buffer-info.el (source)...
Loading /root/.emacs.d/init.d/tools/agent/delegate.el (source)...
Loading /root/.emacs.d/init.d/tools/agent/reload_os.el (source)...
Loading /root/.emacs.d/init.d/tools/agent/reload_agent.el (source)...
Loading /root/.emacs.d/init.d/tools/agent/read_own_prompt.el (source)...
Loading /root/.emacs.d/init.d/agent/iar-guidelines-checker.el (source)...
Loading /root/.emacs.d/init.d/agent/iar-agent-cycle.el (source)...
Loading /root/.emacs.d/init.d/debug/iar-status-mode.el (source)...
[status-mode] Installed
Loading /root/.emacs.d/init.d/session/iar-quit.el (source)...
[aria] Starting cycle with 3600s timeout (archetype: aria-cycle, project: iar, cycle: aria_daily)
[assembly] DIGEST [iar/aria] 13237 chars (warn at 12000) -- injected full on every request; diet it
[aria] Assembled prompt: 49145 chars (~12286 tokens), 21 tools
[aria] Sending cycle prompt to aria agent...
Querying Ollama...
[aria] Same-tool warning: 100 calls to execute_code_local this cycle -- one call blocked with notice
[aria] Cycle complete. Turns: 1, Tool calls: 143, Exit: 0
Tokens: 11088612 in / 53447 out / 11142059 total
Requests: 144
[0;32m[INF][2026-09-12 23:47:26][0m Cycle 1 succeeded in 535s (exit 0)

[0;34m[INF][2026-09-12 23:51:58][0m --- Cycle 1/1 ---
Already up to date.
============================================
  Preflight Mount Audit — Emacboros
  2026-09-13T02:51:59Z
============================================

--- Phase 1: /proc/mounts scan ---

--- Phase 2: Writability tests ---
[0;32m[PASS][0m /root/.emacs.d/.git/hooks — does not exist
[0;32m[PASS][0m /var/run/docker.sock — does not exist
[0;32m[PASS][0m /etc/cron.d — does not exist
[0;32m[PASS][0m /var/spool/cron — does not exist
[0;32m[PASS][0m /etc/systemd/system — directory is read-only
[0;32m[PASS][0m /etc/systemd — directory is read-only

--- Phase 3: Capability audit ---
[0;32m[PASS][0m CAP_DAC_OVERRIDE (bit 1) is not set — can bypass file read/write/execute permissions
[0;32m[PASS][0m CAP_SYS_ADMIN (bit 21) is not set — broad system administration (mount, namespaces, etc.)
[0;32m[PASS][0m CAP_SETUID (bit 7) is not set — can change process UID
[0;32m[PASS][0m CAP_SETGID (bit 6) is not set — can change process GID
[0;32m[PASS][0m CAP_MKNOD (bit 27) is not set — can create special device files
[0;32m[PASS][0m CAP_NET_RAW (bit 13) is SET (expected) — can create raw network sockets (needed for nmap/traceroute)
[0;32m[PASS][0m CAP_NET_BIND_SERVICE (bit 10) is SET (expected) — can bind to ports < 1024
[0;32m[PASS][0m CAP_FOWNER (bit 3) is not set — can bypass file ownership checks
[0;32m[PASS][0m CAP_SETFCAP (bit 31) is not set — can set file capabilities

--- Phase 4: Host mount audit ---
Writable real-filesystem mounts:
[0;33m[WARN][0m Host mount: /sys/kernel/security (securityfs, rw,nosuid,nodev,noexec,relatime)
[0;33m[WARN][0m Host mount: /sys/fs/cgroup (cgroup2, rw,seclabel,nosuid,nodev,noexec,relatime,nsdelegate,memory_recursiveprot,memory_hugetlb_accounting)
[0;33m[WARN][0m Host mount: /sys/fs/pstore (pstore, rw,seclabel,nosuid,nodev,noexec,relatime)
[0;33m[WARN][0m Host mount: /sys/firmware/efi/efivars (efivarfs, rw,nosuid,nodev,noexec,relatime)
[0;33m[WARN][0m Host mount: /sys/fs/bpf (bpf, rw,nosuid,nodev,noexec,relatime,mode=700)
[0;33m[WARN][0m Host mount: /sys/kernel/config (configfs, rw,nosuid,nodev,noexec,relatime)
[0;33m[WARN][0m Host mount: /sys/fs/selinux (selinuxfs, rw,nosuid,noexec,relatime)
[0;33m[WARN][0m Host mount: /sys/fs/fuse/connections (fusectl, rw,nosuid,nodev,noexec,relatime)
[0;33m[WARN][0m Host mount: /sys/kernel/debug (debugfs, rw,seclabel,nosuid,nodev,noexec,relatime)
[0;33m[WARN][0m Host mount: /sys/kernel/debug/tracing (tracefs, rw,seclabel,nosuid,nodev,noexec,relatime)
[0;33m[WARN][0m Host mount: /sys/kernel/tracing (tracefs, rw,seclabel,nosuid,nodev,noexec,relatime)
[0;33m[WARN][0m Host mount: /root/i.ar (btrfs, rw,seclabel,relatime,compress=zstd:1,ssd,discard=async,space_cache=v2,subvolid=256,subvol=/root)
[0;33m[WARN][0m Host mount: /root/.emacs.d (btrfs, rw,seclabel,relatime,compress=zstd:1,ssd,discard=async,space_cache=v2,subvolid=256,subvol=/root)
[0;33m[WARN][0m Host mount: /root/personalization (btrfs, rw,seclabel,relatime,compress=zstd:1,ssd,discard=async,space_cache=v2,subvolid=256,subvol=/root)
[0;33m[WARN][0m Host mount: /root/i.ar/prompts (btrfs, rw,seclabel,relatime,compress=zstd:1,ssd,discard=async,space_cache=v2,subvolid=256,subvol=/root)
[0;33m[WARN][0m Host mount: /root/.emacs.d/metaconfig (btrfs, rw,seclabel,relatime,compress=zstd:1,ssd,discard=async,space_cache=v2,subvolid=256,subvol=/root)
[0;33m[WARN][0m Host mount: /root/.emacs.d/gptel-fork (btrfs, rw,seclabel,relatime,compress=zstd:1,ssd,discard=async,space_cache=v2,subvolid=256,subvol=/root)

============================================
[0;32m  PREFLIGHT PASSED[0m
============================================
Loading /root/.emacs.d/configs/paths.el (source)...
Loading /root/.emacs.d/configs/predicates.el (source)...
Loading /root/.emacs.d/configs/keybindings.el (source)...
Loading /root/.emacs.d/configs/delimiters.el (source)...
Loading /root/.emacs.d/configs/git.el (source)...
Loading /root/.emacs.d/configs/fork.el (source)...
Loading /root/.emacs.d/configs/delegate.el (source)...
Loading /root/.emacs.d/configs/cycle.el (source)...
Loading /root/.emacs.d/configs/loop-guard.el (source)...
Loading /root/.emacs.d/configs/memory.el (source)...
Loading /root/.emacs.d/configs/file-guard.el (source)...
Loading /root/.emacs.d/configs/tool-limits.el (source)...
Loading /root/.emacs.d/configs/tasks.el (source)...
Loading /root/.emacs.d/configs/mcp.el (source)...
Loading /root/.emacs.d/init.d/shared/iar-utils.el (source)...
Loading /root/.emacs.d/init.d/shared/iar-agent-utils.el (source)...
Loading /root/.emacs.d/init.d/core/iar-locale.el (source)...
Loading /root/.emacs.d/init.d/core/iar-package-setup.el (source)...
Loading /root/.emacs.d/init.d/core/iar-ui-cleanup.el (source)...
Loading /root/.emacs.d/init.d/core/iar-evil-mode.el (source)...
Loading /root/.emacs.d/init.d/core/iar-gptel-setup.el (source)...
[gptel] Using fork from /root/.emacs.d/gptel-fork (overriding ELPA package)
Loading /root/.emacs.d/configs/gptel.el (source)...
Loading /root/.emacs.d/init.d/core/iar-mcp-setup.el (source)...
Loading /root/.emacs.d/init.d/tool-call/iar-malformed-args.el (source)...
Loading /root/.emacs.d/init.d/tool-call/iar-tool-call.el (source)...
[tool-call] Layer installed
Loading /root/.emacs.d/init.d/tool-call/iar-tool-result-timestamp.el (source)...
Loading /root/.emacs.d/init.d/tool-call/iar-tool-result-budget.el (source)...
Loading /root/.emacs.d/init.d/tool-call/iar-request-log.el (source)...
[request-log] Witness installed
Loading /root/.emacs.d/init.d/tool-call/iar-context-fence.el (source)...
Loading /root/.emacs.d/init.d/tool-call/iar-msgs-fence.el (source)...
Loading /root/.emacs.d/init.d/tool-call/iar-request-watchdog.el (source)...
[watchdog] Request watchdog installed
Loading /root/.emacs.d/init.d/tool-call/iar-text-mode-detector.el (source)...
Loading /root/.emacs.d/init.d/agent/iar-prompt-loader.el (source)...
Loading /root/.emacs.d/init.d/core/iar-mount-awareness.el (source)...
Loading /root/.emacs.d/init.d/core/iar-rate-limit.el (source)...
Loading /root/.emacs.d/init.d/security/iar-output-sanitizer.el (source)...
Loading /root/.emacs.d/init.d/security/iar-file-guard.el (source)...
Loading /root/.emacs.d/init.d/security/iar-audit-log.el (source)...
Loading /root/.emacs.d/init.d/security/iar-loop-guard.el (source)...
Loading /root/.emacs.d/init.d/security/iar-loop-guard-chain.el (source)...
Loading /root/.emacs.d/init.d/security/iar-tool-guard.el (source)...
Loading /root/.emacs.d/init.d/security/iar-utf8-scrub.el (source)...
Loading /root/.emacs.d/init.d/tools/filesystem/list_directory.el (source)...
Loading /root/.emacs.d/init.d/tools/filesystem/read_file.el (source)...
Loading /root/.emacs.d/init.d/tools/filesystem/write_file.el (source)...
Loading /root/.emacs.d/init.d/tools/filesystem/append_file.el (source)...
Loading /root/.emacs.d/init.d/tools/code/execute_code_local.el (source)...
Loading /root/.emacs.d/init.d/tools/code/execute_code_remote.el (source)...
Loading /root/.emacs.d/init.d/tools/code/check_elisp.el (source)...
Loading /root/.emacs.d/init.d/tools/tasks/read_task.el (source)...
Loading /root/.emacs.d/init.d/tools/tasks/create_task.el (source)...
Loading /root/.emacs.d/init.d/tools/tasks/write_subtask.el (source)...
Loading /root/.emacs.d/init.d/tools/tasks/remove_task.el (source)...
Loading /root/.emacs.d/init.d/tools/tasks/read_history.el (source)...
Loading /root/.emacs.d/init.d/tools/tasks/read_roadmap.el (source)...
Loading /root/.emacs.d/init.d/tools/tasks/write_roadmap.el (source)...
Loading /root/.emacs.d/init.d/tools/notify/telegram.el (source)...
Loading /root/.emacs.d/init.d/tools/git/git_commit.el (source)...
Loading /root/.emacs.d/init.d/tools/knowledge/read_knowledge.el (source)...
Loading /root/.emacs.d/init.d/agent/iar-project-parser.el (source)...
Loading /root/.emacs.d/init.d/agent/iar-prompt-assembly.el (source)...
Loading /root/.emacs.d/init.d/agent/iar-agent-loader.el (source)...
Loading /root/.emacs.d/init.d/agent/iar-knowledge-loader.el (source)...
Loading /root/.emacs.d/init.d/agent/iar-buffer-info.el (source)...
Loading /root/.emacs.d/init.d/tools/agent/delegate.el (source)...
Loading /root/.emacs.d/init.d/tools/agent/reload_os.el (source)...
Loading /root/.emacs.d/init.d/tools/agent/reload_agent.el (source)...
Loading /root/.emacs.d/init.d/tools/agent/read_own_prompt.el (source)...
Loading /root/.emacs.d/init.d/agent/iar-guidelines-checker.el (source)...
Loading /root/.emacs.d/init.d/agent/iar-agent-cycle.el (source)...
Loading /root/.emacs.d/init.d/debug/iar-status-mode.el (source)...
[status-mode] Installed
Loading /root/.emacs.d/init.d/session/iar-quit.el (source)...
[aria] Starting cycle with 3600s timeout (archetype: aria-cycle, project: iar, cycle: aria_daily)
[assembly] DIGEST [iar/aria] 13307 chars (warn at 12000) -- injected full on every request; diet it
[aria] Assembled prompt: 49156 chars (~12289 tokens), 21 tools
[aria] Sending cycle prompt to aria agent...
Querying Ollama...
[aria] Cycle complete. Turns: 1, Tool calls: 90, Exit: 0
Tokens: 3889662 in / 42623 out / 3932285 total
Requests: 91
[0;32m[INF][2026-09-13 00:30:24][0m Cycle 1 succeeded in 2306s (exit 0)
