
[0;34m[INF][2026-09-18 00:30:54][0m --- Cycle 1/1 ---
Already up to date.
============================================
  Preflight Mount Audit — Emacboros
  2026-09-18T03:30:54Z
============================================

--- Phase 1: /proc/mounts scan ---

--- Phase 2: Writability tests ---
[0;32m[PASS][0m /root/.emacs.d/.git/hooks — does not exist
[0;32m[PASS][0m /var/run/docker.sock — does not exist
[0;32m[PASS][0m /etc/cron.d — does not exist
[0;32m[PASS][0m /var/spool/cron — does not exist
[0;32m[PASS][0m /etc/systemd/system — directory is read-only
[0;32m[PASS][0m /etc/systemd — directory is read-only

--- Phase 3: Capability audit ---
[0;32m[PASS][0m CAP_DAC_OVERRIDE (bit 1) is not set — can bypass file read/write/execute permissions
[0;32m[PASS][0m CAP_SYS_ADMIN (bit 21) is not set — broad system administration (mount, namespaces, etc.)
[0;32m[PASS][0m CAP_SETUID (bit 7) is not set — can change process UID
[0;32m[PASS][0m CAP_SETGID (bit 6) is not set — can change process GID
[0;32m[PASS][0m CAP_MKNOD (bit 27) is not set — can create special device files
[0;32m[PASS][0m CAP_NET_RAW (bit 13) is SET (expected) — can create raw network sockets (needed for nmap/traceroute)
[0;32m[PASS][0m CAP_NET_BIND_SERVICE (bit 10) is SET (expected) — can bind to ports < 1024
[0;32m[PASS][0m CAP_FOWNER (bit 3) is not set — can bypass file ownership checks
[0;32m[PASS][0m CAP_SETFCAP (bit 31) is not set — can set file capabilities

--- Phase 4: Host mount audit ---
Writable real-filesystem mounts:
[0;33m[WARN][0m Host mount: /sys/kernel/security (securityfs, rw,nosuid,nodev,noexec,relatime)
[0;33m[WARN][0m Host mount: /sys/fs/cgroup (cgroup2, rw,seclabel,nosuid,nodev,noexec,relatime,nsdelegate,memory_recursiveprot,memory_hugetlb_accounting)
[0;33m[WARN][0m Host mount: /sys/fs/pstore (pstore, rw,seclabel,nosuid,nodev,noexec,relatime)
[0;33m[WARN][0m Host mount: /sys/firmware/efi/efivars (efivarfs, rw,nosuid,nodev,noexec,relatime)
[0;33m[WARN][0m Host mount: /sys/fs/bpf (bpf, rw,nosuid,nodev,noexec,relatime,mode=700)
[0;33m[WARN][0m Host mount: /sys/kernel/config (configfs, rw,nosuid,nodev,noexec,relatime)
[0;33m[WARN][0m Host mount: /sys/fs/selinux (selinuxfs, rw,nosuid,noexec,relatime)
[0;33m[WARN][0m Host mount: /sys/fs/fuse/connections (fusectl, rw,nosuid,nodev,noexec,relatime)
[0;33m[WARN][0m Host mount: /sys/kernel/debug (debugfs, rw,seclabel,nosuid,nodev,noexec,relatime)
[0;33m[WARN][0m Host mount: /sys/kernel/debug/tracing (tracefs, rw,seclabel,nosuid,nodev,noexec,relatime)
[0;33m[WARN][0m Host mount: /sys/kernel/tracing (tracefs, rw,seclabel,nosuid,nodev,noexec,relatime)
[0;33m[WARN][0m Host mount: /root/.emacs.d (btrfs, rw,seclabel,relatime,compress=zstd:1,ssd,discard=async,space_cache=v2,subvolid=256,subvol=/root)
[0;33m[WARN][0m Host mount: /root/i.ar (btrfs, rw,seclabel,relatime,compress=zstd:1,ssd,discard=async,space_cache=v2,subvolid=256,subvol=/root)
[0;33m[WARN][0m Host mount: /root/personalization (btrfs, rw,seclabel,relatime,compress=zstd:1,ssd,discard=async,space_cache=v2,subvolid=256,subvol=/root)
[0;33m[WARN][0m Host mount: /root/.emacs.d/metaconfig (btrfs, rw,seclabel,relatime,compress=zstd:1,ssd,discard=async,space_cache=v2,subvolid=256,subvol=/root)
[0;33m[WARN][0m Host mount: /root/i.ar/prompts (btrfs, rw,seclabel,relatime,compress=zstd:1,ssd,discard=async,space_cache=v2,subvolid=256,subvol=/root)
[0;33m[WARN][0m Host mount: /root/.emacs.d/gptel-fork (btrfs, rw,seclabel,relatime,compress=zstd:1,ssd,discard=async,space_cache=v2,subvolid=256,subvol=/root)

============================================
[0;32m  PREFLIGHT PASSED[0m
============================================
Loading /root/.emacs.d/configs/paths.el (source)...
Loading /root/.emacs.d/configs/predicates.el (source)...
Loading /root/.emacs.d/configs/keybindings.el (source)...
Loading /root/.emacs.d/configs/delimiters.el (source)...
Loading /root/.emacs.d/configs/git.el (source)...
Loading /root/.emacs.d/configs/fork.el (source)...
Loading /root/.emacs.d/configs/delegate.el (source)...
Loading /root/.emacs.d/configs/cycle.el (source)...
Loading /root/.emacs.d/configs/loop-guard.el (source)...
Loading /root/.emacs.d/configs/memory.el (source)...
Loading /root/.emacs.d/configs/file-guard.el (source)...
Loading /root/.emacs.d/configs/tool-limits.el (source)...
Loading /root/.emacs.d/configs/tasks.el (source)...
Loading /root/.emacs.d/configs/mcp.el (source)...
Loading /root/.emacs.d/init.d/shared/iar-utils.el (source)...
Loading /root/.emacs.d/init.d/shared/iar-agent-utils.el (source)...
Loading /root/.emacs.d/init.d/core/iar-locale.el (source)...
Loading /root/.emacs.d/init.d/core/iar-package-setup.el (source)...
Loading /root/.emacs.d/init.d/core/iar-ui-cleanup.el (source)...
Loading /root/.emacs.d/init.d/core/iar-evil-mode.el (source)...
Loading /root/.emacs.d/init.d/core/iar-gptel-setup.el (source)...
[gptel] Using fork from /root/.emacs.d/gptel-fork (overriding ELPA package)
Loading /root/.emacs.d/configs/gptel.el (source)...
Loading /root/.emacs.d/init.d/core/iar-mcp-setup.el (source)...
Loading /root/.emacs.d/init.d/tool-call/iar-malformed-args.el (source)...
Loading /root/.emacs.d/init.d/tool-call/iar-tool-call.el (source)...
[tool-call] Layer installed
Loading /root/.emacs.d/init.d/tool-call/iar-tool-result-timestamp.el (source)...
Loading /root/.emacs.d/init.d/tool-call/iar-tool-result-budget.el (source)...
Loading /root/.emacs.d/init.d/tool-call/iar-request-log.el (source)...
[request-log] Witness installed
Loading /root/.emacs.d/init.d/tool-call/iar-context-fence.el (source)...
Loading /root/.emacs.d/init.d/tool-call/iar-msgs-fence.el (source)...
Loading /root/.emacs.d/init.d/tool-call/iar-request-watchdog.el (source)...
[watchdog] Request watchdog installed
Loading /root/.emacs.d/init.d/tool-call/iar-text-mode-detector.el (source)...
Loading /root/.emacs.d/init.d/agent/iar-prompt-loader.el (source)...
Loading /root/.emacs.d/init.d/core/iar-mount-awareness.el (source)...
Loading /root/.emacs.d/init.d/core/iar-rate-limit.el (source)...
Loading /root/.emacs.d/init.d/security/iar-output-sanitizer.el (source)...
Loading /root/.emacs.d/init.d/security/iar-file-guard.el (source)...
Loading /root/.emacs.d/init.d/security/iar-audit-log.el (source)...
Loading /root/.emacs.d/init.d/security/iar-loop-guard.el (source)...
Loading /root/.emacs.d/init.d/security/iar-loop-guard-chain.el (source)...
Loading /root/.emacs.d/init.d/security/iar-tool-guard.el (source)...
Loading /root/.emacs.d/init.d/security/iar-utf8-scrub.el (source)...
Loading /root/.emacs.d/init.d/tools/filesystem/list_directory.el (source)...
Loading /root/.emacs.d/init.d/tools/filesystem/read_file.el (source)...
Loading /root/.emacs.d/init.d/tools/filesystem/write_file.el (source)...
Loading /root/.emacs.d/init.d/tools/filesystem/append_file.el (source)...
Loading /root/.emacs.d/init.d/tools/code/execute_code_local.el (source)...
Loading /root/.emacs.d/init.d/tools/code/execute_code_remote.el (source)...
Loading /root/.emacs.d/init.d/tools/code/check_elisp.el (source)...
Loading /root/.emacs.d/init.d/tools/tasks/read_task.el (source)...
Loading /root/.emacs.d/init.d/tools/tasks/create_task.el (source)...
Loading /root/.emacs.d/init.d/tools/tasks/write_subtask.el (source)...
Loading /root/.emacs.d/init.d/tools/tasks/remove_task.el (source)...
Loading /root/.emacs.d/init.d/tools/tasks/read_history.el (source)...
Loading /root/.emacs.d/init.d/tools/tasks/read_roadmap.el (source)...
Loading /root/.emacs.d/init.d/tools/tasks/write_roadmap.el (source)...
Loading /root/.emacs.d/init.d/tools/notify/telegram.el (source)...
Loading /root/.emacs.d/init.d/tools/git/git_commit.el (source)...
Loading /root/.emacs.d/init.d/tools/knowledge/read_knowledge.el (source)...
Loading /root/.emacs.d/init.d/agent/iar-project-parser.el (source)...
Loading /root/.emacs.d/init.d/agent/iar-prompt-assembly.el (source)...
Loading /root/.emacs.d/init.d/agent/iar-agent-loader.el (source)...
Loading /root/.emacs.d/init.d/agent/iar-knowledge-loader.el (source)...
Loading /root/.emacs.d/init.d/agent/iar-buffer-info.el (source)...
Loading /root/.emacs.d/init.d/tools/agent/delegate.el (source)...
Loading /root/.emacs.d/init.d/tools/agent/reload_os.el (source)...
Loading /root/.emacs.d/init.d/tools/agent/reload_agent.el (source)...
Loading /root/.emacs.d/init.d/tools/agent/read_own_prompt.el (source)...
Loading /root/.emacs.d/init.d/agent/iar-guidelines-checker.el (source)...
Loading /root/.emacs.d/init.d/agent/iar-agent-cycle.el (source)...
Loading /root/.emacs.d/init.d/debug/iar-status-mode.el (source)...
[status-mode] Installed
Loading /root/.emacs.d/init.d/session/iar-quit.el (source)...
[aria] Starting cycle with 3600s timeout (archetype: aria-cycle, project: iar, cycle: aria_daily)
[assembly] DIGEST [iar/aria] 14825 chars (warn at 12000) -- injected full on every request; diet it
[aria] Assembled prompt: 47643 chars (~11910 tokens), 21 tools
[aria] Sending cycle prompt to aria agent...
Querying Ollama...
[aria] Cycle complete. Turns: 1, Tool calls: 81, Exit: 0
Tokens: 5817181 in / 72001 out / 5889182 total
Requests: 82
Belt #2c push to origin: To 10.66.0.5:/home/git/repos/iar-personalization.git
   da546409..dc9f980c  HEAD -> main
[0;32m[INF][2026-09-18 00:45:25][0m Cycle 1 succeeded in 871s (exit 0)

[0;34m[INF][2026-09-18 01:07:01][0m --- Cycle 1/1 ---
Already up to date.
============================================
  Preflight Mount Audit — Emacboros
  2026-09-18T04:07:02Z
============================================

--- Phase 1: /proc/mounts scan ---

--- Phase 2: Writability tests ---
[0;32m[PASS][0m /root/.emacs.d/.git/hooks — does not exist
[0;32m[PASS][0m /var/run/docker.sock — does not exist
[0;32m[PASS][0m /etc/cron.d — does not exist
[0;32m[PASS][0m /var/spool/cron — does not exist
[0;32m[PASS][0m /etc/systemd/system — directory is read-only
[0;32m[PASS][0m /etc/systemd — directory is read-only

--- Phase 3: Capability audit ---
[0;32m[PASS][0m CAP_DAC_OVERRIDE (bit 1) is not set — can bypass file read/write/execute permissions
[0;32m[PASS][0m CAP_SYS_ADMIN (bit 21) is not set — broad system administration (mount, namespaces, etc.)
[0;32m[PASS][0m CAP_SETUID (bit 7) is not set — can change process UID
[0;32m[PASS][0m CAP_SETGID (bit 6) is not set — can change process GID
[0;32m[PASS][0m CAP_MKNOD (bit 27) is not set — can create special device files
[0;32m[PASS][0m CAP_NET_RAW (bit 13) is SET (expected) — can create raw network sockets (needed for nmap/traceroute)
[0;32m[PASS][0m CAP_NET_BIND_SERVICE (bit 10) is SET (expected) — can bind to ports < 1024
[0;32m[PASS][0m CAP_FOWNER (bit 3) is not set — can bypass file ownership checks
[0;32m[PASS][0m CAP_SETFCAP (bit 31) is not set — can set file capabilities

--- Phase 4: Host mount audit ---
Writable real-filesystem mounts:
[0;33m[WARN][0m Host mount: /sys/kernel/security (securityfs, rw,nosuid,nodev,noexec,relatime)
[0;33m[WARN][0m Host mount: /sys/fs/cgroup (cgroup2, rw,seclabel,nosuid,nodev,noexec,relatime,nsdelegate,memory_recursiveprot,memory_hugetlb_accounting)
[0;33m[WARN][0m Host mount: /sys/fs/pstore (pstore, rw,seclabel,nosuid,nodev,noexec,relatime)
[0;33m[WARN][0m Host mount: /sys/firmware/efi/efivars (efivarfs, rw,nosuid,nodev,noexec,relatime)
[0;33m[WARN][0m Host mount: /sys/fs/bpf (bpf, rw,nosuid,nodev,noexec,relatime,mode=700)
[0;33m[WARN][0m Host mount: /sys/kernel/config (configfs, rw,nosuid,nodev,noexec,relatime)
[0;33m[WARN][0m Host mount: /sys/fs/selinux (selinuxfs, rw,nosuid,noexec,relatime)
[0;33m[WARN][0m Host mount: /sys/fs/fuse/connections (fusectl, rw,nosuid,nodev,noexec,relatime)
[0;33m[WARN][0m Host mount: /sys/kernel/debug (debugfs, rw,seclabel,nosuid,nodev,noexec,relatime)
[0;33m[WARN][0m Host mount: /sys/kernel/debug/tracing (tracefs, rw,seclabel,nosuid,nodev,noexec,relatime)
[0;33m[WARN][0m Host mount: /sys/kernel/tracing (tracefs, rw,seclabel,nosuid,nodev,noexec,relatime)
[0;33m[WARN][0m Host mount: /root/.emacs.d (btrfs, rw,seclabel,relatime,compress=zstd:1,ssd,discard=async,space_cache=v2,subvolid=256,subvol=/root)
[0;33m[WARN][0m Host mount: /root/i.ar (btrfs, rw,seclabel,relatime,compress=zstd:1,ssd,discard=async,space_cache=v2,subvolid=256,subvol=/root)
[0;33m[WARN][0m Host mount: /root/personalization (btrfs, rw,seclabel,relatime,compress=zstd:1,ssd,discard=async,space_cache=v2,subvolid=256,subvol=/root)
[0;33m[WARN][0m Host mount: /root/.emacs.d/gptel-fork (btrfs, rw,seclabel,relatime,compress=zstd:1,ssd,discard=async,space_cache=v2,subvolid=256,subvol=/root)
[0;33m[WARN][0m Host mount: /root/i.ar/prompts (btrfs, rw,seclabel,relatime,compress=zstd:1,ssd,discard=async,space_cache=v2,subvolid=256,subvol=/root)
[0;33m[WARN][0m Host mount: /root/.emacs.d/metaconfig (btrfs, rw,seclabel,relatime,compress=zstd:1,ssd,discard=async,space_cache=v2,subvolid=256,subvol=/root)

============================================
[0;32m  PREFLIGHT PASSED[0m
============================================
Loading /root/.emacs.d/configs/paths.el (source)...
Loading /root/.emacs.d/configs/predicates.el (source)...
Loading /root/.emacs.d/configs/keybindings.el (source)...
Loading /root/.emacs.d/configs/delimiters.el (source)...
Loading /root/.emacs.d/configs/git.el (source)...
Loading /root/.emacs.d/configs/fork.el (source)...
Loading /root/.emacs.d/configs/delegate.el (source)...
Loading /root/.emacs.d/configs/cycle.el (source)...
Loading /root/.emacs.d/configs/loop-guard.el (source)...
Loading /root/.emacs.d/configs/memory.el (source)...
Loading /root/.emacs.d/configs/file-guard.el (source)...
Loading /root/.emacs.d/configs/tool-limits.el (source)...
Loading /root/.emacs.d/configs/tasks.el (source)...
Loading /root/.emacs.d/configs/mcp.el (source)...
Loading /root/.emacs.d/init.d/shared/iar-utils.el (source)...
Loading /root/.emacs.d/init.d/shared/iar-agent-utils.el (source)...
Loading /root/.emacs.d/init.d/core/iar-locale.el (source)...
Loading /root/.emacs.d/init.d/core/iar-package-setup.el (source)...
Loading /root/.emacs.d/init.d/core/iar-ui-cleanup.el (source)...
Loading /root/.emacs.d/init.d/core/iar-evil-mode.el (source)...
Loading /root/.emacs.d/init.d/core/iar-gptel-setup.el (source)...
[gptel] Using fork from /root/.emacs.d/gptel-fork (overriding ELPA package)
Loading /root/.emacs.d/configs/gptel.el (source)...
Loading /root/.emacs.d/init.d/core/iar-mcp-setup.el (source)...
Loading /root/.emacs.d/init.d/tool-call/iar-malformed-args.el (source)...
Loading /root/.emacs.d/init.d/tool-call/iar-tool-call.el (source)...
[tool-call] Layer installed
Loading /root/.emacs.d/init.d/tool-call/iar-tool-result-timestamp.el (source)...
Loading /root/.emacs.d/init.d/tool-call/iar-tool-result-budget.el (source)...
Loading /root/.emacs.d/init.d/tool-call/iar-request-log.el (source)...
[request-log] Witness installed
Loading /root/.emacs.d/init.d/tool-call/iar-context-fence.el (source)...
Loading /root/.emacs.d/init.d/tool-call/iar-msgs-fence.el (source)...
Loading /root/.emacs.d/init.d/tool-call/iar-request-watchdog.el (source)...
[watchdog] Request watchdog installed
Loading /root/.emacs.d/init.d/tool-call/iar-text-mode-detector.el (source)...
Loading /root/.emacs.d/init.d/agent/iar-prompt-loader.el (source)...
Loading /root/.emacs.d/init.d/core/iar-mount-awareness.el (source)...
Loading /root/.emacs.d/init.d/core/iar-rate-limit.el (source)...
Loading /root/.emacs.d/init.d/security/iar-output-sanitizer.el (source)...
Loading /root/.emacs.d/init.d/security/iar-file-guard.el (source)...
Loading /root/.emacs.d/init.d/security/iar-audit-log.el (source)...
Loading /root/.emacs.d/init.d/security/iar-loop-guard.el (source)...
Loading /root/.emacs.d/init.d/security/iar-loop-guard-chain.el (source)...
Loading /root/.emacs.d/init.d/security/iar-tool-guard.el (source)...
Loading /root/.emacs.d/init.d/security/iar-utf8-scrub.el (source)...
Loading /root/.emacs.d/init.d/tools/filesystem/list_directory.el (source)...
Loading /root/.emacs.d/init.d/tools/filesystem/read_file.el (source)...
Loading /root/.emacs.d/init.d/tools/filesystem/write_file.el (source)...
Loading /root/.emacs.d/init.d/tools/filesystem/append_file.el (source)...
Loading /root/.emacs.d/init.d/tools/code/execute_code_local.el (source)...
Loading /root/.emacs.d/init.d/tools/code/execute_code_remote.el (source)...
Loading /root/.emacs.d/init.d/tools/code/check_elisp.el (source)...
Loading /root/.emacs.d/init.d/tools/tasks/read_task.el (source)...
Loading /root/.emacs.d/init.d/tools/tasks/create_task.el (source)...
Loading /root/.emacs.d/init.d/tools/tasks/write_subtask.el (source)...
Loading /root/.emacs.d/init.d/tools/tasks/remove_task.el (source)...
Loading /root/.emacs.d/init.d/tools/tasks/read_history.el (source)...
Loading /root/.emacs.d/init.d/tools/tasks/read_roadmap.el (source)...
Loading /root/.emacs.d/init.d/tools/tasks/write_roadmap.el (source)...
Loading /root/.emacs.d/init.d/tools/notify/telegram.el (source)...
Loading /root/.emacs.d/init.d/tools/git/git_commit.el (source)...
Loading /root/.emacs.d/init.d/tools/knowledge/read_knowledge.el (source)...
Loading /root/.emacs.d/init.d/agent/iar-project-parser.el (source)...
Loading /root/.emacs.d/init.d/agent/iar-prompt-assembly.el (source)...
Loading /root/.emacs.d/init.d/agent/iar-agent-loader.el (source)...
Loading /root/.emacs.d/init.d/agent/iar-knowledge-loader.el (source)...
Loading /root/.emacs.d/init.d/agent/iar-buffer-info.el (source)...
Loading /root/.emacs.d/init.d/tools/agent/delegate.el (source)...
Loading /root/.emacs.d/init.d/tools/agent/reload_os.el (source)...
Loading /root/.emacs.d/init.d/tools/agent/reload_agent.el (source)...
Loading /root/.emacs.d/init.d/tools/agent/read_own_prompt.el (source)...
Loading /root/.emacs.d/init.d/agent/iar-guidelines-checker.el (source)...
Loading /root/.emacs.d/init.d/agent/iar-agent-cycle.el (source)...
Loading /root/.emacs.d/init.d/debug/iar-status-mode.el (source)...
[status-mode] Installed
Loading /root/.emacs.d/init.d/session/iar-quit.el (source)...
[aria] Starting cycle with 3600s timeout (archetype: aria-cycle, project: iar, cycle: aria_daily)
[assembly] DIGEST [iar/aria] 14825 chars (warn at 12000) -- injected full on every request; diet it
[aria] Assembled prompt: 47641 chars (~11910 tokens), 21 tools
[aria] Sending cycle prompt to aria agent...
Querying Ollama...
[aria] Same-tool warning: 100 calls to execute_code_local this cycle -- one call blocked with notice
[aria] Tool-call budget warning (150/300) -- one call blocked with notice
[aria] Cycle complete. Turns: 1, Tool calls: 150, Exit: 0
Tokens: 6386232 in / 22177 out / 6408409 total
Requests: 151
Belt #2c push to origin: To 10.66.0.5:/home/git/repos/iar-personalization.git
   95ffb860..e97768f3  HEAD -> main
[0;32m[INF][2026-09-18 01:16:48][0m Cycle 1 succeeded in 587s (exit 0)

[0;34m[INF][2026-09-18 01:27:26][0m --- Cycle 1/1 ---
Already up to date.
============================================
  Preflight Mount Audit — Emacboros
  2026-09-18T04:27:27Z
============================================

--- Phase 1: /proc/mounts scan ---

--- Phase 2: Writability tests ---
[0;32m[PASS][0m /root/.emacs.d/.git/hooks — does not exist
[0;32m[PASS][0m /var/run/docker.sock — does not exist
[0;32m[PASS][0m /etc/cron.d — does not exist
[0;32m[PASS][0m /var/spool/cron — does not exist
[0;32m[PASS][0m /etc/systemd/system — directory is read-only
[0;32m[PASS][0m /etc/systemd — directory is read-only

--- Phase 3: Capability audit ---
[0;32m[PASS][0m CAP_DAC_OVERRIDE (bit 1) is not set — can bypass file read/write/execute permissions
[0;32m[PASS][0m CAP_SYS_ADMIN (bit 21) is not set — broad system administration (mount, namespaces, etc.)
[0;32m[PASS][0m CAP_SETUID (bit 7) is not set — can change process UID
[0;32m[PASS][0m CAP_SETGID (bit 6) is not set — can change process GID
[0;32m[PASS][0m CAP_MKNOD (bit 27) is not set — can create special device files
[0;32m[PASS][0m CAP_NET_RAW (bit 13) is SET (expected) — can create raw network sockets (needed for nmap/traceroute)
[0;32m[PASS][0m CAP_NET_BIND_SERVICE (bit 10) is SET (expected) — can bind to ports < 1024
[0;32m[PASS][0m CAP_FOWNER (bit 3) is not set — can bypass file ownership checks
[0;32m[PASS][0m CAP_SETFCAP (bit 31) is not set — can set file capabilities

--- Phase 4: Host mount audit ---
Writable real-filesystem mounts:
[0;33m[WARN][0m Host mount: /sys/kernel/security (securityfs, rw,nosuid,nodev,noexec,relatime)
[0;33m[WARN][0m Host mount: /sys/fs/cgroup (cgroup2, rw,seclabel,nosuid,nodev,noexec,relatime,nsdelegate,memory_recursiveprot,memory_hugetlb_accounting)
[0;33m[WARN][0m Host mount: /sys/fs/pstore (pstore, rw,seclabel,nosuid,nodev,noexec,relatime)
[0;33m[WARN][0m Host mount: /sys/firmware/efi/efivars (efivarfs, rw,nosuid,nodev,noexec,relatime)
[0;33m[WARN][0m Host mount: /sys/fs/bpf (bpf, rw,nosuid,nodev,noexec,relatime,mode=700)
[0;33m[WARN][0m Host mount: /sys/kernel/config (configfs, rw,nosuid,nodev,noexec,relatime)
[0;33m[WARN][0m Host mount: /sys/fs/selinux (selinuxfs, rw,nosuid,noexec,relatime)
[0;33m[WARN][0m Host mount: /sys/fs/fuse/connections (fusectl, rw,nosuid,nodev,noexec,relatime)
[0;33m[WARN][0m Host mount: /sys/kernel/debug (debugfs, rw,seclabel,nosuid,nodev,noexec,relatime)
[0;33m[WARN][0m Host mount: /sys/kernel/debug/tracing (tracefs, rw,seclabel,nosuid,nodev,noexec,relatime)
[0;33m[WARN][0m Host mount: /sys/kernel/tracing (tracefs, rw,seclabel,nosuid,nodev,noexec,relatime)
[0;33m[WARN][0m Host mount: /root/.emacs.d (btrfs, rw,seclabel,relatime,compress=zstd:1,ssd,discard=async,space_cache=v2,subvolid=256,subvol=/root)
[0;33m[WARN][0m Host mount: /root/i.ar (btrfs, rw,seclabel,relatime,compress=zstd:1,ssd,discard=async,space_cache=v2,subvolid=256,subvol=/root)
[0;33m[WARN][0m Host mount: /root/personalization (btrfs, rw,seclabel,relatime,compress=zstd:1,ssd,discard=async,space_cache=v2,subvolid=256,subvol=/root)
[0;33m[WARN][0m Host mount: /root/.emacs.d/metaconfig (btrfs, rw,seclabel,relatime,compress=zstd:1,ssd,discard=async,space_cache=v2,subvolid=256,subvol=/root)
[0;33m[WARN][0m Host mount: /root/i.ar/prompts (btrfs, rw,seclabel,relatime,compress=zstd:1,ssd,discard=async,space_cache=v2,subvolid=256,subvol=/root)
[0;33m[WARN][0m Host mount: /root/.emacs.d/gptel-fork (btrfs, rw,seclabel,relatime,compress=zstd:1,ssd,discard=async,space_cache=v2,subvolid=256,subvol=/root)

============================================
[0;32m  PREFLIGHT PASSED[0m
============================================
Loading /root/.emacs.d/configs/paths.el (source)...
Loading /root/.emacs.d/configs/predicates.el (source)...
Loading /root/.emacs.d/configs/keybindings.el (source)...
Loading /root/.emacs.d/configs/delimiters.el (source)...
Loading /root/.emacs.d/configs/git.el (source)...
Loading /root/.emacs.d/configs/fork.el (source)...
Loading /root/.emacs.d/configs/delegate.el (source)...
Loading /root/.emacs.d/configs/cycle.el (source)...
Loading /root/.emacs.d/configs/loop-guard.el (source)...
Loading /root/.emacs.d/configs/memory.el (source)...
Loading /root/.emacs.d/configs/file-guard.el (source)...
Loading /root/.emacs.d/configs/tool-limits.el (source)...
Loading /root/.emacs.d/configs/tasks.el (source)...
Loading /root/.emacs.d/configs/mcp.el (source)...
Loading /root/.emacs.d/init.d/shared/iar-utils.el (source)...
Loading /root/.emacs.d/init.d/shared/iar-agent-utils.el (source)...
Loading /root/.emacs.d/init.d/core/iar-locale.el (source)...
Loading /root/.emacs.d/init.d/core/iar-package-setup.el (source)...
Loading /root/.emacs.d/init.d/core/iar-ui-cleanup.el (source)...
Loading /root/.emacs.d/init.d/core/iar-evil-mode.el (source)...
Loading /root/.emacs.d/init.d/core/iar-gptel-setup.el (source)...
[gptel] Using fork from /root/.emacs.d/gptel-fork (overriding ELPA package)
Loading /root/.emacs.d/configs/gptel.el (source)...
Loading /root/.emacs.d/init.d/core/iar-mcp-setup.el (source)...
Loading /root/.emacs.d/init.d/tool-call/iar-malformed-args.el (source)...
Loading /root/.emacs.d/init.d/tool-call/iar-tool-call.el (source)...
[tool-call] Layer installed
Loading /root/.emacs.d/init.d/tool-call/iar-tool-result-timestamp.el (source)...
Loading /root/.emacs.d/init.d/tool-call/iar-tool-result-budget.el (source)...
Loading /root/.emacs.d/init.d/tool-call/iar-request-log.el (source)...
[request-log] Witness installed
Loading /root/.emacs.d/init.d/tool-call/iar-context-fence.el (source)...
Loading /root/.emacs.d/init.d/tool-call/iar-msgs-fence.el (source)...
Loading /root/.emacs.d/init.d/tool-call/iar-request-watchdog.el (source)...
[watchdog] Request watchdog installed
Loading /root/.emacs.d/init.d/tool-call/iar-text-mode-detector.el (source)...
Loading /root/.emacs.d/init.d/agent/iar-prompt-loader.el (source)...
Loading /root/.emacs.d/init.d/core/iar-mount-awareness.el (source)...
Loading /root/.emacs.d/init.d/core/iar-rate-limit.el (source)...
Loading /root/.emacs.d/init.d/security/iar-output-sanitizer.el (source)...
Loading /root/.emacs.d/init.d/security/iar-file-guard.el (source)...
Loading /root/.emacs.d/init.d/security/iar-audit-log.el (source)...
Loading /root/.emacs.d/init.d/security/iar-loop-guard.el (source)...
Loading /root/.emacs.d/init.d/security/iar-loop-guard-chain.el (source)...
Loading /root/.emacs.d/init.d/security/iar-tool-guard.el (source)...
Loading /root/.emacs.d/init.d/security/iar-utf8-scrub.el (source)...
Loading /root/.emacs.d/init.d/tools/filesystem/list_directory.el (source)...
Loading /root/.emacs.d/init.d/tools/filesystem/read_file.el (source)...
Loading /root/.emacs.d/init.d/tools/filesystem/write_file.el (source)...
Loading /root/.emacs.d/init.d/tools/filesystem/append_file.el (source)...
Loading /root/.emacs.d/init.d/tools/code/execute_code_local.el (source)...
Loading /root/.emacs.d/init.d/tools/code/execute_code_remote.el (source)...
Loading /root/.emacs.d/init.d/tools/code/check_elisp.el (source)...
Loading /root/.emacs.d/init.d/tools/tasks/read_task.el (source)...
Loading /root/.emacs.d/init.d/tools/tasks/create_task.el (source)...
Loading /root/.emacs.d/init.d/tools/tasks/write_subtask.el (source)...
Loading /root/.emacs.d/init.d/tools/tasks/remove_task.el (source)...
Loading /root/.emacs.d/init.d/tools/tasks/read_history.el (source)...
Loading /root/.emacs.d/init.d/tools/tasks/read_roadmap.el (source)...
Loading /root/.emacs.d/init.d/tools/tasks/write_roadmap.el (source)...
Loading /root/.emacs.d/init.d/tools/notify/telegram.el (source)...
Loading /root/.emacs.d/init.d/tools/git/git_commit.el (source)...
Loading /root/.emacs.d/init.d/tools/knowledge/read_knowledge.el (source)...
Loading /root/.emacs.d/init.d/agent/iar-project-parser.el (source)...
Loading /root/.emacs.d/init.d/agent/iar-prompt-assembly.el (source)...
Loading /root/.emacs.d/init.d/agent/iar-agent-loader.el (source)...
Loading /root/.emacs.d/init.d/agent/iar-knowledge-loader.el (source)...
Loading /root/.emacs.d/init.d/agent/iar-buffer-info.el (source)...
Loading /root/.emacs.d/init.d/tools/agent/delegate.el (source)...
Loading /root/.emacs.d/init.d/tools/agent/reload_os.el (source)...
Loading /root/.emacs.d/init.d/tools/agent/reload_agent.el (source)...
Loading /root/.emacs.d/init.d/tools/agent/read_own_prompt.el (source)...
Loading /root/.emacs.d/init.d/agent/iar-guidelines-checker.el (source)...
Loading /root/.emacs.d/init.d/agent/iar-agent-cycle.el (source)...
Loading /root/.emacs.d/init.d/debug/iar-status-mode.el (source)...
[status-mode] Installed
Loading /root/.emacs.d/init.d/session/iar-quit.el (source)...
[aria] Starting cycle with 3600s timeout (archetype: aria-cycle, project: iar, cycle: aria_daily)
[assembly] DIGEST [iar/aria] 14825 chars (warn at 12000) -- injected full on every request; diet it
[aria] Assembled prompt: 47847 chars (~11961 tokens), 21 tools
[aria] Sending cycle prompt to aria agent...
Querying Ollama...
[aria] Same-tool warning: 100 calls to execute_code_local this cycle -- one call blocked with notice
[aria] Tool-call budget warning (150/300) -- one call blocked with notice
[aria] Msgs soft cap warning (msgs 401 >= 400) -- one call blocked with notice
[loop-guard-chain] SOFT BLOCK: execute_code_local chained 10 times
[loop-guard-chain] SOFT BLOCK: execute_code_local chained 10 times
[aria] Msgs hard cap (601 msgs >= 600) -- blocking tool, demanding summary (block 1/5)
[aria] Tool-call soft cap (300) -- blocking tool, demanding summary (block 1/5)
[aria] Cycle complete. Turns: 1, Tool calls: 306, Exit: 0
Tokens: 20733220 in / 46594 out / 20779814 total
Requests: 307
Belt #2c push to origin: To 10.66.0.5:/home/git/repos/iar-personalization.git
   14f1a2ef..5f48616a  HEAD -> main
[0;32m[INF][2026-09-18 01:44:58][0m Cycle 1 succeeded in 1052s (exit 0)

[0;34m[INF][2026-09-18 02:17:27][0m --- Cycle 1/1 ---
Already up to date.
============================================
  Preflight Mount Audit — Emacboros
  2026-09-18T05:17:27Z
============================================

--- Phase 1: /proc/mounts scan ---

--- Phase 2: Writability tests ---
[0;32m[PASS][0m /root/.emacs.d/.git/hooks — does not exist
[0;32m[PASS][0m /var/run/docker.sock — does not exist
[0;32m[PASS][0m /etc/cron.d — does not exist
[0;32m[PASS][0m /var/spool/cron — does not exist
[0;32m[PASS][0m /etc/systemd/system — directory is read-only
[0;32m[PASS][0m /etc/systemd — directory is read-only

--- Phase 3: Capability audit ---
[0;32m[PASS][0m CAP_DAC_OVERRIDE (bit 1) is not set — can bypass file read/write/execute permissions
[0;32m[PASS][0m CAP_SYS_ADMIN (bit 21) is not set — broad system administration (mount, namespaces, etc.)
[0;32m[PASS][0m CAP_SETUID (bit 7) is not set — can change process UID
[0;32m[PASS][0m CAP_SETGID (bit 6) is not set — can change process GID
[0;32m[PASS][0m CAP_MKNOD (bit 27) is not set — can create special device files
[0;32m[PASS][0m CAP_NET_RAW (bit 13) is SET (expected) — can create raw network sockets (needed for nmap/traceroute)
[0;32m[PASS][0m CAP_NET_BIND_SERVICE (bit 10) is SET (expected) — can bind to ports < 1024
[0;32m[PASS][0m CAP_FOWNER (bit 3) is not set — can bypass file ownership checks
[0;32m[PASS][0m CAP_SETFCAP (bit 31) is not set — can set file capabilities

--- Phase 4: Host mount audit ---
Writable real-filesystem mounts:
[0;33m[WARN][0m Host mount: /sys/kernel/security (securityfs, rw,nosuid,nodev,noexec,relatime)
[0;33m[WARN][0m Host mount: /sys/fs/cgroup (cgroup2, rw,seclabel,nosuid,nodev,noexec,relatime,nsdelegate,memory_recursiveprot,memory_hugetlb_accounting)
[0;33m[WARN][0m Host mount: /sys/fs/pstore (pstore, rw,seclabel,nosuid,nodev,noexec,relatime)
[0;33m[WARN][0m Host mount: /sys/firmware/efi/efivars (efivarfs, rw,nosuid,nodev,noexec,relatime)
[0;33m[WARN][0m Host mount: /sys/fs/bpf (bpf, rw,nosuid,nodev,noexec,relatime,mode=700)
[0;33m[WARN][0m Host mount: /sys/kernel/config (configfs, rw,nosuid,nodev,noexec,relatime)
[0;33m[WARN][0m Host mount: /sys/fs/selinux (selinuxfs, rw,nosuid,noexec,relatime)
[0;33m[WARN][0m Host mount: /sys/fs/fuse/connections (fusectl, rw,nosuid,nodev,noexec,relatime)
[0;33m[WARN][0m Host mount: /sys/kernel/debug (debugfs, rw,seclabel,nosuid,nodev,noexec,relatime)
[0;33m[WARN][0m Host mount: /sys/kernel/debug/tracing (tracefs, rw,seclabel,nosuid,nodev,noexec,relatime)
[0;33m[WARN][0m Host mount: /sys/kernel/tracing (tracefs, rw,seclabel,nosuid,nodev,noexec,relatime)
[0;33m[WARN][0m Host mount: /root/i.ar (btrfs, rw,seclabel,relatime,compress=zstd:1,ssd,discard=async,space_cache=v2,subvolid=256,subvol=/root)
[0;33m[WARN][0m Host mount: /root/personalization (btrfs, rw,seclabel,relatime,compress=zstd:1,ssd,discard=async,space_cache=v2,subvolid=256,subvol=/root)
[0;33m[WARN][0m Host mount: /root/.emacs.d (btrfs, rw,seclabel,relatime,compress=zstd:1,ssd,discard=async,space_cache=v2,subvolid=256,subvol=/root)
[0;33m[WARN][0m Host mount: /root/.emacs.d/gptel-fork (btrfs, rw,seclabel,relatime,compress=zstd:1,ssd,discard=async,space_cache=v2,subvolid=256,subvol=/root)
[0;33m[WARN][0m Host mount: /root/i.ar/prompts (btrfs, rw,seclabel,relatime,compress=zstd:1,ssd,discard=async,space_cache=v2,subvolid=256,subvol=/root)
[0;33m[WARN][0m Host mount: /root/.emacs.d/metaconfig (btrfs, rw,seclabel,relatime,compress=zstd:1,ssd,discard=async,space_cache=v2,subvolid=256,subvol=/root)

============================================
[0;32m  PREFLIGHT PASSED[0m
============================================
Loading /root/.emacs.d/configs/paths.el (source)...
Loading /root/.emacs.d/configs/predicates.el (source)...
Loading /root/.emacs.d/configs/keybindings.el (source)...
Loading /root/.emacs.d/configs/delimiters.el (source)...
Loading /root/.emacs.d/configs/git.el (source)...
Loading /root/.emacs.d/configs/fork.el (source)...
Loading /root/.emacs.d/configs/delegate.el (source)...
Loading /root/.emacs.d/configs/cycle.el (source)...
Loading /root/.emacs.d/configs/loop-guard.el (source)...
Loading /root/.emacs.d/configs/memory.el (source)...
Loading /root/.emacs.d/configs/file-guard.el (source)...
Loading /root/.emacs.d/configs/tool-limits.el (source)...
Loading /root/.emacs.d/configs/tasks.el (source)...
Loading /root/.emacs.d/configs/mcp.el (source)...
Loading /root/.emacs.d/init.d/shared/iar-utils.el (source)...
Loading /root/.emacs.d/init.d/shared/iar-agent-utils.el (source)...
Loading /root/.emacs.d/init.d/core/iar-locale.el (source)...
Loading /root/.emacs.d/init.d/core/iar-package-setup.el (source)...
Loading /root/.emacs.d/init.d/core/iar-ui-cleanup.el (source)...
Loading /root/.emacs.d/init.d/core/iar-evil-mode.el (source)...
Loading /root/.emacs.d/init.d/core/iar-gptel-setup.el (source)...
[gptel] Using fork from /root/.emacs.d/gptel-fork (overriding ELPA package)
Loading /root/.emacs.d/configs/gptel.el (source)...
Loading /root/.emacs.d/init.d/core/iar-mcp-setup.el (source)...
Loading /root/.emacs.d/init.d/tool-call/iar-malformed-args.el (source)...
Loading /root/.emacs.d/init.d/tool-call/iar-tool-call.el (source)...
[tool-call] Layer installed
Loading /root/.emacs.d/init.d/tool-call/iar-tool-result-timestamp.el (source)...
Loading /root/.emacs.d/init.d/tool-call/iar-tool-result-budget.el (source)...
Loading /root/.emacs.d/init.d/tool-call/iar-request-log.el (source)...
[request-log] Witness installed
Loading /root/.emacs.d/init.d/tool-call/iar-context-fence.el (source)...
Loading /root/.emacs.d/init.d/tool-call/iar-msgs-fence.el (source)...
Loading /root/.emacs.d/init.d/tool-call/iar-request-watchdog.el (source)...
[watchdog] Request watchdog installed
Loading /root/.emacs.d/init.d/tool-call/iar-text-mode-detector.el (source)...
Loading /root/.emacs.d/init.d/agent/iar-prompt-loader.el (source)...
Loading /root/.emacs.d/init.d/core/iar-mount-awareness.el (source)...
Loading /root/.emacs.d/init.d/core/iar-rate-limit.el (source)...
Loading /root/.emacs.d/init.d/security/iar-output-sanitizer.el (source)...
Loading /root/.emacs.d/init.d/security/iar-file-guard.el (source)...
Loading /root/.emacs.d/init.d/security/iar-audit-log.el (source)...
Loading /root/.emacs.d/init.d/security/iar-loop-guard.el (source)...
Loading /root/.emacs.d/init.d/security/iar-loop-guard-chain.el (source)...
Loading /root/.emacs.d/init.d/security/iar-tool-guard.el (source)...
Loading /root/.emacs.d/init.d/security/iar-utf8-scrub.el (source)...
Loading /root/.emacs.d/init.d/tools/filesystem/list_directory.el (source)...
Loading /root/.emacs.d/init.d/tools/filesystem/read_file.el (source)...
Loading /root/.emacs.d/init.d/tools/filesystem/write_file.el (source)...
Loading /root/.emacs.d/init.d/tools/filesystem/append_file.el (source)...
Loading /root/.emacs.d/init.d/tools/code/execute_code_local.el (source)...
Loading /root/.emacs.d/init.d/tools/code/execute_code_remote.el (source)...
Loading /root/.emacs.d/init.d/tools/code/check_elisp.el (source)...
Loading /root/.emacs.d/init.d/tools/tasks/read_task.el (source)...
Loading /root/.emacs.d/init.d/tools/tasks/create_task.el (source)...
Loading /root/.emacs.d/init.d/tools/tasks/write_subtask.el (source)...
Loading /root/.emacs.d/init.d/tools/tasks/remove_task.el (source)...
Loading /root/.emacs.d/init.d/tools/tasks/read_history.el (source)...
Loading /root/.emacs.d/init.d/tools/tasks/read_roadmap.el (source)...
Loading /root/.emacs.d/init.d/tools/tasks/write_roadmap.el (source)...
Loading /root/.emacs.d/init.d/tools/notify/telegram.el (source)...
Loading /root/.emacs.d/init.d/tools/git/git_commit.el (source)...
Loading /root/.emacs.d/init.d/tools/knowledge/read_knowledge.el (source)...
Loading /root/.emacs.d/init.d/agent/iar-project-parser.el (source)...
Loading /root/.emacs.d/init.d/agent/iar-prompt-assembly.el (source)...
Loading /root/.emacs.d/init.d/agent/iar-agent-loader.el (source)...
Loading /root/.emacs.d/init.d/agent/iar-knowledge-loader.el (source)...
Loading /root/.emacs.d/init.d/agent/iar-buffer-info.el (source)...
Loading /root/.emacs.d/init.d/tools/agent/delegate.el (source)...
Loading /root/.emacs.d/init.d/tools/agent/reload_os.el (source)...
Loading /root/.emacs.d/init.d/tools/agent/reload_agent.el (source)...
Loading /root/.emacs.d/init.d/tools/agent/read_own_prompt.el (source)...
Loading /root/.emacs.d/init.d/agent/iar-guidelines-checker.el (source)...
Loading /root/.emacs.d/init.d/agent/iar-agent-cycle.el (source)...
Loading /root/.emacs.d/init.d/debug/iar-status-mode.el (source)...
[status-mode] Installed
Loading /root/.emacs.d/init.d/session/iar-quit.el (source)...
[aria] Starting cycle with 3600s timeout (archetype: aria-cycle, project: iar, cycle: aria_daily)
[assembly] DIGEST [iar/aria] 14825 chars (warn at 12000) -- injected full on every request; diet it
[aria] Assembled prompt: 47889 chars (~11972 tokens), 21 tools
[aria] Sending cycle prompt to aria agent...
Querying Ollama...
[aria] Same-tool warning: 100 calls to execute_code_local this cycle -- one call blocked with notice
[aria] Tool-call budget warning (150/300) -- one call blocked with notice
[aria] Cycle complete. Turns: 1, Tool calls: 189, Exit: 0
Tokens: 13562453 in / 40624 out / 13603077 total
Requests: 190
Belt #2c push to origin: To 10.66.0.5:/home/git/repos/iar-personalization.git
   8f364613..28cebf3a  HEAD -> main
[0;32m[INF][2026-09-18 02:30:10][0m Cycle 1 succeeded in 763s (exit 0)

[0;34m[INF][2026-09-18 02:54:27][0m --- Cycle 1/1 ---
Already up to date.
============================================
  Preflight Mount Audit — Emacboros
  2026-09-18T05:54:27Z
============================================

--- Phase 1: /proc/mounts scan ---

--- Phase 2: Writability tests ---
[0;32m[PASS][0m /root/.emacs.d/.git/hooks — does not exist
[0;32m[PASS][0m /var/run/docker.sock — does not exist
[0;32m[PASS][0m /etc/cron.d — does not exist
[0;32m[PASS][0m /var/spool/cron — does not exist
[0;32m[PASS][0m /etc/systemd/system — directory is read-only
[0;32m[PASS][0m /etc/systemd — directory is read-only

--- Phase 3: Capability audit ---
[0;32m[PASS][0m CAP_DAC_OVERRIDE (bit 1) is not set — can bypass file read/write/execute permissions
[0;32m[PASS][0m CAP_SYS_ADMIN (bit 21) is not set — broad system administration (mount, namespaces, etc.)
[0;32m[PASS][0m CAP_SETUID (bit 7) is not set — can change process UID
[0;32m[PASS][0m CAP_SETGID (bit 6) is not set — can change process GID
[0;32m[PASS][0m CAP_MKNOD (bit 27) is not set — can create special device files
[0;32m[PASS][0m CAP_NET_RAW (bit 13) is SET (expected) — can create raw network sockets (needed for nmap/traceroute)
[0;32m[PASS][0m CAP_NET_BIND_SERVICE (bit 10) is SET (expected) — can bind to ports < 1024
[0;32m[PASS][0m CAP_FOWNER (bit 3) is not set — can bypass file ownership checks
[0;32m[PASS][0m CAP_SETFCAP (bit 31) is not set — can set file capabilities

--- Phase 4: Host mount audit ---
Writable real-filesystem mounts:
[0;33m[WARN][0m Host mount: /sys/kernel/security (securityfs, rw,nosuid,nodev,noexec,relatime)
[0;33m[WARN][0m Host mount: /sys/fs/cgroup (cgroup2, rw,seclabel,nosuid,nodev,noexec,relatime,nsdelegate,memory_recursiveprot,memory_hugetlb_accounting)
[0;33m[WARN][0m Host mount: /sys/fs/pstore (pstore, rw,seclabel,nosuid,nodev,noexec,relatime)
[0;33m[WARN][0m Host mount: /sys/firmware/efi/efivars (efivarfs, rw,nosuid,nodev,noexec,relatime)
[0;33m[WARN][0m Host mount: /sys/fs/bpf (bpf, rw,nosuid,nodev,noexec,relatime,mode=700)
[0;33m[WARN][0m Host mount: /sys/kernel/config (configfs, rw,nosuid,nodev,noexec,relatime)
[0;33m[WARN][0m Host mount: /sys/fs/selinux (selinuxfs, rw,nosuid,noexec,relatime)
[0;33m[WARN][0m Host mount: /sys/fs/fuse/connections (fusectl, rw,nosuid,nodev,noexec,relatime)
[0;33m[WARN][0m Host mount: /sys/kernel/debug (debugfs, rw,seclabel,nosuid,nodev,noexec,relatime)
[0;33m[WARN][0m Host mount: /sys/kernel/debug/tracing (tracefs, rw,seclabel,nosuid,nodev,noexec,relatime)
[0;33m[WARN][0m Host mount: /sys/kernel/tracing (tracefs, rw,seclabel,nosuid,nodev,noexec,relatime)
[0;33m[WARN][0m Host mount: /root/i.ar (btrfs, rw,seclabel,relatime,compress=zstd:1,ssd,discard=async,space_cache=v2,subvolid=256,subvol=/root)
[0;33m[WARN][0m Host mount: /root/personalization (btrfs, rw,seclabel,relatime,compress=zstd:1,ssd,discard=async,space_cache=v2,subvolid=256,subvol=/root)
[0;33m[WARN][0m Host mount: /root/.emacs.d (btrfs, rw,seclabel,relatime,compress=zstd:1,ssd,discard=async,space_cache=v2,subvolid=256,subvol=/root)
[0;33m[WARN][0m Host mount: /root/.emacs.d/gptel-fork (btrfs, rw,seclabel,relatime,compress=zstd:1,ssd,discard=async,space_cache=v2,subvolid=256,subvol=/root)
[0;33m[WARN][0m Host mount: /root/i.ar/prompts (btrfs, rw,seclabel,relatime,compress=zstd:1,ssd,discard=async,space_cache=v2,subvolid=256,subvol=/root)
[0;33m[WARN][0m Host mount: /root/.emacs.d/metaconfig (btrfs, rw,seclabel,relatime,compress=zstd:1,ssd,discard=async,space_cache=v2,subvolid=256,subvol=/root)

============================================
[0;32m  PREFLIGHT PASSED[0m
============================================
Loading /root/.emacs.d/configs/paths.el (source)...
Loading /root/.emacs.d/configs/predicates.el (source)...
Loading /root/.emacs.d/configs/keybindings.el (source)...
Loading /root/.emacs.d/configs/delimiters.el (source)...
Loading /root/.emacs.d/configs/git.el (source)...
Loading /root/.emacs.d/configs/fork.el (source)...
Loading /root/.emacs.d/configs/delegate.el (source)...
Loading /root/.emacs.d/configs/cycle.el (source)...
Loading /root/.emacs.d/configs/loop-guard.el (source)...
Loading /root/.emacs.d/configs/memory.el (source)...
Loading /root/.emacs.d/configs/file-guard.el (source)...
Loading /root/.emacs.d/configs/tool-limits.el (source)...
Loading /root/.emacs.d/configs/tasks.el (source)...
Loading /root/.emacs.d/configs/mcp.el (source)...
Loading /root/.emacs.d/init.d/shared/iar-utils.el (source)...
Loading /root/.emacs.d/init.d/shared/iar-agent-utils.el (source)...
Loading /root/.emacs.d/init.d/core/iar-locale.el (source)...
Loading /root/.emacs.d/init.d/core/iar-package-setup.el (source)...
Loading /root/.emacs.d/init.d/core/iar-ui-cleanup.el (source)...
Loading /root/.emacs.d/init.d/core/iar-evil-mode.el (source)...
Loading /root/.emacs.d/init.d/core/iar-gptel-setup.el (source)...
[gptel] Using fork from /root/.emacs.d/gptel-fork (overriding ELPA package)
Loading /root/.emacs.d/configs/gptel.el (source)...
Loading /root/.emacs.d/init.d/core/iar-mcp-setup.el (source)...
Loading /root/.emacs.d/init.d/tool-call/iar-malformed-args.el (source)...
Loading /root/.emacs.d/init.d/tool-call/iar-tool-call.el (source)...
[tool-call] Layer installed
Loading /root/.emacs.d/init.d/tool-call/iar-tool-result-timestamp.el (source)...
Loading /root/.emacs.d/init.d/tool-call/iar-tool-result-budget.el (source)...
Loading /root/.emacs.d/init.d/tool-call/iar-request-log.el (source)...
[request-log] Witness installed
Loading /root/.emacs.d/init.d/tool-call/iar-context-fence.el (source)...
Loading /root/.emacs.d/init.d/tool-call/iar-msgs-fence.el (source)...
Loading /root/.emacs.d/init.d/tool-call/iar-request-watchdog.el (source)...
[watchdog] Request watchdog installed
Loading /root/.emacs.d/init.d/tool-call/iar-text-mode-detector.el (source)...
Loading /root/.emacs.d/init.d/agent/iar-prompt-loader.el (source)...
Loading /root/.emacs.d/init.d/core/iar-mount-awareness.el (source)...
Loading /root/.emacs.d/init.d/core/iar-rate-limit.el (source)...
Loading /root/.emacs.d/init.d/security/iar-output-sanitizer.el (source)...
Loading /root/.emacs.d/init.d/security/iar-file-guard.el (source)...
Loading /root/.emacs.d/init.d/security/iar-audit-log.el (source)...
Loading /root/.emacs.d/init.d/security/iar-loop-guard.el (source)...
Loading /root/.emacs.d/init.d/security/iar-loop-guard-chain.el (source)...
Loading /root/.emacs.d/init.d/security/iar-tool-guard.el (source)...
Loading /root/.emacs.d/init.d/security/iar-utf8-scrub.el (source)...
Loading /root/.emacs.d/init.d/tools/filesystem/list_directory.el (source)...
Loading /root/.emacs.d/init.d/tools/filesystem/read_file.el (source)...
Loading /root/.emacs.d/init.d/tools/filesystem/write_file.el (source)...
Loading /root/.emacs.d/init.d/tools/filesystem/append_file.el (source)...
Loading /root/.emacs.d/init.d/tools/code/execute_code_local.el (source)...
Loading /root/.emacs.d/init.d/tools/code/execute_code_remote.el (source)...
Loading /root/.emacs.d/init.d/tools/code/check_elisp.el (source)...
Loading /root/.emacs.d/init.d/tools/tasks/read_task.el (source)...
Loading /root/.emacs.d/init.d/tools/tasks/create_task.el (source)...
Loading /root/.emacs.d/init.d/tools/tasks/write_subtask.el (source)...
Loading /root/.emacs.d/init.d/tools/tasks/remove_task.el (source)...
Loading /root/.emacs.d/init.d/tools/tasks/read_history.el (source)...
Loading /root/.emacs.d/init.d/tools/tasks/read_roadmap.el (source)...
Loading /root/.emacs.d/init.d/tools/tasks/write_roadmap.el (source)...
Loading /root/.emacs.d/init.d/tools/notify/telegram.el (source)...
Loading /root/.emacs.d/init.d/tools/git/git_commit.el (source)...
Loading /root/.emacs.d/init.d/tools/knowledge/read_knowledge.el (source)...
Loading /root/.emacs.d/init.d/agent/iar-project-parser.el (source)...
Loading /root/.emacs.d/init.d/agent/iar-prompt-assembly.el (source)...
Loading /root/.emacs.d/init.d/agent/iar-agent-loader.el (source)...
Loading /root/.emacs.d/init.d/agent/iar-knowledge-loader.el (source)...
Loading /root/.emacs.d/init.d/agent/iar-buffer-info.el (source)...
Loading /root/.emacs.d/init.d/tools/agent/delegate.el (source)...
Loading /root/.emacs.d/init.d/tools/agent/reload_os.el (source)...
Loading /root/.emacs.d/init.d/tools/agent/reload_agent.el (source)...
Loading /root/.emacs.d/init.d/tools/agent/read_own_prompt.el (source)...
Loading /root/.emacs.d/init.d/agent/iar-guidelines-checker.el (source)...
Loading /root/.emacs.d/init.d/agent/iar-agent-cycle.el (source)...
Loading /root/.emacs.d/init.d/debug/iar-status-mode.el (source)...
[status-mode] Installed
Loading /root/.emacs.d/init.d/session/iar-quit.el (source)...
[aria] Starting cycle with 3600s timeout (archetype: aria-cycle, project: iar, cycle: aria_daily)
[assembly] DIGEST [iar/aria] 14825 chars (warn at 12000) -- injected full on every request; diet it
[aria] Assembled prompt: 47857 chars (~11964 tokens), 21 tools
[aria] Sending cycle prompt to aria agent...
Querying Ollama...
[aria] Same-tool warning: 100 calls to execute_code_local this cycle -- one call blocked with notice
[loop-guard-chain] SOFT BLOCK: execute_code_local chained 10 times
[aria] Tool-call budget warning (150/300) -- one call blocked with notice
[aria] Cycle complete. Turns: 1, Tool calls: 158, Exit: 0
Tokens: 9071465 in / 55914 out / 9127379 total
Requests: 159
Belt #2c push to origin: To 10.66.0.5:/home/git/repos/iar-personalization.git
   4a19e87f..bb214812  HEAD -> main
[0;32m[INF][2026-09-18 03:12:40][0m Cycle 1 succeeded in 1093s (exit 0)

[0;34m[INF][2026-09-18 03:37:02][0m --- Cycle 1/1 ---
Already up to date.
============================================
  Preflight Mount Audit — Emacboros
  2026-09-18T06:37:03Z
============================================

--- Phase 1: /proc/mounts scan ---

--- Phase 2: Writability tests ---
[0;32m[PASS][0m /root/.emacs.d/.git/hooks — does not exist
[0;32m[PASS][0m /var/run/docker.sock — does not exist
[0;32m[PASS][0m /etc/cron.d — does not exist
[0;32m[PASS][0m /var/spool/cron — does not exist
[0;32m[PASS][0m /etc/systemd/system — directory is read-only
[0;32m[PASS][0m /etc/systemd — directory is read-only

--- Phase 3: Capability audit ---
[0;32m[PASS][0m CAP_DAC_OVERRIDE (bit 1) is not set — can bypass file read/write/execute permissions
[0;32m[PASS][0m CAP_SYS_ADMIN (bit 21) is not set — broad system administration (mount, namespaces, etc.)
[0;32m[PASS][0m CAP_SETUID (bit 7) is not set — can change process UID
[0;32m[PASS][0m CAP_SETGID (bit 6) is not set — can change process GID
[0;32m[PASS][0m CAP_MKNOD (bit 27) is not set — can create special device files
[0;32m[PASS][0m CAP_NET_RAW (bit 13) is SET (expected) — can create raw network sockets (needed for nmap/traceroute)
[0;32m[PASS][0m CAP_NET_BIND_SERVICE (bit 10) is SET (expected) — can bind to ports < 1024
[0;32m[PASS][0m CAP_FOWNER (bit 3) is not set — can bypass file ownership checks
[0;32m[PASS][0m CAP_SETFCAP (bit 31) is not set — can set file capabilities

--- Phase 4: Host mount audit ---
Writable real-filesystem mounts:
[0;33m[WARN][0m Host mount: /sys/kernel/security (securityfs, rw,nosuid,nodev,noexec,relatime)
[0;33m[WARN][0m Host mount: /sys/fs/cgroup (cgroup2, rw,seclabel,nosuid,nodev,noexec,relatime,nsdelegate,memory_recursiveprot,memory_hugetlb_accounting)
[0;33m[WARN][0m Host mount: /sys/fs/pstore (pstore, rw,seclabel,nosuid,nodev,noexec,relatime)
[0;33m[WARN][0m Host mount: /sys/firmware/efi/efivars (efivarfs, rw,nosuid,nodev,noexec,relatime)
[0;33m[WARN][0m Host mount: /sys/fs/bpf (bpf, rw,nosuid,nodev,noexec,relatime,mode=700)
[0;33m[WARN][0m Host mount: /sys/kernel/config (configfs, rw,nosuid,nodev,noexec,relatime)
[0;33m[WARN][0m Host mount: /sys/fs/selinux (selinuxfs, rw,nosuid,noexec,relatime)
[0;33m[WARN][0m Host mount: /sys/fs/fuse/connections (fusectl, rw,nosuid,nodev,noexec,relatime)
[0;33m[WARN][0m Host mount: /sys/kernel/debug (debugfs, rw,seclabel,nosuid,nodev,noexec,relatime)
[0;33m[WARN][0m Host mount: /sys/kernel/debug/tracing (tracefs, rw,seclabel,nosuid,nodev,noexec,relatime)
[0;33m[WARN][0m Host mount: /sys/kernel/tracing (tracefs, rw,seclabel,nosuid,nodev,noexec,relatime)
[0;33m[WARN][0m Host mount: /root/.emacs.d (btrfs, rw,seclabel,relatime,compress=zstd:1,ssd,discard=async,space_cache=v2,subvolid=256,subvol=/root)
[0;33m[WARN][0m Host mount: /root/i.ar (btrfs, rw,seclabel,relatime,compress=zstd:1,ssd,discard=async,space_cache=v2,subvolid=256,subvol=/root)
[0;33m[WARN][0m Host mount: /root/personalization (btrfs, rw,seclabel,relatime,compress=zstd:1,ssd,discard=async,space_cache=v2,subvolid=256,subvol=/root)
[0;33m[WARN][0m Host mount: /root/i.ar/prompts (btrfs, rw,seclabel,relatime,compress=zstd:1,ssd,discard=async,space_cache=v2,subvolid=256,subvol=/root)
[0;33m[WARN][0m Host mount: /root/.emacs.d/metaconfig (btrfs, rw,seclabel,relatime,compress=zstd:1,ssd,discard=async,space_cache=v2,subvolid=256,subvol=/root)
[0;33m[WARN][0m Host mount: /root/.emacs.d/gptel-fork (btrfs, rw,seclabel,relatime,compress=zstd:1,ssd,discard=async,space_cache=v2,subvolid=256,subvol=/root)

============================================
[0;32m  PREFLIGHT PASSED[0m
============================================
Loading /root/.emacs.d/configs/paths.el (source)...
Loading /root/.emacs.d/configs/predicates.el (source)...
Loading /root/.emacs.d/configs/keybindings.el (source)...
Loading /root/.emacs.d/configs/delimiters.el (source)...
Loading /root/.emacs.d/configs/git.el (source)...
Loading /root/.emacs.d/configs/fork.el (source)...
Loading /root/.emacs.d/configs/delegate.el (source)...
Loading /root/.emacs.d/configs/cycle.el (source)...
Loading /root/.emacs.d/configs/loop-guard.el (source)...
Loading /root/.emacs.d/configs/memory.el (source)...
Loading /root/.emacs.d/configs/file-guard.el (source)...
Loading /root/.emacs.d/configs/tool-limits.el (source)...
Loading /root/.emacs.d/configs/tasks.el (source)...
Loading /root/.emacs.d/configs/mcp.el (source)...
Loading /root/.emacs.d/init.d/shared/iar-utils.el (source)...
Loading /root/.emacs.d/init.d/shared/iar-agent-utils.el (source)...
Loading /root/.emacs.d/init.d/core/iar-locale.el (source)...
Loading /root/.emacs.d/init.d/core/iar-package-setup.el (source)...
Loading /root/.emacs.d/init.d/core/iar-ui-cleanup.el (source)...
Loading /root/.emacs.d/init.d/core/iar-evil-mode.el (source)...
Loading /root/.emacs.d/init.d/core/iar-gptel-setup.el (source)...
[gptel] Using fork from /root/.emacs.d/gptel-fork (overriding ELPA package)
Loading /root/.emacs.d/configs/gptel.el (source)...
Loading /root/.emacs.d/init.d/core/iar-mcp-setup.el (source)...
Loading /root/.emacs.d/init.d/tool-call/iar-malformed-args.el (source)...
Loading /root/.emacs.d/init.d/tool-call/iar-tool-call.el (source)...
[tool-call] Layer installed
Loading /root/.emacs.d/init.d/tool-call/iar-tool-result-timestamp.el (source)...
Loading /root/.emacs.d/init.d/tool-call/iar-tool-result-budget.el (source)...
Loading /root/.emacs.d/init.d/tool-call/iar-request-log.el (source)...
[request-log] Witness installed
Loading /root/.emacs.d/init.d/tool-call/iar-context-fence.el (source)...
Loading /root/.emacs.d/init.d/tool-call/iar-msgs-fence.el (source)...
Loading /root/.emacs.d/init.d/tool-call/iar-request-watchdog.el (source)...
[watchdog] Request watchdog installed
Loading /root/.emacs.d/init.d/tool-call/iar-text-mode-detector.el (source)...
Loading /root/.emacs.d/init.d/agent/iar-prompt-loader.el (source)...
Loading /root/.emacs.d/init.d/core/iar-mount-awareness.el (source)...
Loading /root/.emacs.d/init.d/core/iar-rate-limit.el (source)...
Loading /root/.emacs.d/init.d/security/iar-output-sanitizer.el (source)...
Loading /root/.emacs.d/init.d/security/iar-file-guard.el (source)...
Loading /root/.emacs.d/init.d/security/iar-audit-log.el (source)...
Loading /root/.emacs.d/init.d/security/iar-loop-guard.el (source)...
Loading /root/.emacs.d/init.d/security/iar-loop-guard-chain.el (source)...
Loading /root/.emacs.d/init.d/security/iar-tool-guard.el (source)...
Loading /root/.emacs.d/init.d/security/iar-utf8-scrub.el (source)...
Loading /root/.emacs.d/init.d/tools/filesystem/list_directory.el (source)...
Loading /root/.emacs.d/init.d/tools/filesystem/read_file.el (source)...
Loading /root/.emacs.d/init.d/tools/filesystem/write_file.el (source)...
Loading /root/.emacs.d/init.d/tools/filesystem/append_file.el (source)...
Loading /root/.emacs.d/init.d/tools/code/execute_code_local.el (source)...
Loading /root/.emacs.d/init.d/tools/code/execute_code_remote.el (source)...
Loading /root/.emacs.d/init.d/tools/code/check_elisp.el (source)...
Loading /root/.emacs.d/init.d/tools/tasks/read_task.el (source)...
Loading /root/.emacs.d/init.d/tools/tasks/create_task.el (source)...
Loading /root/.emacs.d/init.d/tools/tasks/write_subtask.el (source)...
Loading /root/.emacs.d/init.d/tools/tasks/remove_task.el (source)...
Loading /root/.emacs.d/init.d/tools/tasks/read_history.el (source)...
Loading /root/.emacs.d/init.d/tools/tasks/read_roadmap.el (source)...
Loading /root/.emacs.d/init.d/tools/tasks/write_roadmap.el (source)...
Loading /root/.emacs.d/init.d/tools/notify/telegram.el (source)...
Loading /root/.emacs.d/init.d/tools/git/git_commit.el (source)...
Loading /root/.emacs.d/init.d/tools/knowledge/read_knowledge.el (source)...
Loading /root/.emacs.d/init.d/agent/iar-project-parser.el (source)...
Loading /root/.emacs.d/init.d/agent/iar-prompt-assembly.el (source)...
Loading /root/.emacs.d/init.d/agent/iar-agent-loader.el (source)...
Loading /root/.emacs.d/init.d/agent/iar-knowledge-loader.el (source)...
Loading /root/.emacs.d/init.d/agent/iar-buffer-info.el (source)...
Loading /root/.emacs.d/init.d/tools/agent/delegate.el (source)...
Loading /root/.emacs.d/init.d/tools/agent/reload_os.el (source)...
Loading /root/.emacs.d/init.d/tools/agent/reload_agent.el (source)...
Loading /root/.emacs.d/init.d/tools/agent/read_own_prompt.el (source)...
Loading /root/.emacs.d/init.d/agent/iar-guidelines-checker.el (source)...
Loading /root/.emacs.d/init.d/agent/iar-agent-cycle.el (source)...
Loading /root/.emacs.d/init.d/debug/iar-status-mode.el (source)...
[status-mode] Installed
Loading /root/.emacs.d/init.d/session/iar-quit.el (source)...
[aria] Starting cycle with 3600s timeout (archetype: aria-cycle, project: iar, cycle: aria_daily)
[assembly] DIGEST [iar/aria] 15568 chars (warn at 12000) -- injected full on every request; diet it
[aria] Assembled prompt: 48446 chars (~12111 tokens), 21 tools
[aria] Sending cycle prompt to aria agent...
Querying Ollama...
[loop-guard-chain] SOFT BLOCK: execute_code_local chained 10 times
[loop-guard-chain] SOFT BLOCK: execute_code_local chained 11 times
[aria] Same-tool warning: 100 calls to execute_code_local this cycle -- one call blocked with notice
[aria] Tool-call budget warning (150/300) -- one call blocked with notice
[aria] Msgs soft cap warning (msgs 401 >= 400) -- one call blocked with notice
[aria] Cycle complete. Turns: 1, Tool calls: 211, Exit: 0
Tokens: 16511035 in / 95660 out / 16606695 total
Requests: 212
Belt #2c push to origin: To 10.66.0.5:/home/git/repos/iar-personalization.git
   e2c0c4eb..fc58cef0  HEAD -> main
[0;32m[INF][2026-09-18 03:53:27][0m Cycle 1 succeeded in 985s (exit 0)

[0;34m[INF][2026-09-18 04:15:54][0m --- Cycle 1/1 ---
Already up to date.
============================================
  Preflight Mount Audit — Emacboros
  2026-09-18T07:15:55Z
============================================

--- Phase 1: /proc/mounts scan ---

--- Phase 2: Writability tests ---
[0;32m[PASS][0m /root/.emacs.d/.git/hooks — does not exist
[0;32m[PASS][0m /var/run/docker.sock — does not exist
[0;32m[PASS][0m /etc/cron.d — does not exist
[0;32m[PASS][0m /var/spool/cron — does not exist
[0;32m[PASS][0m /etc/systemd/system — directory is read-only
[0;32m[PASS][0m /etc/systemd — directory is read-only

--- Phase 3: Capability audit ---
[0;32m[PASS][0m CAP_DAC_OVERRIDE (bit 1) is not set — can bypass file read/write/execute permissions
[0;32m[PASS][0m CAP_SYS_ADMIN (bit 21) is not set — broad system administration (mount, namespaces, etc.)
[0;32m[PASS][0m CAP_SETUID (bit 7) is not set — can change process UID
[0;32m[PASS][0m CAP_SETGID (bit 6) is not set — can change process GID
[0;32m[PASS][0m CAP_MKNOD (bit 27) is not set — can create special device files
[0;32m[PASS][0m CAP_NET_RAW (bit 13) is SET (expected) — can create raw network sockets (needed for nmap/traceroute)
[0;32m[PASS][0m CAP_NET_BIND_SERVICE (bit 10) is SET (expected) — can bind to ports < 1024
[0;32m[PASS][0m CAP_FOWNER (bit 3) is not set — can bypass file ownership checks
[0;32m[PASS][0m CAP_SETFCAP (bit 31) is not set — can set file capabilities

--- Phase 4: Host mount audit ---
Writable real-filesystem mounts:
[0;33m[WARN][0m Host mount: /sys/kernel/security (securityfs, rw,nosuid,nodev,noexec,relatime)
[0;33m[WARN][0m Host mount: /sys/fs/cgroup (cgroup2, rw,seclabel,nosuid,nodev,noexec,relatime,nsdelegate,memory_recursiveprot,memory_hugetlb_accounting)
[0;33m[WARN][0m Host mount: /sys/fs/pstore (pstore, rw,seclabel,nosuid,nodev,noexec,relatime)
[0;33m[WARN][0m Host mount: /sys/firmware/efi/efivars (efivarfs, rw,nosuid,nodev,noexec,relatime)
[0;33m[WARN][0m Host mount: /sys/fs/bpf (bpf, rw,nosuid,nodev,noexec,relatime,mode=700)
[0;33m[WARN][0m Host mount: /sys/kernel/config (configfs, rw,nosuid,nodev,noexec,relatime)
[0;33m[WARN][0m Host mount: /sys/fs/selinux (selinuxfs, rw,nosuid,noexec,relatime)
[0;33m[WARN][0m Host mount: /sys/fs/fuse/connections (fusectl, rw,nosuid,nodev,noexec,relatime)
[0;33m[WARN][0m Host mount: /sys/kernel/debug (debugfs, rw,seclabel,nosuid,nodev,noexec,relatime)
[0;33m[WARN][0m Host mount: /sys/kernel/debug/tracing (tracefs, rw,seclabel,nosuid,nodev,noexec,relatime)
[0;33m[WARN][0m Host mount: /sys/kernel/tracing (tracefs, rw,seclabel,nosuid,nodev,noexec,relatime)
[0;33m[WARN][0m Host mount: /root/personalization (btrfs, rw,seclabel,relatime,compress=zstd:1,ssd,discard=async,space_cache=v2,subvolid=256,subvol=/root)
[0;33m[WARN][0m Host mount: /root/i.ar (btrfs, rw,seclabel,relatime,compress=zstd:1,ssd,discard=async,space_cache=v2,subvolid=256,subvol=/root)
[0;33m[WARN][0m Host mount: /root/.emacs.d (btrfs, rw,seclabel,relatime,compress=zstd:1,ssd,discard=async,space_cache=v2,subvolid=256,subvol=/root)
[0;33m[WARN][0m Host mount: /root/i.ar/prompts (btrfs, rw,seclabel,relatime,compress=zstd:1,ssd,discard=async,space_cache=v2,subvolid=256,subvol=/root)
[0;33m[WARN][0m Host mount: /root/.emacs.d/metaconfig (btrfs, rw,seclabel,relatime,compress=zstd:1,ssd,discard=async,space_cache=v2,subvolid=256,subvol=/root)
[0;33m[WARN][0m Host mount: /root/.emacs.d/gptel-fork (btrfs, rw,seclabel,relatime,compress=zstd:1,ssd,discard=async,space_cache=v2,subvolid=256,subvol=/root)

============================================
[0;32m  PREFLIGHT PASSED[0m
============================================
Loading /root/.emacs.d/configs/paths.el (source)...
Loading /root/.emacs.d/configs/predicates.el (source)...
Loading /root/.emacs.d/configs/keybindings.el (source)...
Loading /root/.emacs.d/configs/delimiters.el (source)...
Loading /root/.emacs.d/configs/git.el (source)...
Loading /root/.emacs.d/configs/fork.el (source)...
Loading /root/.emacs.d/configs/delegate.el (source)...
Loading /root/.emacs.d/configs/cycle.el (source)...
Loading /root/.emacs.d/configs/loop-guard.el (source)...
Loading /root/.emacs.d/configs/memory.el (source)...
Loading /root/.emacs.d/configs/file-guard.el (source)...
Loading /root/.emacs.d/configs/tool-limits.el (source)...
Loading /root/.emacs.d/configs/tasks.el (source)...
Loading /root/.emacs.d/configs/mcp.el (source)...
Loading /root/.emacs.d/init.d/shared/iar-utils.el (source)...
Loading /root/.emacs.d/init.d/shared/iar-agent-utils.el (source)...
Loading /root/.emacs.d/init.d/core/iar-locale.el (source)...
Loading /root/.emacs.d/init.d/core/iar-package-setup.el (source)...
Loading /root/.emacs.d/init.d/core/iar-ui-cleanup.el (source)...
Loading /root/.emacs.d/init.d/core/iar-evil-mode.el (source)...
Loading /root/.emacs.d/init.d/core/iar-gptel-setup.el (source)...
[gptel] Using fork from /root/.emacs.d/gptel-fork (overriding ELPA package)
Loading /root/.emacs.d/configs/gptel.el (source)...
Loading /root/.emacs.d/init.d/core/iar-mcp-setup.el (source)...
Loading /root/.emacs.d/init.d/tool-call/iar-malformed-args.el (source)...
Loading /root/.emacs.d/init.d/tool-call/iar-tool-call.el (source)...
[tool-call] Layer installed
Loading /root/.emacs.d/init.d/tool-call/iar-tool-result-timestamp.el (source)...
Loading /root/.emacs.d/init.d/tool-call/iar-tool-result-budget.el (source)...
Loading /root/.emacs.d/init.d/tool-call/iar-request-log.el (source)...
[request-log] Witness installed
Loading /root/.emacs.d/init.d/tool-call/iar-context-fence.el (source)...
Loading /root/.emacs.d/init.d/tool-call/iar-msgs-fence.el (source)...
Loading /root/.emacs.d/init.d/tool-call/iar-request-watchdog.el (source)...
[watchdog] Request watchdog installed
Loading /root/.emacs.d/init.d/tool-call/iar-text-mode-detector.el (source)...
Loading /root/.emacs.d/init.d/agent/iar-prompt-loader.el (source)...
Loading /root/.emacs.d/init.d/core/iar-mount-awareness.el (source)...
Loading /root/.emacs.d/init.d/core/iar-rate-limit.el (source)...
Loading /root/.emacs.d/init.d/security/iar-output-sanitizer.el (source)...
Loading /root/.emacs.d/init.d/security/iar-file-guard.el (source)...
Loading /root/.emacs.d/init.d/security/iar-audit-log.el (source)...
Loading /root/.emacs.d/init.d/security/iar-loop-guard.el (source)...
Loading /root/.emacs.d/init.d/security/iar-loop-guard-chain.el (source)...
Loading /root/.emacs.d/init.d/security/iar-tool-guard.el (source)...
Loading /root/.emacs.d/init.d/security/iar-utf8-scrub.el (source)...
Loading /root/.emacs.d/init.d/tools/filesystem/list_directory.el (source)...
Loading /root/.emacs.d/init.d/tools/filesystem/read_file.el (source)...
Loading /root/.emacs.d/init.d/tools/filesystem/write_file.el (source)...
Loading /root/.emacs.d/init.d/tools/filesystem/append_file.el (source)...
Loading /root/.emacs.d/init.d/tools/code/execute_code_local.el (source)...
Loading /root/.emacs.d/init.d/tools/code/execute_code_remote.el (source)...
Loading /root/.emacs.d/init.d/tools/code/check_elisp.el (source)...
Loading /root/.emacs.d/init.d/tools/tasks/read_task.el (source)...
Loading /root/.emacs.d/init.d/tools/tasks/create_task.el (source)...
Loading /root/.emacs.d/init.d/tools/tasks/write_subtask.el (source)...
Loading /root/.emacs.d/init.d/tools/tasks/remove_task.el (source)...
Loading /root/.emacs.d/init.d/tools/tasks/read_history.el (source)...
Loading /root/.emacs.d/init.d/tools/tasks/read_roadmap.el (source)...
Loading /root/.emacs.d/init.d/tools/tasks/write_roadmap.el (source)...
Loading /root/.emacs.d/init.d/tools/notify/telegram.el (source)...
Loading /root/.emacs.d/init.d/tools/git/git_commit.el (source)...
Loading /root/.emacs.d/init.d/tools/knowledge/read_knowledge.el (source)...
Loading /root/.emacs.d/init.d/agent/iar-project-parser.el (source)...
Loading /root/.emacs.d/init.d/agent/iar-prompt-assembly.el (source)...
Loading /root/.emacs.d/init.d/agent/iar-agent-loader.el (source)...
Loading /root/.emacs.d/init.d/agent/iar-knowledge-loader.el (source)...
Loading /root/.emacs.d/init.d/agent/iar-buffer-info.el (source)...
Loading /root/.emacs.d/init.d/tools/agent/delegate.el (source)...
Loading /root/.emacs.d/init.d/tools/agent/reload_os.el (source)...
Loading /root/.emacs.d/init.d/tools/agent/reload_agent.el (source)...
Loading /root/.emacs.d/init.d/tools/agent/read_own_prompt.el (source)...
Loading /root/.emacs.d/init.d/agent/iar-guidelines-checker.el (source)...
Loading /root/.emacs.d/init.d/agent/iar-agent-cycle.el (source)...
Loading /root/.emacs.d/init.d/debug/iar-status-mode.el (source)...
[status-mode] Installed
Loading /root/.emacs.d/init.d/session/iar-quit.el (source)...
[aria] Starting cycle with 3600s timeout (archetype: aria-cycle, project: iar, cycle: aria_daily)
[assembly] DIGEST [iar/aria] 15568 chars (warn at 12000) -- injected full on every request; diet it
[aria] Assembled prompt: 48578 chars (~12144 tokens), 21 tools
[aria] Sending cycle prompt to aria agent...
Querying Ollama...
[aria] Cycle complete. Turns: 1, Tool calls: 55, Exit: 0
Tokens: 2183375 in / 65698 out / 2249073 total
Requests: 56
Belt #2c push to origin: To 10.66.0.5:/home/git/repos/iar-personalization.git
   0b7e4446..c8eb53ba  HEAD -> main
[0;32m[INF][2026-09-18 04:25:41][0m Cycle 1 succeeded in 587s (exit 0)

[0;34m[INF][2026-09-18 05:12:16][0m --- Cycle 1/1 ---
Already up to date.
============================================
  Preflight Mount Audit — Emacboros
  2026-09-18T08:12:17Z
============================================

--- Phase 1: /proc/mounts scan ---

--- Phase 2: Writability tests ---
[0;32m[PASS][0m /root/.emacs.d/.git/hooks — does not exist
[0;32m[PASS][0m /var/run/docker.sock — does not exist
[0;32m[PASS][0m /etc/cron.d — does not exist
[0;32m[PASS][0m /var/spool/cron — does not exist
[0;32m[PASS][0m /etc/systemd/system — directory is read-only
[0;32m[PASS][0m /etc/systemd — directory is read-only

--- Phase 3: Capability audit ---
[0;32m[PASS][0m CAP_DAC_OVERRIDE (bit 1) is not set — can bypass file read/write/execute permissions
[0;32m[PASS][0m CAP_SYS_ADMIN (bit 21) is not set — broad system administration (mount, namespaces, etc.)
[0;32m[PASS][0m CAP_SETUID (bit 7) is not set — can change process UID
[0;32m[PASS][0m CAP_SETGID (bit 6) is not set — can change process GID
[0;32m[PASS][0m CAP_MKNOD (bit 27) is not set — can create special device files
[0;32m[PASS][0m CAP_NET_RAW (bit 13) is SET (expected) — can create raw network sockets (needed for nmap/traceroute)
[0;32m[PASS][0m CAP_NET_BIND_SERVICE (bit 10) is SET (expected) — can bind to ports < 1024
[0;32m[PASS][0m CAP_FOWNER (bit 3) is not set — can bypass file ownership checks
[0;32m[PASS][0m CAP_SETFCAP (bit 31) is not set — can set file capabilities

--- Phase 4: Host mount audit ---
Writable real-filesystem mounts:
[0;33m[WARN][0m Host mount: /sys/kernel/security (securityfs, rw,nosuid,nodev,noexec,relatime)
[0;33m[WARN][0m Host mount: /sys/fs/cgroup (cgroup2, rw,seclabel,nosuid,nodev,noexec,relatime,nsdelegate,memory_recursiveprot,memory_hugetlb_accounting)
[0;33m[WARN][0m Host mount: /sys/fs/pstore (pstore, rw,seclabel,nosuid,nodev,noexec,relatime)
[0;33m[WARN][0m Host mount: /sys/firmware/efi/efivars (efivarfs, rw,nosuid,nodev,noexec,relatime)
[0;33m[WARN][0m Host mount: /sys/fs/bpf (bpf, rw,nosuid,nodev,noexec,relatime,mode=700)
[0;33m[WARN][0m Host mount: /sys/kernel/config (configfs, rw,nosuid,nodev,noexec,relatime)
[0;33m[WARN][0m Host mount: /sys/fs/selinux (selinuxfs, rw,nosuid,noexec,relatime)
[0;33m[WARN][0m Host mount: /sys/fs/fuse/connections (fusectl, rw,nosuid,nodev,noexec,relatime)
[0;33m[WARN][0m Host mount: /sys/kernel/debug (debugfs, rw,seclabel,nosuid,nodev,noexec,relatime)
[0;33m[WARN][0m Host mount: /sys/kernel/debug/tracing (tracefs, rw,seclabel,nosuid,nodev,noexec,relatime)
[0;33m[WARN][0m Host mount: /sys/kernel/tracing (tracefs, rw,seclabel,nosuid,nodev,noexec,relatime)
[0;33m[WARN][0m Host mount: /root/i.ar (btrfs, rw,seclabel,relatime,compress=zstd:1,ssd,discard=async,space_cache=v2,subvolid=256,subvol=/root)
[0;33m[WARN][0m Host mount: /root/.emacs.d (btrfs, rw,seclabel,relatime,compress=zstd:1,ssd,discard=async,space_cache=v2,subvolid=256,subvol=/root)
[0;33m[WARN][0m Host mount: /root/personalization (btrfs, rw,seclabel,relatime,compress=zstd:1,ssd,discard=async,space_cache=v2,subvolid=256,subvol=/root)
[0;33m[WARN][0m Host mount: /root/.emacs.d/gptel-fork (btrfs, rw,seclabel,relatime,compress=zstd:1,ssd,discard=async,space_cache=v2,subvolid=256,subvol=/root)
[0;33m[WARN][0m Host mount: /root/i.ar/prompts (btrfs, rw,seclabel,relatime,compress=zstd:1,ssd,discard=async,space_cache=v2,subvolid=256,subvol=/root)
[0;33m[WARN][0m Host mount: /root/.emacs.d/metaconfig (btrfs, rw,seclabel,relatime,compress=zstd:1,ssd,discard=async,space_cache=v2,subvolid=256,subvol=/root)

============================================
[0;32m  PREFLIGHT PASSED[0m
============================================
Loading /root/.emacs.d/configs/paths.el (source)...
Loading /root/.emacs.d/configs/predicates.el (source)...
Loading /root/.emacs.d/configs/keybindings.el (source)...
Loading /root/.emacs.d/configs/delimiters.el (source)...
Loading /root/.emacs.d/configs/git.el (source)...
Loading /root/.emacs.d/configs/fork.el (source)...
Loading /root/.emacs.d/configs/delegate.el (source)...
Loading /root/.emacs.d/configs/cycle.el (source)...
Loading /root/.emacs.d/configs/loop-guard.el (source)...
Loading /root/.emacs.d/configs/memory.el (source)...
Loading /root/.emacs.d/configs/file-guard.el (source)...
Loading /root/.emacs.d/configs/tool-limits.el (source)...
Loading /root/.emacs.d/configs/tasks.el (source)...
Loading /root/.emacs.d/configs/mcp.el (source)...
Loading /root/.emacs.d/init.d/shared/iar-utils.el (source)...
Loading /root/.emacs.d/init.d/shared/iar-agent-utils.el (source)...
Loading /root/.emacs.d/init.d/core/iar-locale.el (source)...
Loading /root/.emacs.d/init.d/core/iar-package-setup.el (source)...
Loading /root/.emacs.d/init.d/core/iar-ui-cleanup.el (source)...
Loading /root/.emacs.d/init.d/core/iar-evil-mode.el (source)...
Loading /root/.emacs.d/init.d/core/iar-gptel-setup.el (source)...
[gptel] Using fork from /root/.emacs.d/gptel-fork (overriding ELPA package)
Loading /root/.emacs.d/configs/gptel.el (source)...
Loading /root/.emacs.d/init.d/core/iar-mcp-setup.el (source)...
Loading /root/.emacs.d/init.d/tool-call/iar-malformed-args.el (source)...
Loading /root/.emacs.d/init.d/tool-call/iar-tool-call.el (source)...
[tool-call] Layer installed
Loading /root/.emacs.d/init.d/tool-call/iar-tool-result-timestamp.el (source)...
Loading /root/.emacs.d/init.d/tool-call/iar-tool-result-budget.el (source)...
Loading /root/.emacs.d/init.d/tool-call/iar-request-log.el (source)...
[request-log] Witness installed
Loading /root/.emacs.d/init.d/tool-call/iar-context-fence.el (source)...
Loading /root/.emacs.d/init.d/tool-call/iar-msgs-fence.el (source)...
Loading /root/.emacs.d/init.d/tool-call/iar-request-watchdog.el (source)...
[watchdog] Request watchdog installed
Loading /root/.emacs.d/init.d/tool-call/iar-text-mode-detector.el (source)...
Loading /root/.emacs.d/init.d/agent/iar-prompt-loader.el (source)...
Loading /root/.emacs.d/init.d/core/iar-mount-awareness.el (source)...
Loading /root/.emacs.d/init.d/core/iar-rate-limit.el (source)...
Loading /root/.emacs.d/init.d/security/iar-output-sanitizer.el (source)...
Loading /root/.emacs.d/init.d/security/iar-file-guard.el (source)...
Loading /root/.emacs.d/init.d/security/iar-audit-log.el (source)...
Loading /root/.emacs.d/init.d/security/iar-loop-guard.el (source)...
Loading /root/.emacs.d/init.d/security/iar-loop-guard-chain.el (source)...
Loading /root/.emacs.d/init.d/security/iar-tool-guard.el (source)...
Loading /root/.emacs.d/init.d/security/iar-utf8-scrub.el (source)...
Loading /root/.emacs.d/init.d/tools/filesystem/list_directory.el (source)...
Loading /root/.emacs.d/init.d/tools/filesystem/read_file.el (source)...
Loading /root/.emacs.d/init.d/tools/filesystem/write_file.el (source)...
Loading /root/.emacs.d/init.d/tools/filesystem/append_file.el (source)...
Loading /root/.emacs.d/init.d/tools/code/execute_code_local.el (source)...
Loading /root/.emacs.d/init.d/tools/code/execute_code_remote.el (source)...
Loading /root/.emacs.d/init.d/tools/code/check_elisp.el (source)...
Loading /root/.emacs.d/init.d/tools/tasks/read_task.el (source)...
Loading /root/.emacs.d/init.d/tools/tasks/create_task.el (source)...
Loading /root/.emacs.d/init.d/tools/tasks/write_subtask.el (source)...
Loading /root/.emacs.d/init.d/tools/tasks/remove_task.el (source)...
Loading /root/.emacs.d/init.d/tools/tasks/read_history.el (source)...
Loading /root/.emacs.d/init.d/tools/tasks/read_roadmap.el (source)...
Loading /root/.emacs.d/init.d/tools/tasks/write_roadmap.el (source)...
Loading /root/.emacs.d/init.d/tools/notify/telegram.el (source)...
Loading /root/.emacs.d/init.d/tools/git/git_commit.el (source)...
Loading /root/.emacs.d/init.d/tools/knowledge/read_knowledge.el (source)...
Loading /root/.emacs.d/init.d/agent/iar-project-parser.el (source)...
Loading /root/.emacs.d/init.d/agent/iar-prompt-assembly.el (source)...
Loading /root/.emacs.d/init.d/agent/iar-agent-loader.el (source)...
Loading /root/.emacs.d/init.d/agent/iar-knowledge-loader.el (source)...
Loading /root/.emacs.d/init.d/agent/iar-buffer-info.el (source)...
Loading /root/.emacs.d/init.d/tools/agent/delegate.el (source)...
Loading /root/.emacs.d/init.d/tools/agent/reload_os.el (source)...
Loading /root/.emacs.d/init.d/tools/agent/reload_agent.el (source)...
Loading /root/.emacs.d/init.d/tools/agent/read_own_prompt.el (source)...
Loading /root/.emacs.d/init.d/agent/iar-guidelines-checker.el (source)...
Loading /root/.emacs.d/init.d/agent/iar-agent-cycle.el (source)...
Loading /root/.emacs.d/init.d/debug/iar-status-mode.el (source)...
[status-mode] Installed
Loading /root/.emacs.d/init.d/session/iar-quit.el (source)...
[aria] Starting cycle with 3600s timeout (archetype: aria-cycle, project: iar, cycle: aria_daily)
[assembly] DIGEST [iar/aria] 15568 chars (warn at 12000) -- injected full on every request; diet it
[aria] Assembled prompt: 48633 chars (~12158 tokens), 21 tools
[aria] Sending cycle prompt to aria agent...
Querying Ollama...
Mark set

In toplevel form:
i.ar/emacs.d/test/test-loop-chain.el:1:1: Warning: file has no ‘lexical-binding’ directive on its first line
i.ar/emacs.d/test/test-loop-chain.el: Error: End of file during parsing
[aria] Same-tool warning: 100 calls to execute_code_local this cycle -- one call blocked with notice
[aria] Tool-call budget warning (150/300) -- one call blocked with notice
[aria] Cycle complete. Turns: 1, Tool calls: 192, Exit: 0
Tokens: 18794965 in / 132339 out / 18927304 total
Requests: 193
Belt #2c push to origin: To 10.66.0.5:/home/git/repos/iar-personalization.git
   c7cefa3c..241dcee4  HEAD -> main
[0;32m[INF][2026-09-18 05:30:07][0m Cycle 1 succeeded in 1071s (exit 0)

[0;34m[INF][2026-09-18 05:57:03][0m --- Cycle 1/1 ---
Already up to date.
============================================
  Preflight Mount Audit — Emacboros
  2026-09-18T08:57:04Z
============================================

--- Phase 1: /proc/mounts scan ---

--- Phase 2: Writability tests ---
[0;32m[PASS][0m /root/.emacs.d/.git/hooks — does not exist
[0;32m[PASS][0m /var/run/docker.sock — does not exist
[0;32m[PASS][0m /etc/cron.d — does not exist
[0;32m[PASS][0m /var/spool/cron — does not exist
[0;32m[PASS][0m /etc/systemd/system — directory is read-only
[0;32m[PASS][0m /etc/systemd — directory is read-only

--- Phase 3: Capability audit ---
[0;32m[PASS][0m CAP_DAC_OVERRIDE (bit 1) is not set — can bypass file read/write/execute permissions
[0;32m[PASS][0m CAP_SYS_ADMIN (bit 21) is not set — broad system administration (mount, namespaces, etc.)
[0;32m[PASS][0m CAP_SETUID (bit 7) is not set — can change process UID
[0;32m[PASS][0m CAP_SETGID (bit 6) is not set — can change process GID
[0;32m[PASS][0m CAP_MKNOD (bit 27) is not set — can create special device files
[0;32m[PASS][0m CAP_NET_RAW (bit 13) is SET (expected) — can create raw network sockets (needed for nmap/traceroute)
[0;32m[PASS][0m CAP_NET_BIND_SERVICE (bit 10) is SET (expected) — can bind to ports < 1024
[0;32m[PASS][0m CAP_FOWNER (bit 3) is not set — can bypass file ownership checks
[0;32m[PASS][0m CAP_SETFCAP (bit 31) is not set — can set file capabilities

--- Phase 4: Host mount audit ---
Writable real-filesystem mounts:
[0;33m[WARN][0m Host mount: /sys/kernel/security (securityfs, rw,nosuid,nodev,noexec,relatime)
[0;33m[WARN][0m Host mount: /sys/fs/cgroup (cgroup2, rw,seclabel,nosuid,nodev,noexec,relatime,nsdelegate,memory_recursiveprot,memory_hugetlb_accounting)
[0;33m[WARN][0m Host mount: /sys/fs/pstore (pstore, rw,seclabel,nosuid,nodev,noexec,relatime)
[0;33m[WARN][0m Host mount: /sys/firmware/efi/efivars (efivarfs, rw,nosuid,nodev,noexec,relatime)
[0;33m[WARN][0m Host mount: /sys/fs/bpf (bpf, rw,nosuid,nodev,noexec,relatime,mode=700)
[0;33m[WARN][0m Host mount: /sys/kernel/config (configfs, rw,nosuid,nodev,noexec,relatime)
[0;33m[WARN][0m Host mount: /sys/fs/selinux (selinuxfs, rw,nosuid,noexec,relatime)
[0;33m[WARN][0m Host mount: /sys/fs/fuse/connections (fusectl, rw,nosuid,nodev,noexec,relatime)
[0;33m[WARN][0m Host mount: /sys/kernel/debug (debugfs, rw,seclabel,nosuid,nodev,noexec,relatime)
[0;33m[WARN][0m Host mount: /sys/kernel/debug/tracing (tracefs, rw,seclabel,nosuid,nodev,noexec,relatime)
[0;33m[WARN][0m Host mount: /sys/kernel/tracing (tracefs, rw,seclabel,nosuid,nodev,noexec,relatime)
[0;33m[WARN][0m Host mount: /root/i.ar (btrfs, rw,seclabel,relatime,compress=zstd:1,ssd,discard=async,space_cache=v2,subvolid=256,subvol=/root)
[0;33m[WARN][0m Host mount: /root/personalization (btrfs, rw,seclabel,relatime,compress=zstd:1,ssd,discard=async,space_cache=v2,subvolid=256,subvol=/root)
[0;33m[WARN][0m Host mount: /root/.emacs.d (btrfs, rw,seclabel,relatime,compress=zstd:1,ssd,discard=async,space_cache=v2,subvolid=256,subvol=/root)
[0;33m[WARN][0m Host mount: /root/.emacs.d/gptel-fork (btrfs, rw,seclabel,relatime,compress=zstd:1,ssd,discard=async,space_cache=v2,subvolid=256,subvol=/root)
[0;33m[WARN][0m Host mount: /root/.emacs.d/metaconfig (btrfs, rw,seclabel,relatime,compress=zstd:1,ssd,discard=async,space_cache=v2,subvolid=256,subvol=/root)
[0;33m[WARN][0m Host mount: /root/i.ar/prompts (btrfs, rw,seclabel,relatime,compress=zstd:1,ssd,discard=async,space_cache=v2,subvolid=256,subvol=/root)

============================================
[0;32m  PREFLIGHT PASSED[0m
============================================
Loading /root/.emacs.d/configs/paths.el (source)...
Loading /root/.emacs.d/configs/predicates.el (source)...
Loading /root/.emacs.d/configs/keybindings.el (source)...
Loading /root/.emacs.d/configs/delimiters.el (source)...
Loading /root/.emacs.d/configs/git.el (source)...
Loading /root/.emacs.d/configs/fork.el (source)...
Loading /root/.emacs.d/configs/delegate.el (source)...
Loading /root/.emacs.d/configs/cycle.el (source)...
Loading /root/.emacs.d/configs/loop-guard.el (source)...
Loading /root/.emacs.d/configs/memory.el (source)...
Loading /root/.emacs.d/configs/file-guard.el (source)...
Loading /root/.emacs.d/configs/tool-limits.el (source)...
Loading /root/.emacs.d/configs/tasks.el (source)...
Loading /root/.emacs.d/configs/mcp.el (source)...
Loading /root/.emacs.d/init.d/shared/iar-utils.el (source)...
Loading /root/.emacs.d/init.d/shared/iar-agent-utils.el (source)...
Loading /root/.emacs.d/init.d/core/iar-locale.el (source)...
Loading /root/.emacs.d/init.d/core/iar-package-setup.el (source)...
Loading /root/.emacs.d/init.d/core/iar-ui-cleanup.el (source)...
Loading /root/.emacs.d/init.d/core/iar-evil-mode.el (source)...
Loading /root/.emacs.d/init.d/core/iar-gptel-setup.el (source)...
[gptel] Using fork from /root/.emacs.d/gptel-fork (overriding ELPA package)
Loading /root/.emacs.d/configs/gptel.el (source)...
Loading /root/.emacs.d/init.d/core/iar-mcp-setup.el (source)...
Loading /root/.emacs.d/init.d/tool-call/iar-malformed-args.el (source)...
Loading /root/.emacs.d/init.d/tool-call/iar-tool-call.el (source)...
[tool-call] Layer installed
Loading /root/.emacs.d/init.d/tool-call/iar-tool-result-timestamp.el (source)...
Loading /root/.emacs.d/init.d/tool-call/iar-tool-result-budget.el (source)...
Loading /root/.emacs.d/init.d/tool-call/iar-request-log.el (source)...
[request-log] Witness installed
Loading /root/.emacs.d/init.d/tool-call/iar-context-fence.el (source)...
Loading /root/.emacs.d/init.d/tool-call/iar-msgs-fence.el (source)...
Loading /root/.emacs.d/init.d/tool-call/iar-request-watchdog.el (source)...
[watchdog] Request watchdog installed
Loading /root/.emacs.d/init.d/tool-call/iar-text-mode-detector.el (source)...
Loading /root/.emacs.d/init.d/agent/iar-prompt-loader.el (source)...
Loading /root/.emacs.d/init.d/core/iar-mount-awareness.el (source)...
Loading /root/.emacs.d/init.d/core/iar-rate-limit.el (source)...
Loading /root/.emacs.d/init.d/security/iar-output-sanitizer.el (source)...
Loading /root/.emacs.d/init.d/security/iar-file-guard.el (source)...
Loading /root/.emacs.d/init.d/security/iar-audit-log.el (source)...
Loading /root/.emacs.d/init.d/security/iar-loop-guard.el (source)...
Loading /root/.emacs.d/init.d/security/iar-loop-guard-chain.el (source)...
Loading /root/.emacs.d/init.d/security/iar-tool-guard.el (source)...
Loading /root/.emacs.d/init.d/security/iar-utf8-scrub.el (source)...
Loading /root/.emacs.d/init.d/tools/filesystem/list_directory.el (source)...
Loading /root/.emacs.d/init.d/tools/filesystem/read_file.el (source)...
Loading /root/.emacs.d/init.d/tools/filesystem/write_file.el (source)...
Loading /root/.emacs.d/init.d/tools/filesystem/append_file.el (source)...
Loading /root/.emacs.d/init.d/tools/code/execute_code_local.el (source)...
Loading /root/.emacs.d/init.d/tools/code/execute_code_remote.el (source)...
Loading /root/.emacs.d/init.d/tools/code/check_elisp.el (source)...
Loading /root/.emacs.d/init.d/tools/tasks/read_task.el (source)...
Loading /root/.emacs.d/init.d/tools/tasks/create_task.el (source)...
Loading /root/.emacs.d/init.d/tools/tasks/write_subtask.el (source)...
Loading /root/.emacs.d/init.d/tools/tasks/remove_task.el (source)...
Loading /root/.emacs.d/init.d/tools/tasks/read_history.el (source)...
Loading /root/.emacs.d/init.d/tools/tasks/read_roadmap.el (source)...
Loading /root/.emacs.d/init.d/tools/tasks/write_roadmap.el (source)...
Loading /root/.emacs.d/init.d/tools/notify/telegram.el (source)...
Loading /root/.emacs.d/init.d/tools/git/git_commit.el (source)...
Loading /root/.emacs.d/init.d/tools/knowledge/read_knowledge.el (source)...
Loading /root/.emacs.d/init.d/agent/iar-project-parser.el (source)...
Loading /root/.emacs.d/init.d/agent/iar-prompt-assembly.el (source)...
Loading /root/.emacs.d/init.d/agent/iar-agent-loader.el (source)...
Loading /root/.emacs.d/init.d/agent/iar-knowledge-loader.el (source)...
Loading /root/.emacs.d/init.d/agent/iar-buffer-info.el (source)...
Loading /root/.emacs.d/init.d/tools/agent/delegate.el (source)...
Loading /root/.emacs.d/init.d/tools/agent/reload_os.el (source)...
Loading /root/.emacs.d/init.d/tools/agent/reload_agent.el (source)...
Loading /root/.emacs.d/init.d/tools/agent/read_own_prompt.el (source)...
Loading /root/.emacs.d/init.d/agent/iar-guidelines-checker.el (source)...
Loading /root/.emacs.d/init.d/agent/iar-agent-cycle.el (source)...
Loading /root/.emacs.d/init.d/debug/iar-status-mode.el (source)...
[status-mode] Installed
Loading /root/.emacs.d/init.d/session/iar-quit.el (source)...
[aria] Starting cycle with 3600s timeout (archetype: aria-cycle, project: iar, cycle: aria_daily)
[assembly] DIGEST [iar/aria] 15568 chars (warn at 12000) -- injected full on every request; diet it
[aria] Assembled prompt: 48480 chars (~12120 tokens), 21 tools
[aria] Sending cycle prompt to aria agent...
Querying Ollama...

In toplevel form:
i.ar/emacs.d/test/test-loop-chain.el:1:1: Warning: file has no ‘lexical-binding’ directive on its first line
[aria] Cycle complete. Turns: 1, Tool calls: 51, Exit: 0
Tokens: 1768294 in / 96417 out / 1864711 total
Requests: 52
Belt #2c push to origin: To 10.66.0.5:/home/git/repos/iar-personalization.git
   a420d5f7..845fc447  HEAD -> main
[0;32m[INF][2026-09-18 06:17:29][0m Cycle 1 succeeded in 1226s (exit 0)

[0;34m[INF][2026-09-18 06:26:07][0m --- Cycle 1/1 ---
Already up to date.
============================================
  Preflight Mount Audit — Emacboros
  2026-09-18T09:26:07Z
============================================

--- Phase 1: /proc/mounts scan ---

--- Phase 2: Writability tests ---
[0;32m[PASS][0m /root/.emacs.d/.git/hooks — does not exist
[0;32m[PASS][0m /var/run/docker.sock — does not exist
[0;32m[PASS][0m /etc/cron.d — does not exist
[0;32m[PASS][0m /var/spool/cron — does not exist
[0;32m[PASS][0m /etc/systemd/system — directory is read-only
[0;32m[PASS][0m /etc/systemd — directory is read-only

--- Phase 3: Capability audit ---
[0;32m[PASS][0m CAP_DAC_OVERRIDE (bit 1) is not set — can bypass file read/write/execute permissions
[0;32m[PASS][0m CAP_SYS_ADMIN (bit 21) is not set — broad system administration (mount, namespaces, etc.)
[0;32m[PASS][0m CAP_SETUID (bit 7) is not set — can change process UID
[0;32m[PASS][0m CAP_SETGID (bit 6) is not set — can change process GID
[0;32m[PASS][0m CAP_MKNOD (bit 27) is not set — can create special device files
[0;32m[PASS][0m CAP_NET_RAW (bit 13) is SET (expected) — can create raw network sockets (needed for nmap/traceroute)
[0;32m[PASS][0m CAP_NET_BIND_SERVICE (bit 10) is SET (expected) — can bind to ports < 1024
[0;32m[PASS][0m CAP_FOWNER (bit 3) is not set — can bypass file ownership checks
[0;32m[PASS][0m CAP_SETFCAP (bit 31) is not set — can set file capabilities

--- Phase 4: Host mount audit ---
Writable real-filesystem mounts:
[0;33m[WARN][0m Host mount: /sys/kernel/security (securityfs, rw,nosuid,nodev,noexec,relatime)
[0;33m[WARN][0m Host mount: /sys/fs/cgroup (cgroup2, rw,seclabel,nosuid,nodev,noexec,relatime,nsdelegate,memory_recursiveprot,memory_hugetlb_accounting)
[0;33m[WARN][0m Host mount: /sys/fs/pstore (pstore, rw,seclabel,nosuid,nodev,noexec,relatime)
[0;33m[WARN][0m Host mount: /sys/firmware/efi/efivars (efivarfs, rw,nosuid,nodev,noexec,relatime)
[0;33m[WARN][0m Host mount: /sys/fs/bpf (bpf, rw,nosuid,nodev,noexec,relatime,mode=700)
[0;33m[WARN][0m Host mount: /sys/kernel/config (configfs, rw,nosuid,nodev,noexec,relatime)
[0;33m[WARN][0m Host mount: /sys/fs/selinux (selinuxfs, rw,nosuid,noexec,relatime)
[0;33m[WARN][0m Host mount: /sys/fs/fuse/connections (fusectl, rw,nosuid,nodev,noexec,relatime)
[0;33m[WARN][0m Host mount: /sys/kernel/debug (debugfs, rw,seclabel,nosuid,nodev,noexec,relatime)
[0;33m[WARN][0m Host mount: /sys/kernel/debug/tracing (tracefs, rw,seclabel,nosuid,nodev,noexec,relatime)
[0;33m[WARN][0m Host mount: /sys/kernel/tracing (tracefs, rw,seclabel,nosuid,nodev,noexec,relatime)
[0;33m[WARN][0m Host mount: /root/i.ar (btrfs, rw,seclabel,relatime,compress=zstd:1,ssd,discard=async,space_cache=v2,subvolid=256,subvol=/root)
[0;33m[WARN][0m Host mount: /root/personalization (btrfs, rw,seclabel,relatime,compress=zstd:1,ssd,discard=async,space_cache=v2,subvolid=256,subvol=/root)
[0;33m[WARN][0m Host mount: /root/.emacs.d (btrfs, rw,seclabel,relatime,compress=zstd:1,ssd,discard=async,space_cache=v2,subvolid=256,subvol=/root)
[0;33m[WARN][0m Host mount: /root/.emacs.d/metaconfig (btrfs, rw,seclabel,relatime,compress=zstd:1,ssd,discard=async,space_cache=v2,subvolid=256,subvol=/root)
[0;33m[WARN][0m Host mount: /root/.emacs.d/gptel-fork (btrfs, rw,seclabel,relatime,compress=zstd:1,ssd,discard=async,space_cache=v2,subvolid=256,subvol=/root)
[0;33m[WARN][0m Host mount: /root/i.ar/prompts (btrfs, rw,seclabel,relatime,compress=zstd:1,ssd,discard=async,space_cache=v2,subvolid=256,subvol=/root)

============================================
[0;32m  PREFLIGHT PASSED[0m
============================================
Loading /root/.emacs.d/configs/paths.el (source)...
Loading /root/.emacs.d/configs/predicates.el (source)...
Loading /root/.emacs.d/configs/keybindings.el (source)...
Loading /root/.emacs.d/configs/delimiters.el (source)...
Loading /root/.emacs.d/configs/git.el (source)...
Loading /root/.emacs.d/configs/fork.el (source)...
Loading /root/.emacs.d/configs/delegate.el (source)...
Loading /root/.emacs.d/configs/cycle.el (source)...
Loading /root/.emacs.d/configs/loop-guard.el (source)...
Loading /root/.emacs.d/configs/memory.el (source)...
Loading /root/.emacs.d/configs/file-guard.el (source)...
Loading /root/.emacs.d/configs/tool-limits.el (source)...
Loading /root/.emacs.d/configs/tasks.el (source)...
Loading /root/.emacs.d/configs/mcp.el (source)...
Loading /root/.emacs.d/init.d/shared/iar-utils.el (source)...
Loading /root/.emacs.d/init.d/shared/iar-agent-utils.el (source)...
Loading /root/.emacs.d/init.d/core/iar-locale.el (source)...
Loading /root/.emacs.d/init.d/core/iar-package-setup.el (source)...
Loading /root/.emacs.d/init.d/core/iar-ui-cleanup.el (source)...
Loading /root/.emacs.d/init.d/core/iar-evil-mode.el (source)...
Loading /root/.emacs.d/init.d/core/iar-gptel-setup.el (source)...
[gptel] Using fork from /root/.emacs.d/gptel-fork (overriding ELPA package)
Loading /root/.emacs.d/configs/gptel.el (source)...
Loading /root/.emacs.d/init.d/core/iar-mcp-setup.el (source)...
Loading /root/.emacs.d/init.d/tool-call/iar-malformed-args.el (source)...
Loading /root/.emacs.d/init.d/tool-call/iar-tool-call.el (source)...
[tool-call] Layer installed
Loading /root/.emacs.d/init.d/tool-call/iar-tool-result-timestamp.el (source)...
Loading /root/.emacs.d/init.d/tool-call/iar-tool-result-budget.el (source)...
Loading /root/.emacs.d/init.d/tool-call/iar-request-log.el (source)...
[request-log] Witness installed
Loading /root/.emacs.d/init.d/tool-call/iar-context-fence.el (source)...
Loading /root/.emacs.d/init.d/tool-call/iar-msgs-fence.el (source)...
Loading /root/.emacs.d/init.d/tool-call/iar-request-watchdog.el (source)...
[watchdog] Request watchdog installed
Loading /root/.emacs.d/init.d/tool-call/iar-text-mode-detector.el (source)...
Loading /root/.emacs.d/init.d/agent/iar-prompt-loader.el (source)...
Loading /root/.emacs.d/init.d/core/iar-mount-awareness.el (source)...
Loading /root/.emacs.d/init.d/core/iar-rate-limit.el (source)...
Loading /root/.emacs.d/init.d/security/iar-output-sanitizer.el (source)...
Loading /root/.emacs.d/init.d/security/iar-file-guard.el (source)...
Loading /root/.emacs.d/init.d/security/iar-audit-log.el (source)...
Loading /root/.emacs.d/init.d/security/iar-loop-guard.el (source)...
Loading /root/.emacs.d/init.d/security/iar-loop-guard-chain.el (source)...
Loading /root/.emacs.d/init.d/security/iar-tool-guard.el (source)...
Loading /root/.emacs.d/init.d/security/iar-utf8-scrub.el (source)...
Loading /root/.emacs.d/init.d/tools/filesystem/list_directory.el (source)...
Loading /root/.emacs.d/init.d/tools/filesystem/read_file.el (source)...
Loading /root/.emacs.d/init.d/tools/filesystem/write_file.el (source)...
Loading /root/.emacs.d/init.d/tools/filesystem/append_file.el (source)...
Loading /root/.emacs.d/init.d/tools/code/execute_code_local.el (source)...
Loading /root/.emacs.d/init.d/tools/code/execute_code_remote.el (source)...
Loading /root/.emacs.d/init.d/tools/code/check_elisp.el (source)...
Loading /root/.emacs.d/init.d/tools/tasks/read_task.el (source)...
Loading /root/.emacs.d/init.d/tools/tasks/create_task.el (source)...
Loading /root/.emacs.d/init.d/tools/tasks/write_subtask.el (source)...
Loading /root/.emacs.d/init.d/tools/tasks/remove_task.el (source)...
Loading /root/.emacs.d/init.d/tools/tasks/read_history.el (source)...
Loading /root/.emacs.d/init.d/tools/tasks/read_roadmap.el (source)...
Loading /root/.emacs.d/init.d/tools/tasks/write_roadmap.el (source)...
Loading /root/.emacs.d/init.d/tools/notify/telegram.el (source)...
Loading /root/.emacs.d/init.d/tools/git/git_commit.el (source)...
Loading /root/.emacs.d/init.d/tools/knowledge/read_knowledge.el (source)...
Loading /root/.emacs.d/init.d/agent/iar-project-parser.el (source)...
Loading /root/.emacs.d/init.d/agent/iar-prompt-assembly.el (source)...
Loading /root/.emacs.d/init.d/agent/iar-agent-loader.el (source)...
Loading /root/.emacs.d/init.d/agent/iar-knowledge-loader.el (source)...
Loading /root/.emacs.d/init.d/agent/iar-buffer-info.el (source)...
Loading /root/.emacs.d/init.d/tools/agent/delegate.el (source)...
Loading /root/.emacs.d/init.d/tools/agent/reload_os.el (source)...
Loading /root/.emacs.d/init.d/tools/agent/reload_agent.el (source)...
Loading /root/.emacs.d/init.d/tools/agent/read_own_prompt.el (source)...
Loading /root/.emacs.d/init.d/agent/iar-guidelines-checker.el (source)...
Loading /root/.emacs.d/init.d/agent/iar-agent-cycle.el (source)...
Loading /root/.emacs.d/init.d/debug/iar-status-mode.el (source)...
[status-mode] Installed
Loading /root/.emacs.d/init.d/session/iar-quit.el (source)...
[aria] Starting cycle with 3600s timeout (archetype: aria-cycle, project: iar, cycle: aria_daily)
[assembly] DIGEST [iar/aria] 15568 chars (warn at 12000) -- injected full on every request; diet it
[aria] Assembled prompt: 48256 chars (~12064 tokens), 21 tools
[aria] Sending cycle prompt to aria agent...
Querying Ollama...

In toplevel form:
i.ar/emacs.d/test/test-audit-detail.el:1:1: Warning: file has no ‘lexical-binding’ directive on its first line

In end of data:
i.ar/emacs.d/test/test-audit-detail.el:231:19: Warning: the function ‘iar--audit-redact-secrets’ is not known to be defined.
[aria] Cycle complete. Turns: 1, Tool calls: 84, Exit: 0
Tokens: 4143431 in / 119228 out / 4262659 total
Requests: 85
Belt #2c push to origin: To 10.66.0.5:/home/git/repos/iar-personalization.git
   04c1f731..c4bcda18  HEAD -> main
[0;32m[INF][2026-09-18 07:05:57][0m Cycle 1 succeeded in 2390s (exit 0)

[0;34m[INF][2026-09-18 07:22:16][0m --- Cycle 1/1 ---
Already up to date.
============================================
  Preflight Mount Audit — Emacboros
  2026-09-18T10:22:17Z
============================================

--- Phase 1: /proc/mounts scan ---

--- Phase 2: Writability tests ---
[0;32m[PASS][0m /root/.emacs.d/.git/hooks — does not exist
[0;32m[PASS][0m /var/run/docker.sock — does not exist
[0;32m[PASS][0m /etc/cron.d — does not exist
[0;32m[PASS][0m /var/spool/cron — does not exist
[0;32m[PASS][0m /etc/systemd/system — directory is read-only
[0;32m[PASS][0m /etc/systemd — directory is read-only

--- Phase 3: Capability audit ---
[0;32m[PASS][0m CAP_DAC_OVERRIDE (bit 1) is not set — can bypass file read/write/execute permissions
[0;32m[PASS][0m CAP_SYS_ADMIN (bit 21) is not set — broad system administration (mount, namespaces, etc.)
[0;32m[PASS][0m CAP_SETUID (bit 7) is not set — can change process UID
[0;32m[PASS][0m CAP_SETGID (bit 6) is not set — can change process GID
[0;32m[PASS][0m CAP_MKNOD (bit 27) is not set — can create special device files
[0;32m[PASS][0m CAP_NET_RAW (bit 13) is SET (expected) — can create raw network sockets (needed for nmap/traceroute)
[0;32m[PASS][0m CAP_NET_BIND_SERVICE (bit 10) is SET (expected) — can bind to ports < 1024
[0;32m[PASS][0m CAP_FOWNER (bit 3) is not set — can bypass file ownership checks
[0;32m[PASS][0m CAP_SETFCAP (bit 31) is not set — can set file capabilities

--- Phase 4: Host mount audit ---
Writable real-filesystem mounts:
[0;33m[WARN][0m Host mount: /sys/kernel/security (securityfs, rw,nosuid,nodev,noexec,relatime)
[0;33m[WARN][0m Host mount: /sys/fs/cgroup (cgroup2, rw,seclabel,nosuid,nodev,noexec,relatime,nsdelegate,memory_recursiveprot,memory_hugetlb_accounting)
[0;33m[WARN][0m Host mount: /sys/fs/pstore (pstore, rw,seclabel,nosuid,nodev,noexec,relatime)
[0;33m[WARN][0m Host mount: /sys/firmware/efi/efivars (efivarfs, rw,nosuid,nodev,noexec,relatime)
[0;33m[WARN][0m Host mount: /sys/fs/bpf (bpf, rw,nosuid,nodev,noexec,relatime,mode=700)
[0;33m[WARN][0m Host mount: /sys/kernel/config (configfs, rw,nosuid,nodev,noexec,relatime)
[0;33m[WARN][0m Host mount: /sys/fs/selinux (selinuxfs, rw,nosuid,noexec,relatime)
[0;33m[WARN][0m Host mount: /sys/fs/fuse/connections (fusectl, rw,nosuid,nodev,noexec,relatime)
[0;33m[WARN][0m Host mount: /sys/kernel/debug (debugfs, rw,seclabel,nosuid,nodev,noexec,relatime)
[0;33m[WARN][0m Host mount: /sys/kernel/debug/tracing (tracefs, rw,seclabel,nosuid,nodev,noexec,relatime)
[0;33m[WARN][0m Host mount: /sys/kernel/tracing (tracefs, rw,seclabel,nosuid,nodev,noexec,relatime)
[0;33m[WARN][0m Host mount: /root/.emacs.d (btrfs, rw,seclabel,relatime,compress=zstd:1,ssd,discard=async,space_cache=v2,subvolid=256,subvol=/root)
[0;33m[WARN][0m Host mount: /root/personalization (btrfs, rw,seclabel,relatime,compress=zstd:1,ssd,discard=async,space_cache=v2,subvolid=256,subvol=/root)
[0;33m[WARN][0m Host mount: /root/i.ar (btrfs, rw,seclabel,relatime,compress=zstd:1,ssd,discard=async,space_cache=v2,subvolid=256,subvol=/root)
[0;33m[WARN][0m Host mount: /root/.emacs.d/metaconfig (btrfs, rw,seclabel,relatime,compress=zstd:1,ssd,discard=async,space_cache=v2,subvolid=256,subvol=/root)
[0;33m[WARN][0m Host mount: /root/.emacs.d/gptel-fork (btrfs, rw,seclabel,relatime,compress=zstd:1,ssd,discard=async,space_cache=v2,subvolid=256,subvol=/root)
[0;33m[WARN][0m Host mount: /root/i.ar/prompts (btrfs, rw,seclabel,relatime,compress=zstd:1,ssd,discard=async,space_cache=v2,subvolid=256,subvol=/root)

============================================
[0;32m  PREFLIGHT PASSED[0m
============================================
Loading /root/.emacs.d/configs/paths.el (source)...
Loading /root/.emacs.d/configs/predicates.el (source)...
Loading /root/.emacs.d/configs/keybindings.el (source)...
Loading /root/.emacs.d/configs/delimiters.el (source)...
Loading /root/.emacs.d/configs/git.el (source)...
Loading /root/.emacs.d/configs/fork.el (source)...
Loading /root/.emacs.d/configs/delegate.el (source)...
Loading /root/.emacs.d/configs/cycle.el (source)...
Loading /root/.emacs.d/configs/loop-guard.el (source)...
Loading /root/.emacs.d/configs/memory.el (source)...
Loading /root/.emacs.d/configs/file-guard.el (source)...
Loading /root/.emacs.d/configs/tool-limits.el (source)...
Loading /root/.emacs.d/configs/tasks.el (source)...
Loading /root/.emacs.d/configs/mcp.el (source)...
Loading /root/.emacs.d/init.d/shared/iar-utils.el (source)...
Loading /root/.emacs.d/init.d/shared/iar-agent-utils.el (source)...
Loading /root/.emacs.d/init.d/core/iar-locale.el (source)...
Loading /root/.emacs.d/init.d/core/iar-package-setup.el (source)...
Loading /root/.emacs.d/init.d/core/iar-ui-cleanup.el (source)...
Loading /root/.emacs.d/init.d/core/iar-evil-mode.el (source)...
Loading /root/.emacs.d/init.d/core/iar-gptel-setup.el (source)...
[gptel] Using fork from /root/.emacs.d/gptel-fork (overriding ELPA package)
Loading /root/.emacs.d/configs/gptel.el (source)...
Loading /root/.emacs.d/init.d/core/iar-mcp-setup.el (source)...
Loading /root/.emacs.d/init.d/tool-call/iar-malformed-args.el (source)...
Loading /root/.emacs.d/init.d/tool-call/iar-tool-call.el (source)...
[tool-call] Layer installed
Loading /root/.emacs.d/init.d/tool-call/iar-tool-result-timestamp.el (source)...
Loading /root/.emacs.d/init.d/tool-call/iar-tool-result-budget.el (source)...
Loading /root/.emacs.d/init.d/tool-call/iar-request-log.el (source)...
[request-log] Witness installed
Loading /root/.emacs.d/init.d/tool-call/iar-context-fence.el (source)...
Loading /root/.emacs.d/init.d/tool-call/iar-msgs-fence.el (source)...
Loading /root/.emacs.d/init.d/tool-call/iar-request-watchdog.el (source)...
[watchdog] Request watchdog installed
Loading /root/.emacs.d/init.d/tool-call/iar-text-mode-detector.el (source)...
Loading /root/.emacs.d/init.d/agent/iar-prompt-loader.el (source)...
Loading /root/.emacs.d/init.d/core/iar-mount-awareness.el (source)...
Loading /root/.emacs.d/init.d/core/iar-rate-limit.el (source)...
Loading /root/.emacs.d/init.d/security/iar-output-sanitizer.el (source)...
Loading /root/.emacs.d/init.d/security/iar-file-guard.el (source)...
Loading /root/.emacs.d/init.d/security/iar-audit-log.el (source)...
Loading /root/.emacs.d/init.d/security/iar-loop-guard.el (source)...
Loading /root/.emacs.d/init.d/security/iar-loop-guard-chain.el (source)...
Loading /root/.emacs.d/init.d/security/iar-tool-guard.el (source)...
Loading /root/.emacs.d/init.d/security/iar-utf8-scrub.el (source)...
Loading /root/.emacs.d/init.d/tools/filesystem/list_directory.el (source)...
Loading /root/.emacs.d/init.d/tools/filesystem/read_file.el (source)...
Loading /root/.emacs.d/init.d/tools/filesystem/write_file.el (source)...
Loading /root/.emacs.d/init.d/tools/filesystem/append_file.el (source)...
Loading /root/.emacs.d/init.d/tools/code/execute_code_local.el (source)...
Loading /root/.emacs.d/init.d/tools/code/execute_code_remote.el (source)...
Loading /root/.emacs.d/init.d/tools/code/check_elisp.el (source)...
Loading /root/.emacs.d/init.d/tools/tasks/read_task.el (source)...
Loading /root/.emacs.d/init.d/tools/tasks/create_task.el (source)...
Loading /root/.emacs.d/init.d/tools/tasks/write_subtask.el (source)...
Loading /root/.emacs.d/init.d/tools/tasks/remove_task.el (source)...
Loading /root/.emacs.d/init.d/tools/tasks/read_history.el (source)...
Loading /root/.emacs.d/init.d/tools/tasks/read_roadmap.el (source)...
Loading /root/.emacs.d/init.d/tools/tasks/write_roadmap.el (source)...
Loading /root/.emacs.d/init.d/tools/notify/telegram.el (source)...
Loading /root/.emacs.d/init.d/tools/git/git_commit.el (source)...
Loading /root/.emacs.d/init.d/tools/knowledge/read_knowledge.el (source)...
Loading /root/.emacs.d/init.d/agent/iar-project-parser.el (source)...
Loading /root/.emacs.d/init.d/agent/iar-prompt-assembly.el (source)...
Loading /root/.emacs.d/init.d/agent/iar-agent-loader.el (source)...
Loading /root/.emacs.d/init.d/agent/iar-knowledge-loader.el (source)...
Loading /root/.emacs.d/init.d/agent/iar-buffer-info.el (source)...
Loading /root/.emacs.d/init.d/tools/agent/delegate.el (source)...
Loading /root/.emacs.d/init.d/tools/agent/reload_os.el (source)...
Loading /root/.emacs.d/init.d/tools/agent/reload_agent.el (source)...
Loading /root/.emacs.d/init.d/tools/agent/read_own_prompt.el (source)...
Loading /root/.emacs.d/init.d/agent/iar-guidelines-checker.el (source)...
Loading /root/.emacs.d/init.d/agent/iar-agent-cycle.el (source)...
Loading /root/.emacs.d/init.d/debug/iar-status-mode.el (source)...
[status-mode] Installed
Loading /root/.emacs.d/init.d/session/iar-quit.el (source)...
[aria] Starting cycle with 3600s timeout (archetype: aria-cycle, project: iar, cycle: aria_daily)
[assembly] DIGEST [iar/aria] HARD CAP: 16138 > 16000 chars, truncating to tail
[aria] Assembled prompt: 49029 chars (~12257 tokens), 21 tools
[aria] Sending cycle prompt to aria agent...
Querying Ollama...
[aria] Same-tool warning: 100 calls to execute_code_local this cycle -- one call blocked with notice
[loop-guard-chain] SOFT BLOCK: execute_code_local chained 10 times
Querying Ollama...
[aria] Tool-call budget warning (150/300) -- one call blocked with notice
[aria] Msgs soft cap warning (msgs 401 >= 400) -- one call blocked with notice
Querying Ollama...
error in process sentinel: Wrong type argument: stringp, nil
[0;31m[ERR][2026-09-18 07:46:20][0m Cycle 1 failed in 1444s (exit 255)

[0;34m[INF][2026-09-18 08:18:59][0m --- Cycle 1/1 ---
Already up to date.
============================================
  Preflight Mount Audit — Emacboros
  2026-09-18T11:19:00Z
============================================

--- Phase 1: /proc/mounts scan ---

--- Phase 2: Writability tests ---
[0;32m[PASS][0m /root/.emacs.d/.git/hooks — does not exist
[0;32m[PASS][0m /var/run/docker.sock — does not exist
[0;32m[PASS][0m /etc/cron.d — does not exist
[0;32m[PASS][0m /var/spool/cron — does not exist
[0;32m[PASS][0m /etc/systemd/system — directory is read-only
[0;32m[PASS][0m /etc/systemd — directory is read-only

--- Phase 3: Capability audit ---
[0;32m[PASS][0m CAP_DAC_OVERRIDE (bit 1) is not set — can bypass file read/write/execute permissions
[0;32m[PASS][0m CAP_SYS_ADMIN (bit 21) is not set — broad system administration (mount, namespaces, etc.)
[0;32m[PASS][0m CAP_SETUID (bit 7) is not set — can change process UID
[0;32m[PASS][0m CAP_SETGID (bit 6) is not set — can change process GID
[0;32m[PASS][0m CAP_MKNOD (bit 27) is not set — can create special device files
[0;32m[PASS][0m CAP_NET_RAW (bit 13) is SET (expected) — can create raw network sockets (needed for nmap/traceroute)
[0;32m[PASS][0m CAP_NET_BIND_SERVICE (bit 10) is SET (expected) — can bind to ports < 1024
[0;32m[PASS][0m CAP_FOWNER (bit 3) is not set — can bypass file ownership checks
[0;32m[PASS][0m CAP_SETFCAP (bit 31) is not set — can set file capabilities

--- Phase 4: Host mount audit ---
Writable real-filesystem mounts:
[0;33m[WARN][0m Host mount: /sys/kernel/security (securityfs, rw,nosuid,nodev,noexec,relatime)
[0;33m[WARN][0m Host mount: /sys/fs/cgroup (cgroup2, rw,seclabel,nosuid,nodev,noexec,relatime,nsdelegate,memory_recursiveprot,memory_hugetlb_accounting)
[0;33m[WARN][0m Host mount: /sys/fs/pstore (pstore, rw,seclabel,nosuid,nodev,noexec,relatime)
[0;33m[WARN][0m Host mount: /sys/firmware/efi/efivars (efivarfs, rw,nosuid,nodev,noexec,relatime)
[0;33m[WARN][0m Host mount: /sys/fs/bpf (bpf, rw,nosuid,nodev,noexec,relatime,mode=700)
[0;33m[WARN][0m Host mount: /sys/kernel/config (configfs, rw,nosuid,nodev,noexec,relatime)
[0;33m[WARN][0m Host mount: /sys/fs/selinux (selinuxfs, rw,nosuid,noexec,relatime)
[0;33m[WARN][0m Host mount: /sys/fs/fuse/connections (fusectl, rw,nosuid,nodev,noexec,relatime)
[0;33m[WARN][0m Host mount: /sys/kernel/debug (debugfs, rw,seclabel,nosuid,nodev,noexec,relatime)
[0;33m[WARN][0m Host mount: /sys/kernel/debug/tracing (tracefs, rw,seclabel,nosuid,nodev,noexec,relatime)
[0;33m[WARN][0m Host mount: /sys/kernel/tracing (tracefs, rw,seclabel,nosuid,nodev,noexec,relatime)
[0;33m[WARN][0m Host mount: /root/personalization (btrfs, rw,seclabel,relatime,compress=zstd:1,ssd,discard=async,space_cache=v2,subvolid=256,subvol=/root)
[0;33m[WARN][0m Host mount: /root/i.ar (btrfs, rw,seclabel,relatime,compress=zstd:1,ssd,discard=async,space_cache=v2,subvolid=256,subvol=/root)
[0;33m[WARN][0m Host mount: /root/.emacs.d (btrfs, rw,seclabel,relatime,compress=zstd:1,ssd,discard=async,space_cache=v2,subvolid=256,subvol=/root)
[0;33m[WARN][0m Host mount: /root/.emacs.d/metaconfig (btrfs, rw,seclabel,relatime,compress=zstd:1,ssd,discard=async,space_cache=v2,subvolid=256,subvol=/root)
[0;33m[WARN][0m Host mount: /root/.emacs.d/gptel-fork (btrfs, rw,seclabel,relatime,compress=zstd:1,ssd,discard=async,space_cache=v2,subvolid=256,subvol=/root)
[0;33m[WARN][0m Host mount: /root/i.ar/prompts (btrfs, rw,seclabel,relatime,compress=zstd:1,ssd,discard=async,space_cache=v2,subvolid=256,subvol=/root)

============================================
[0;32m  PREFLIGHT PASSED[0m
============================================
Loading /root/.emacs.d/configs/paths.el (source)...
Loading /root/.emacs.d/configs/predicates.el (source)...
Loading /root/.emacs.d/configs/keybindings.el (source)...
Loading /root/.emacs.d/configs/delimiters.el (source)...
Loading /root/.emacs.d/configs/git.el (source)...
Loading /root/.emacs.d/configs/fork.el (source)...
Loading /root/.emacs.d/configs/delegate.el (source)...
Loading /root/.emacs.d/configs/cycle.el (source)...
Loading /root/.emacs.d/configs/loop-guard.el (source)...
Loading /root/.emacs.d/configs/memory.el (source)...
Loading /root/.emacs.d/configs/file-guard.el (source)...
Loading /root/.emacs.d/configs/tool-limits.el (source)...
Loading /root/.emacs.d/configs/tasks.el (source)...
Loading /root/.emacs.d/configs/mcp.el (source)...
Loading /root/.emacs.d/init.d/shared/iar-utils.el (source)...
Loading /root/.emacs.d/init.d/shared/iar-agent-utils.el (source)...
Loading /root/.emacs.d/init.d/core/iar-locale.el (source)...
Loading /root/.emacs.d/init.d/core/iar-package-setup.el (source)...
Loading /root/.emacs.d/init.d/core/iar-ui-cleanup.el (source)...
Loading /root/.emacs.d/init.d/core/iar-evil-mode.el (source)...
Loading /root/.emacs.d/init.d/core/iar-gptel-setup.el (source)...
[gptel] Using fork from /root/.emacs.d/gptel-fork (overriding ELPA package)
Loading /root/.emacs.d/configs/gptel.el (source)...
Loading /root/.emacs.d/init.d/core/iar-mcp-setup.el (source)...
Loading /root/.emacs.d/init.d/tool-call/iar-malformed-args.el (source)...
Loading /root/.emacs.d/init.d/tool-call/iar-tool-call.el (source)...
[tool-call] Layer installed
Loading /root/.emacs.d/init.d/tool-call/iar-tool-result-timestamp.el (source)...
Loading /root/.emacs.d/init.d/tool-call/iar-tool-result-budget.el (source)...
Loading /root/.emacs.d/init.d/tool-call/iar-request-log.el (source)...
[request-log] Witness installed
Loading /root/.emacs.d/init.d/tool-call/iar-context-fence.el (source)...
Loading /root/.emacs.d/init.d/tool-call/iar-msgs-fence.el (source)...
Loading /root/.emacs.d/init.d/tool-call/iar-request-watchdog.el (source)...
[watchdog] Request watchdog installed
Loading /root/.emacs.d/init.d/tool-call/iar-text-mode-detector.el (source)...
Loading /root/.emacs.d/init.d/agent/iar-prompt-loader.el (source)...
Loading /root/.emacs.d/init.d/core/iar-mount-awareness.el (source)...
Loading /root/.emacs.d/init.d/core/iar-rate-limit.el (source)...
Loading /root/.emacs.d/init.d/security/iar-output-sanitizer.el (source)...
Loading /root/.emacs.d/init.d/security/iar-file-guard.el (source)...
Loading /root/.emacs.d/init.d/security/iar-audit-log.el (source)...
Loading /root/.emacs.d/init.d/security/iar-loop-guard.el (source)...
Loading /root/.emacs.d/init.d/security/iar-loop-guard-chain.el (source)...
Loading /root/.emacs.d/init.d/security/iar-tool-guard.el (source)...
Loading /root/.emacs.d/init.d/security/iar-utf8-scrub.el (source)...
Loading /root/.emacs.d/init.d/tools/filesystem/list_directory.el (source)...
Loading /root/.emacs.d/init.d/tools/filesystem/read_file.el (source)...
Loading /root/.emacs.d/init.d/tools/filesystem/write_file.el (source)...
Loading /root/.emacs.d/init.d/tools/filesystem/append_file.el (source)...
Loading /root/.emacs.d/init.d/tools/code/execute_code_local.el (source)...
Loading /root/.emacs.d/init.d/tools/code/execute_code_remote.el (source)...
Loading /root/.emacs.d/init.d/tools/code/check_elisp.el (source)...
Loading /root/.emacs.d/init.d/tools/tasks/read_task.el (source)...
Loading /root/.emacs.d/init.d/tools/tasks/create_task.el (source)...
Loading /root/.emacs.d/init.d/tools/tasks/write_subtask.el (source)...
Loading /root/.emacs.d/init.d/tools/tasks/remove_task.el (source)...
Loading /root/.emacs.d/init.d/tools/tasks/read_history.el (source)...
Loading /root/.emacs.d/init.d/tools/tasks/read_roadmap.el (source)...
Loading /root/.emacs.d/init.d/tools/tasks/write_roadmap.el (source)...
Loading /root/.emacs.d/init.d/tools/notify/telegram.el (source)...
Loading /root/.emacs.d/init.d/tools/git/git_commit.el (source)...
Loading /root/.emacs.d/init.d/tools/knowledge/read_knowledge.el (source)...
Loading /root/.emacs.d/init.d/agent/iar-project-parser.el (source)...
Loading /root/.emacs.d/init.d/agent/iar-prompt-assembly.el (source)...
Loading /root/.emacs.d/init.d/agent/iar-agent-loader.el (source)...
Loading /root/.emacs.d/init.d/agent/iar-knowledge-loader.el (source)...
Loading /root/.emacs.d/init.d/agent/iar-buffer-info.el (source)...
Loading /root/.emacs.d/init.d/tools/agent/delegate.el (source)...
Loading /root/.emacs.d/init.d/tools/agent/reload_os.el (source)...
Loading /root/.emacs.d/init.d/tools/agent/reload_agent.el (source)...
Loading /root/.emacs.d/init.d/tools/agent/read_own_prompt.el (source)...
Loading /root/.emacs.d/init.d/agent/iar-guidelines-checker.el (source)...
Loading /root/.emacs.d/init.d/agent/iar-agent-cycle.el (source)...
Loading /root/.emacs.d/init.d/debug/iar-status-mode.el (source)...
[status-mode] Installed
Loading /root/.emacs.d/init.d/session/iar-quit.el (source)...
[aria] Starting cycle with 3600s timeout (archetype: aria-cycle, project: iar, cycle: aria_daily)
[assembly] DIGEST [iar/aria] HARD CAP: 16138 > 16000 chars, truncating to tail
[aria] Assembled prompt: 48842 chars (~12210 tokens), 21 tools
[aria] Sending cycle prompt to aria agent...
Querying Ollama...
[loop-guard-chain] SOFT BLOCK: execute_code_local chained 10 times
[aria] Same-tool warning: 100 calls to execute_code_local this cycle -- one call blocked with notice
[aria] Tool-call budget warning (150/300) -- one call blocked with notice
[aria] Msgs soft cap warning (msgs 401 >= 400) -- one call blocked with notice
[aria] Cycle complete. Turns: 1, Tool calls: 210, Exit: 0
Tokens: 20636008 in / 66482 out / 20702490 total
Requests: 211
Belt #2c push to origin: To 10.66.0.5:/home/git/repos/iar-personalization.git
   ea285c57..1eafe55f  HEAD -> main
[0;32m[INF][2026-09-18 08:45:27][0m Cycle 1 succeeded in 1588s (exit 0)

[0;34m[INF][2026-09-18 09:07:09][0m --- Cycle 1/1 ---
Already up to date.
============================================
  Preflight Mount Audit — Emacboros
  2026-09-18T12:07:09Z
============================================

--- Phase 1: /proc/mounts scan ---

--- Phase 2: Writability tests ---
[0;32m[PASS][0m /root/.emacs.d/.git/hooks — does not exist
[0;32m[PASS][0m /var/run/docker.sock — does not exist
[0;32m[PASS][0m /etc/cron.d — does not exist
[0;32m[PASS][0m /var/spool/cron — does not exist
[0;32m[PASS][0m /etc/systemd/system — directory is read-only
[0;32m[PASS][0m /etc/systemd — directory is read-only

--- Phase 3: Capability audit ---
[0;32m[PASS][0m CAP_DAC_OVERRIDE (bit 1) is not set — can bypass file read/write/execute permissions
[0;32m[PASS][0m CAP_SYS_ADMIN (bit 21) is not set — broad system administration (mount, namespaces, etc.)
[0;32m[PASS][0m CAP_SETUID (bit 7) is not set — can change process UID
[0;32m[PASS][0m CAP_SETGID (bit 6) is not set — can change process GID
[0;32m[PASS][0m CAP_MKNOD (bit 27) is not set — can create special device files
[0;32m[PASS][0m CAP_NET_RAW (bit 13) is SET (expected) — can create raw network sockets (needed for nmap/traceroute)
[0;32m[PASS][0m CAP_NET_BIND_SERVICE (bit 10) is SET (expected) — can bind to ports < 1024
[0;32m[PASS][0m CAP_FOWNER (bit 3) is not set — can bypass file ownership checks
[0;32m[PASS][0m CAP_SETFCAP (bit 31) is not set — can set file capabilities

--- Phase 4: Host mount audit ---
Writable real-filesystem mounts:
[0;33m[WARN][0m Host mount: /sys/kernel/security (securityfs, rw,nosuid,nodev,noexec,relatime)
[0;33m[WARN][0m Host mount: /sys/fs/cgroup (cgroup2, rw,seclabel,nosuid,nodev,noexec,relatime,nsdelegate,memory_recursiveprot,memory_hugetlb_accounting)
[0;33m[WARN][0m Host mount: /sys/fs/pstore (pstore, rw,seclabel,nosuid,nodev,noexec,relatime)
[0;33m[WARN][0m Host mount: /sys/firmware/efi/efivars (efivarfs, rw,nosuid,nodev,noexec,relatime)
[0;33m[WARN][0m Host mount: /sys/fs/bpf (bpf, rw,nosuid,nodev,noexec,relatime,mode=700)
[0;33m[WARN][0m Host mount: /sys/kernel/config (configfs, rw,nosuid,nodev,noexec,relatime)
[0;33m[WARN][0m Host mount: /sys/fs/selinux (selinuxfs, rw,nosuid,noexec,relatime)
[0;33m[WARN][0m Host mount: /sys/fs/fuse/connections (fusectl, rw,nosuid,nodev,noexec,relatime)
[0;33m[WARN][0m Host mount: /sys/kernel/debug (debugfs, rw,seclabel,nosuid,nodev,noexec,relatime)
[0;33m[WARN][0m Host mount: /sys/kernel/debug/tracing (tracefs, rw,seclabel,nosuid,nodev,noexec,relatime)
[0;33m[WARN][0m Host mount: /sys/kernel/tracing (tracefs, rw,seclabel,nosuid,nodev,noexec,relatime)
[0;33m[WARN][0m Host mount: /root/personalization (btrfs, rw,seclabel,relatime,compress=zstd:1,ssd,discard=async,space_cache=v2,subvolid=256,subvol=/root)
[0;33m[WARN][0m Host mount: /root/.emacs.d (btrfs, rw,seclabel,relatime,compress=zstd:1,ssd,discard=async,space_cache=v2,subvolid=256,subvol=/root)
[0;33m[WARN][0m Host mount: /root/i.ar (btrfs, rw,seclabel,relatime,compress=zstd:1,ssd,discard=async,space_cache=v2,subvolid=256,subvol=/root)
[0;33m[WARN][0m Host mount: /root/i.ar/prompts (btrfs, rw,seclabel,relatime,compress=zstd:1,ssd,discard=async,space_cache=v2,subvolid=256,subvol=/root)
[0;33m[WARN][0m Host mount: /root/.emacs.d/gptel-fork (btrfs, rw,seclabel,relatime,compress=zstd:1,ssd,discard=async,space_cache=v2,subvolid=256,subvol=/root)
[0;33m[WARN][0m Host mount: /root/.emacs.d/metaconfig (btrfs, rw,seclabel,relatime,compress=zstd:1,ssd,discard=async,space_cache=v2,subvolid=256,subvol=/root)

============================================
[0;32m  PREFLIGHT PASSED[0m
============================================
Loading /root/.emacs.d/configs/paths.el (source)...
Loading /root/.emacs.d/configs/predicates.el (source)...
Loading /root/.emacs.d/configs/keybindings.el (source)...
Loading /root/.emacs.d/configs/delimiters.el (source)...
Loading /root/.emacs.d/configs/git.el (source)...
Loading /root/.emacs.d/configs/fork.el (source)...
Loading /root/.emacs.d/configs/delegate.el (source)...
Loading /root/.emacs.d/configs/cycle.el (source)...
Loading /root/.emacs.d/configs/loop-guard.el (source)...
Loading /root/.emacs.d/configs/memory.el (source)...
Loading /root/.emacs.d/configs/file-guard.el (source)...
Loading /root/.emacs.d/configs/tool-limits.el (source)...
Loading /root/.emacs.d/configs/tasks.el (source)...
Loading /root/.emacs.d/configs/mcp.el (source)...
Loading /root/.emacs.d/init.d/shared/iar-utils.el (source)...
Loading /root/.emacs.d/init.d/shared/iar-agent-utils.el (source)...
Loading /root/.emacs.d/init.d/core/iar-locale.el (source)...
Loading /root/.emacs.d/init.d/core/iar-package-setup.el (source)...
Loading /root/.emacs.d/init.d/core/iar-ui-cleanup.el (source)...
Loading /root/.emacs.d/init.d/core/iar-evil-mode.el (source)...
Loading /root/.emacs.d/init.d/core/iar-gptel-setup.el (source)...
[gptel] Using fork from /root/.emacs.d/gptel-fork (overriding ELPA package)
Loading /root/.emacs.d/configs/gptel.el (source)...
Loading /root/.emacs.d/init.d/core/iar-mcp-setup.el (source)...
Loading /root/.emacs.d/init.d/tool-call/iar-malformed-args.el (source)...
Loading /root/.emacs.d/init.d/tool-call/iar-tool-call.el (source)...
[tool-call] Layer installed
Loading /root/.emacs.d/init.d/tool-call/iar-tool-result-timestamp.el (source)...
Loading /root/.emacs.d/init.d/tool-call/iar-tool-result-budget.el (source)...
Loading /root/.emacs.d/init.d/tool-call/iar-request-log.el (source)...
[request-log] Witness installed
Loading /root/.emacs.d/init.d/tool-call/iar-context-fence.el (source)...
Loading /root/.emacs.d/init.d/tool-call/iar-msgs-fence.el (source)...
Loading /root/.emacs.d/init.d/tool-call/iar-request-watchdog.el (source)...
[watchdog] Request watchdog installed
Loading /root/.emacs.d/init.d/tool-call/iar-text-mode-detector.el (source)...
Loading /root/.emacs.d/init.d/agent/iar-prompt-loader.el (source)...
Loading /root/.emacs.d/init.d/core/iar-mount-awareness.el (source)...
Loading /root/.emacs.d/init.d/core/iar-rate-limit.el (source)...
Loading /root/.emacs.d/init.d/security/iar-output-sanitizer.el (source)...
Loading /root/.emacs.d/init.d/security/iar-file-guard.el (source)...
Loading /root/.emacs.d/init.d/security/iar-audit-log.el (source)...
Loading /root/.emacs.d/init.d/security/iar-loop-guard.el (source)...
Loading /root/.emacs.d/init.d/security/iar-loop-guard-chain.el (source)...
Loading /root/.emacs.d/init.d/security/iar-tool-guard.el (source)...
Loading /root/.emacs.d/init.d/security/iar-utf8-scrub.el (source)...
Loading /root/.emacs.d/init.d/tools/filesystem/list_directory.el (source)...
Loading /root/.emacs.d/init.d/tools/filesystem/read_file.el (source)...
Loading /root/.emacs.d/init.d/tools/filesystem/write_file.el (source)...
Loading /root/.emacs.d/init.d/tools/filesystem/append_file.el (source)...
Loading /root/.emacs.d/init.d/tools/code/execute_code_local.el (source)...
Loading /root/.emacs.d/init.d/tools/code/execute_code_remote.el (source)...
Loading /root/.emacs.d/init.d/tools/code/check_elisp.el (source)...
Loading /root/.emacs.d/init.d/tools/tasks/read_task.el (source)...
Loading /root/.emacs.d/init.d/tools/tasks/create_task.el (source)...
Loading /root/.emacs.d/init.d/tools/tasks/write_subtask.el (source)...
Loading /root/.emacs.d/init.d/tools/tasks/remove_task.el (source)...
Loading /root/.emacs.d/init.d/tools/tasks/read_history.el (source)...
Loading /root/.emacs.d/init.d/tools/tasks/read_roadmap.el (source)...
Loading /root/.emacs.d/init.d/tools/tasks/write_roadmap.el (source)...
Loading /root/.emacs.d/init.d/tools/notify/telegram.el (source)...
Loading /root/.emacs.d/init.d/tools/git/git_commit.el (source)...
Loading /root/.emacs.d/init.d/tools/knowledge/read_knowledge.el (source)...
Loading /root/.emacs.d/init.d/agent/iar-project-parser.el (source)...
Loading /root/.emacs.d/init.d/agent/iar-prompt-assembly.el (source)...
Loading /root/.emacs.d/init.d/agent/iar-agent-loader.el (source)...
Loading /root/.emacs.d/init.d/agent/iar-knowledge-loader.el (source)...
Loading /root/.emacs.d/init.d/agent/iar-buffer-info.el (source)...
Loading /root/.emacs.d/init.d/tools/agent/delegate.el (source)...
Loading /root/.emacs.d/init.d/tools/agent/reload_os.el (source)...
Loading /root/.emacs.d/init.d/tools/agent/reload_agent.el (source)...
Loading /root/.emacs.d/init.d/tools/agent/read_own_prompt.el (source)...
Loading /root/.emacs.d/init.d/agent/iar-guidelines-checker.el (source)...
Loading /root/.emacs.d/init.d/agent/iar-agent-cycle.el (source)...
Loading /root/.emacs.d/init.d/debug/iar-status-mode.el (source)...
[status-mode] Installed
Loading /root/.emacs.d/init.d/session/iar-quit.el (source)...
[aria] Starting cycle with 3600s timeout (archetype: aria-cycle, project: iar, cycle: aria_daily)
[assembly] DIGEST [iar/aria] HARD CAP: 16138 > 16000 chars, truncating to tail
[aria] Assembled prompt: 48872 chars (~12218 tokens), 21 tools
[aria] Sending cycle prompt to aria agent...
Querying Ollama...
[aria] Same-tool warning: 100 calls to execute_code_local this cycle -- one call blocked with notice
[aria] Cycle complete. Turns: 1, Tool calls: 131, Exit: 0
Tokens: 9676929 in / 40055 out / 9716984 total
Requests: 132
Belt #2c push to origin: To 10.66.0.5:/home/git/repos/iar-personalization.git
   0d56408c..ae2014ab  HEAD -> main
[0;32m[INF][2026-09-18 09:21:12][0m Cycle 1 succeeded in 843s (exit 0)

[0;34m[INF][2026-09-18 09:38:16][0m --- Cycle 1/1 ---
Already up to date.
============================================
  Preflight Mount Audit — Emacboros
  2026-09-18T12:38:17Z
============================================

--- Phase 1: /proc/mounts scan ---

--- Phase 2: Writability tests ---
[0;32m[PASS][0m /root/.emacs.d/.git/hooks — does not exist
[0;32m[PASS][0m /var/run/docker.sock — does not exist
[0;32m[PASS][0m /etc/cron.d — does not exist
[0;32m[PASS][0m /var/spool/cron — does not exist
[0;32m[PASS][0m /etc/systemd/system — directory is read-only
[0;32m[PASS][0m /etc/systemd — directory is read-only

--- Phase 3: Capability audit ---
[0;32m[PASS][0m CAP_DAC_OVERRIDE (bit 1) is not set — can bypass file read/write/execute permissions
[0;32m[PASS][0m CAP_SYS_ADMIN (bit 21) is not set — broad system administration (mount, namespaces, etc.)
[0;32m[PASS][0m CAP_SETUID (bit 7) is not set — can change process UID
[0;32m[PASS][0m CAP_SETGID (bit 6) is not set — can change process GID
[0;32m[PASS][0m CAP_MKNOD (bit 27) is not set — can create special device files
[0;32m[PASS][0m CAP_NET_RAW (bit 13) is SET (expected) — can create raw network sockets (needed for nmap/traceroute)
[0;32m[PASS][0m CAP_NET_BIND_SERVICE (bit 10) is SET (expected) — can bind to ports < 1024
[0;32m[PASS][0m CAP_FOWNER (bit 3) is not set — can bypass file ownership checks
[0;32m[PASS][0m CAP_SETFCAP (bit 31) is not set — can set file capabilities

--- Phase 4: Host mount audit ---
Writable real-filesystem mounts:
[0;33m[WARN][0m Host mount: /sys/kernel/security (securityfs, rw,nosuid,nodev,noexec,relatime)
[0;33m[WARN][0m Host mount: /sys/fs/cgroup (cgroup2, rw,seclabel,nosuid,nodev,noexec,relatime,nsdelegate,memory_recursiveprot,memory_hugetlb_accounting)
[0;33m[WARN][0m Host mount: /sys/fs/pstore (pstore, rw,seclabel,nosuid,nodev,noexec,relatime)
[0;33m[WARN][0m Host mount: /sys/firmware/efi/efivars (efivarfs, rw,nosuid,nodev,noexec,relatime)
[0;33m[WARN][0m Host mount: /sys/fs/bpf (bpf, rw,nosuid,nodev,noexec,relatime,mode=700)
[0;33m[WARN][0m Host mount: /sys/kernel/config (configfs, rw,nosuid,nodev,noexec,relatime)
[0;33m[WARN][0m Host mount: /sys/fs/selinux (selinuxfs, rw,nosuid,noexec,relatime)
[0;33m[WARN][0m Host mount: /sys/fs/fuse/connections (fusectl, rw,nosuid,nodev,noexec,relatime)
[0;33m[WARN][0m Host mount: /sys/kernel/debug (debugfs, rw,seclabel,nosuid,nodev,noexec,relatime)
[0;33m[WARN][0m Host mount: /sys/kernel/debug/tracing (tracefs, rw,seclabel,nosuid,nodev,noexec,relatime)
[0;33m[WARN][0m Host mount: /sys/kernel/tracing (tracefs, rw,seclabel,nosuid,nodev,noexec,relatime)
[0;33m[WARN][0m Host mount: /root/.emacs.d (btrfs, rw,seclabel,relatime,compress=zstd:1,ssd,discard=async,space_cache=v2,subvolid=256,subvol=/root)
[0;33m[WARN][0m Host mount: /root/i.ar (btrfs, rw,seclabel,relatime,compress=zstd:1,ssd,discard=async,space_cache=v2,subvolid=256,subvol=/root)
[0;33m[WARN][0m Host mount: /root/personalization (btrfs, rw,seclabel,relatime,compress=zstd:1,ssd,discard=async,space_cache=v2,subvolid=256,subvol=/root)
[0;33m[WARN][0m Host mount: /root/.emacs.d/metaconfig (btrfs, rw,seclabel,relatime,compress=zstd:1,ssd,discard=async,space_cache=v2,subvolid=256,subvol=/root)
[0;33m[WARN][0m Host mount: /root/.emacs.d/gptel-fork (btrfs, rw,seclabel,relatime,compress=zstd:1,ssd,discard=async,space_cache=v2,subvolid=256,subvol=/root)
[0;33m[WARN][0m Host mount: /root/i.ar/prompts (btrfs, rw,seclabel,relatime,compress=zstd:1,ssd,discard=async,space_cache=v2,subvolid=256,subvol=/root)

============================================
[0;32m  PREFLIGHT PASSED[0m
============================================
Loading /root/.emacs.d/configs/paths.el (source)...
Loading /root/.emacs.d/configs/predicates.el (source)...
Loading /root/.emacs.d/configs/keybindings.el (source)...
Loading /root/.emacs.d/configs/delimiters.el (source)...
Loading /root/.emacs.d/configs/git.el (source)...
Loading /root/.emacs.d/configs/fork.el (source)...
Loading /root/.emacs.d/configs/delegate.el (source)...
Loading /root/.emacs.d/configs/cycle.el (source)...
Loading /root/.emacs.d/configs/loop-guard.el (source)...
Loading /root/.emacs.d/configs/memory.el (source)...
Loading /root/.emacs.d/configs/file-guard.el (source)...
Loading /root/.emacs.d/configs/tool-limits.el (source)...
Loading /root/.emacs.d/configs/tasks.el (source)...
Loading /root/.emacs.d/configs/mcp.el (source)...
Loading /root/.emacs.d/init.d/shared/iar-utils.el (source)...
Loading /root/.emacs.d/init.d/shared/iar-agent-utils.el (source)...
Loading /root/.emacs.d/init.d/core/iar-locale.el (source)...
Loading /root/.emacs.d/init.d/core/iar-package-setup.el (source)...
Loading /root/.emacs.d/init.d/core/iar-ui-cleanup.el (source)...
Loading /root/.emacs.d/init.d/core/iar-evil-mode.el (source)...
Loading /root/.emacs.d/init.d/core/iar-gptel-setup.el (source)...
[gptel] Using fork from /root/.emacs.d/gptel-fork (overriding ELPA package)
Loading /root/.emacs.d/configs/gptel.el (source)...
Loading /root/.emacs.d/init.d/core/iar-mcp-setup.el (source)...
Loading /root/.emacs.d/init.d/tool-call/iar-malformed-args.el (source)...
Loading /root/.emacs.d/init.d/tool-call/iar-tool-call.el (source)...
[tool-call] Layer installed
Loading /root/.emacs.d/init.d/tool-call/iar-tool-result-timestamp.el (source)...
Loading /root/.emacs.d/init.d/tool-call/iar-tool-result-budget.el (source)...
Loading /root/.emacs.d/init.d/tool-call/iar-request-log.el (source)...
[request-log] Witness installed
Loading /root/.emacs.d/init.d/tool-call/iar-context-fence.el (source)...
Loading /root/.emacs.d/init.d/tool-call/iar-msgs-fence.el (source)...
Loading /root/.emacs.d/init.d/tool-call/iar-request-watchdog.el (source)...
[watchdog] Request watchdog installed
Loading /root/.emacs.d/init.d/tool-call/iar-text-mode-detector.el (source)...
Loading /root/.emacs.d/init.d/agent/iar-prompt-loader.el (source)...
Loading /root/.emacs.d/init.d/core/iar-mount-awareness.el (source)...
Loading /root/.emacs.d/init.d/core/iar-rate-limit.el (source)...
Loading /root/.emacs.d/init.d/security/iar-output-sanitizer.el (source)...
Loading /root/.emacs.d/init.d/security/iar-file-guard.el (source)...
Loading /root/.emacs.d/init.d/security/iar-audit-log.el (source)...
Loading /root/.emacs.d/init.d/security/iar-loop-guard.el (source)...
Loading /root/.emacs.d/init.d/security/iar-loop-guard-chain.el (source)...
Loading /root/.emacs.d/init.d/security/iar-tool-guard.el (source)...
Loading /root/.emacs.d/init.d/security/iar-utf8-scrub.el (source)...
Loading /root/.emacs.d/init.d/tools/filesystem/list_directory.el (source)...
Loading /root/.emacs.d/init.d/tools/filesystem/read_file.el (source)...
Loading /root/.emacs.d/init.d/tools/filesystem/write_file.el (source)...
Loading /root/.emacs.d/init.d/tools/filesystem/append_file.el (source)...
Loading /root/.emacs.d/init.d/tools/code/execute_code_local.el (source)...
Loading /root/.emacs.d/init.d/tools/code/execute_code_remote.el (source)...
Loading /root/.emacs.d/init.d/tools/code/check_elisp.el (source)...
Loading /root/.emacs.d/init.d/tools/tasks/read_task.el (source)...
Loading /root/.emacs.d/init.d/tools/tasks/create_task.el (source)...
Loading /root/.emacs.d/init.d/tools/tasks/write_subtask.el (source)...
Loading /root/.emacs.d/init.d/tools/tasks/remove_task.el (source)...
Loading /root/.emacs.d/init.d/tools/tasks/read_history.el (source)...
Loading /root/.emacs.d/init.d/tools/tasks/read_roadmap.el (source)...
Loading /root/.emacs.d/init.d/tools/tasks/write_roadmap.el (source)...
Loading /root/.emacs.d/init.d/tools/notify/telegram.el (source)...
Loading /root/.emacs.d/init.d/tools/git/git_commit.el (source)...
Loading /root/.emacs.d/init.d/tools/knowledge/read_knowledge.el (source)...
Loading /root/.emacs.d/init.d/agent/iar-project-parser.el (source)...
Loading /root/.emacs.d/init.d/agent/iar-prompt-assembly.el (source)...
Loading /root/.emacs.d/init.d/agent/iar-agent-loader.el (source)...
Loading /root/.emacs.d/init.d/agent/iar-knowledge-loader.el (source)...
Loading /root/.emacs.d/init.d/agent/iar-buffer-info.el (source)...
Loading /root/.emacs.d/init.d/tools/agent/delegate.el (source)...
Loading /root/.emacs.d/init.d/tools/agent/reload_os.el (source)...
Loading /root/.emacs.d/init.d/tools/agent/reload_agent.el (source)...
Loading /root/.emacs.d/init.d/tools/agent/read_own_prompt.el (source)...
Loading /root/.emacs.d/init.d/agent/iar-guidelines-checker.el (source)...
Loading /root/.emacs.d/init.d/agent/iar-agent-cycle.el (source)...
Loading /root/.emacs.d/init.d/debug/iar-status-mode.el (source)...
[status-mode] Installed
Loading /root/.emacs.d/init.d/session/iar-quit.el (source)...
[aria] Starting cycle with 3600s timeout (archetype: aria-cycle, project: iar, cycle: aria_daily)
[assembly] DIGEST [iar/aria] 15106 chars (warn at 12000) -- injected full on every request; diet it
[aria] Assembled prompt: 47949 chars (~11987 tokens), 21 tools
[aria] Sending cycle prompt to aria agent...
Querying Ollama...
[loop-guard-chain] SOFT BLOCK: execute_code_local chained 10 times
[aria] Same-tool warning: 100 calls to execute_code_local this cycle -- one call blocked with notice

In toplevel form:
iar-thinking-loop-guard.el:60:9: Warning: defvar ‘iar--thinking-loop-processes’ docstring has wrong usage of unescaped single quotes (use \=' or different quoting such as `...')
[aria] Tool-call budget warning (150/300) -- one call blocked with notice

In toplevel form:
iar-thinking-loop-guard.el:60:9: Warning: defvar ‘iar--thinking-loop-processes’ docstring has wrong usage of unescaped single quotes (use \=' or different quoting such as `...')
[aria] Msgs soft cap warning (msgs 401 >= 400) -- one call blocked with notice
[aria] Cycle complete. Turns: 1, Tool calls: 228, Exit: 0
Tokens: 18558545 in / 61342 out / 18619887 total
Requests: 229
Belt #2c push to origin: To 10.66.0.5:/home/git/repos/iar-personalization.git
   674989d8..c9b40bc9  HEAD -> main
[0;32m[INF][2026-09-18 09:52:21][0m Cycle 1 succeeded in 845s (exit 0)

[0;34m[INF][2026-09-18 10:07:02][0m --- Cycle 1/1 ---
Already up to date.
============================================
  Preflight Mount Audit — Emacboros
  2026-09-18T13:07:02Z
============================================

--- Phase 1: /proc/mounts scan ---

--- Phase 2: Writability tests ---
[0;32m[PASS][0m /root/.emacs.d/.git/hooks — does not exist
[0;32m[PASS][0m /var/run/docker.sock — does not exist
[0;32m[PASS][0m /etc/cron.d — does not exist
[0;32m[PASS][0m /var/spool/cron — does not exist
[0;32m[PASS][0m /etc/systemd/system — directory is read-only
[0;32m[PASS][0m /etc/systemd — directory is read-only

--- Phase 3: Capability audit ---
[0;32m[PASS][0m CAP_DAC_OVERRIDE (bit 1) is not set — can bypass file read/write/execute permissions
[0;32m[PASS][0m CAP_SYS_ADMIN (bit 21) is not set — broad system administration (mount, namespaces, etc.)
[0;32m[PASS][0m CAP_SETUID (bit 7) is not set — can change process UID
[0;32m[PASS][0m CAP_SETGID (bit 6) is not set — can change process GID
[0;32m[PASS][0m CAP_MKNOD (bit 27) is not set — can create special device files
[0;32m[PASS][0m CAP_NET_RAW (bit 13) is SET (expected) — can create raw network sockets (needed for nmap/traceroute)
[0;32m[PASS][0m CAP_NET_BIND_SERVICE (bit 10) is SET (expected) — can bind to ports < 1024
[0;32m[PASS][0m CAP_FOWNER (bit 3) is not set — can bypass file ownership checks
[0;32m[PASS][0m CAP_SETFCAP (bit 31) is not set — can set file capabilities

--- Phase 4: Host mount audit ---
Writable real-filesystem mounts:
[0;33m[WARN][0m Host mount: /sys/kernel/security (securityfs, rw,nosuid,nodev,noexec,relatime)
[0;33m[WARN][0m Host mount: /sys/fs/cgroup (cgroup2, rw,seclabel,nosuid,nodev,noexec,relatime,nsdelegate,memory_recursiveprot,memory_hugetlb_accounting)
[0;33m[WARN][0m Host mount: /sys/fs/pstore (pstore, rw,seclabel,nosuid,nodev,noexec,relatime)
[0;33m[WARN][0m Host mount: /sys/firmware/efi/efivars (efivarfs, rw,nosuid,nodev,noexec,relatime)
[0;33m[WARN][0m Host mount: /sys/fs/bpf (bpf, rw,nosuid,nodev,noexec,relatime,mode=700)
[0;33m[WARN][0m Host mount: /sys/kernel/config (configfs, rw,nosuid,nodev,noexec,relatime)
[0;33m[WARN][0m Host mount: /sys/fs/selinux (selinuxfs, rw,nosuid,noexec,relatime)
[0;33m[WARN][0m Host mount: /sys/fs/fuse/connections (fusectl, rw,nosuid,nodev,noexec,relatime)
[0;33m[WARN][0m Host mount: /sys/kernel/debug (debugfs, rw,seclabel,nosuid,nodev,noexec,relatime)
[0;33m[WARN][0m Host mount: /sys/kernel/debug/tracing (tracefs, rw,seclabel,nosuid,nodev,noexec,relatime)
[0;33m[WARN][0m Host mount: /sys/kernel/tracing (tracefs, rw,seclabel,nosuid,nodev,noexec,relatime)
[0;33m[WARN][0m Host mount: /root/personalization (btrfs, rw,seclabel,relatime,compress=zstd:1,ssd,discard=async,space_cache=v2,subvolid=256,subvol=/root)
[0;33m[WARN][0m Host mount: /root/i.ar (btrfs, rw,seclabel,relatime,compress=zstd:1,ssd,discard=async,space_cache=v2,subvolid=256,subvol=/root)
[0;33m[WARN][0m Host mount: /root/.emacs.d (btrfs, rw,seclabel,relatime,compress=zstd:1,ssd,discard=async,space_cache=v2,subvolid=256,subvol=/root)
[0;33m[WARN][0m Host mount: /root/.emacs.d/gptel-fork (btrfs, rw,seclabel,relatime,compress=zstd:1,ssd,discard=async,space_cache=v2,subvolid=256,subvol=/root)
[0;33m[WARN][0m Host mount: /root/.emacs.d/metaconfig (btrfs, rw,seclabel,relatime,compress=zstd:1,ssd,discard=async,space_cache=v2,subvolid=256,subvol=/root)
[0;33m[WARN][0m Host mount: /root/i.ar/prompts (btrfs, rw,seclabel,relatime,compress=zstd:1,ssd,discard=async,space_cache=v2,subvolid=256,subvol=/root)

============================================
[0;32m  PREFLIGHT PASSED[0m
============================================
Loading /root/.emacs.d/configs/paths.el (source)...
Loading /root/.emacs.d/configs/predicates.el (source)...
Loading /root/.emacs.d/configs/keybindings.el (source)...
Loading /root/.emacs.d/configs/delimiters.el (source)...
Loading /root/.emacs.d/configs/git.el (source)...
Loading /root/.emacs.d/configs/fork.el (source)...
Loading /root/.emacs.d/configs/delegate.el (source)...
Loading /root/.emacs.d/configs/cycle.el (source)...
Loading /root/.emacs.d/configs/loop-guard.el (source)...
Loading /root/.emacs.d/configs/memory.el (source)...
Loading /root/.emacs.d/configs/file-guard.el (source)...
Loading /root/.emacs.d/configs/tool-limits.el (source)...
Loading /root/.emacs.d/configs/tasks.el (source)...
Loading /root/.emacs.d/configs/mcp.el (source)...
Loading /root/.emacs.d/init.d/shared/iar-utils.el (source)...
Loading /root/.emacs.d/init.d/shared/iar-agent-utils.el (source)...
Loading /root/.emacs.d/init.d/core/iar-locale.el (source)...
Loading /root/.emacs.d/init.d/core/iar-package-setup.el (source)...
Loading /root/.emacs.d/init.d/core/iar-ui-cleanup.el (source)...
Loading /root/.emacs.d/init.d/core/iar-evil-mode.el (source)...
Loading /root/.emacs.d/init.d/core/iar-gptel-setup.el (source)...
[gptel] Using fork from /root/.emacs.d/gptel-fork (overriding ELPA package)
Loading /root/.emacs.d/configs/gptel.el (source)...
Loading /root/.emacs.d/init.d/core/iar-mcp-setup.el (source)...
Loading /root/.emacs.d/init.d/tool-call/iar-malformed-args.el (source)...
Loading /root/.emacs.d/init.d/tool-call/iar-tool-call.el (source)...
[tool-call] Layer installed
Loading /root/.emacs.d/init.d/tool-call/iar-tool-result-timestamp.el (source)...
Loading /root/.emacs.d/init.d/tool-call/iar-tool-result-budget.el (source)...
Loading /root/.emacs.d/init.d/tool-call/iar-request-log.el (source)...
[request-log] Witness installed
Loading /root/.emacs.d/init.d/tool-call/iar-context-fence.el (source)...
Loading /root/.emacs.d/init.d/tool-call/iar-msgs-fence.el (source)...
Loading /root/.emacs.d/init.d/tool-call/iar-request-watchdog.el (source)...
[watchdog] Request watchdog installed
Loading /root/.emacs.d/init.d/tool-call/iar-thinking-loop-guard.el (source)...
[thinking-loop-guard] installed (enabled=t, max-chars=16000)
Loading /root/.emacs.d/init.d/tool-call/iar-text-mode-detector.el (source)...
Loading /root/.emacs.d/init.d/agent/iar-prompt-loader.el (source)...
Loading /root/.emacs.d/init.d/core/iar-mount-awareness.el (source)...
Loading /root/.emacs.d/init.d/core/iar-rate-limit.el (source)...
Loading /root/.emacs.d/init.d/security/iar-output-sanitizer.el (source)...
Loading /root/.emacs.d/init.d/security/iar-file-guard.el (source)...
Loading /root/.emacs.d/init.d/security/iar-audit-log.el (source)...
Loading /root/.emacs.d/init.d/security/iar-loop-guard.el (source)...
Loading /root/.emacs.d/init.d/security/iar-loop-guard-chain.el (source)...
Loading /root/.emacs.d/init.d/security/iar-tool-guard.el (source)...
Loading /root/.emacs.d/init.d/security/iar-utf8-scrub.el (source)...
Loading /root/.emacs.d/init.d/tools/filesystem/list_directory.el (source)...
Loading /root/.emacs.d/init.d/tools/filesystem/read_file.el (source)...
Loading /root/.emacs.d/init.d/tools/filesystem/write_file.el (source)...
Loading /root/.emacs.d/init.d/tools/filesystem/append_file.el (source)...
Loading /root/.emacs.d/init.d/tools/code/execute_code_local.el (source)...
Loading /root/.emacs.d/init.d/tools/code/execute_code_remote.el (source)...
Loading /root/.emacs.d/init.d/tools/code/check_elisp.el (source)...
Loading /root/.emacs.d/init.d/tools/tasks/read_task.el (source)...
Loading /root/.emacs.d/init.d/tools/tasks/create_task.el (source)...
Loading /root/.emacs.d/init.d/tools/tasks/write_subtask.el (source)...
Loading /root/.emacs.d/init.d/tools/tasks/remove_task.el (source)...
Loading /root/.emacs.d/init.d/tools/tasks/read_history.el (source)...
Loading /root/.emacs.d/init.d/tools/tasks/read_roadmap.el (source)...
Loading /root/.emacs.d/init.d/tools/tasks/write_roadmap.el (source)...
Loading /root/.emacs.d/init.d/tools/notify/telegram.el (source)...
Loading /root/.emacs.d/init.d/tools/git/git_commit.el (source)...
Loading /root/.emacs.d/init.d/tools/knowledge/read_knowledge.el (source)...
Loading /root/.emacs.d/init.d/agent/iar-project-parser.el (source)...
Loading /root/.emacs.d/init.d/agent/iar-prompt-assembly.el (source)...
Loading /root/.emacs.d/init.d/agent/iar-agent-loader.el (source)...
Loading /root/.emacs.d/init.d/agent/iar-knowledge-loader.el (source)...
Loading /root/.emacs.d/init.d/agent/iar-buffer-info.el (source)...
Loading /root/.emacs.d/init.d/tools/agent/delegate.el (source)...
Loading /root/.emacs.d/init.d/tools/agent/reload_os.el (source)...
Loading /root/.emacs.d/init.d/tools/agent/reload_agent.el (source)...
Loading /root/.emacs.d/init.d/tools/agent/read_own_prompt.el (source)...
Loading /root/.emacs.d/init.d/agent/iar-guidelines-checker.el (source)...
Loading /root/.emacs.d/init.d/agent/iar-agent-cycle.el (source)...
Loading /root/.emacs.d/init.d/debug/iar-status-mode.el (source)...
[status-mode] Installed
Loading /root/.emacs.d/init.d/session/iar-quit.el (source)...
[aria] Starting cycle with 3600s timeout (archetype: aria-cycle, project: iar, cycle: aria_daily)
[assembly] DIGEST [iar/aria] 15106 chars (warn at 12000) -- injected full on every request; diet it
[aria] Assembled prompt: 48301 chars (~12075 tokens), 21 tools
[aria] Sending cycle prompt to aria agent...
Querying Ollama...
[loop-guard-chain] SOFT BLOCK: execute_code_local chained 10 times
[aria] Same-tool warning: 100 calls to execute_code_local this cycle -- one call blocked with notice
[aria] Tool-call budget warning (150/300) -- one call blocked with notice
[aria] Msgs soft cap warning (msgs 401 >= 400) -- one call blocked with notice
[aria] Cycle complete. Turns: 1, Tool calls: 218, Exit: 0
Tokens: 15815332 in / 63058 out / 15878390 total
Requests: 219
Belt #2c push to origin: To 10.66.0.5:/home/git/repos/iar-personalization.git
   3efc471e..3b71c8e6  HEAD -> main
[0;32m[INF][2026-09-18 10:27:59][0m Cycle 1 succeeded in 1257s (exit 0)

[0;34m[INF][2026-09-18 10:38:54][0m --- Cycle 1/1 ---
Already up to date.
============================================
  Preflight Mount Audit — Emacboros
  2026-09-18T13:38:55Z
============================================

--- Phase 1: /proc/mounts scan ---

--- Phase 2: Writability tests ---
[0;32m[PASS][0m /root/.emacs.d/.git/hooks — does not exist
[0;32m[PASS][0m /var/run/docker.sock — does not exist
[0;32m[PASS][0m /etc/cron.d — does not exist
[0;32m[PASS][0m /var/spool/cron — does not exist
[0;32m[PASS][0m /etc/systemd/system — directory is read-only
[0;32m[PASS][0m /etc/systemd — directory is read-only

--- Phase 3: Capability audit ---
[0;32m[PASS][0m CAP_DAC_OVERRIDE (bit 1) is not set — can bypass file read/write/execute permissions
[0;32m[PASS][0m CAP_SYS_ADMIN (bit 21) is not set — broad system administration (mount, namespaces, etc.)
[0;32m[PASS][0m CAP_SETUID (bit 7) is not set — can change process UID
[0;32m[PASS][0m CAP_SETGID (bit 6) is not set — can change process GID
[0;32m[PASS][0m CAP_MKNOD (bit 27) is not set — can create special device files
[0;32m[PASS][0m CAP_NET_RAW (bit 13) is SET (expected) — can create raw network sockets (needed for nmap/traceroute)
[0;32m[PASS][0m CAP_NET_BIND_SERVICE (bit 10) is SET (expected) — can bind to ports < 1024
[0;32m[PASS][0m CAP_FOWNER (bit 3) is not set — can bypass file ownership checks
[0;32m[PASS][0m CAP_SETFCAP (bit 31) is not set — can set file capabilities

--- Phase 4: Host mount audit ---
Writable real-filesystem mounts:
[0;33m[WARN][0m Host mount: /sys/kernel/security (securityfs, rw,nosuid,nodev,noexec,relatime)
[0;33m[WARN][0m Host mount: /sys/fs/cgroup (cgroup2, rw,seclabel,nosuid,nodev,noexec,relatime,nsdelegate,memory_recursiveprot,memory_hugetlb_accounting)
[0;33m[WARN][0m Host mount: /sys/fs/pstore (pstore, rw,seclabel,nosuid,nodev,noexec,relatime)
[0;33m[WARN][0m Host mount: /sys/firmware/efi/efivars (efivarfs, rw,nosuid,nodev,noexec,relatime)
[0;33m[WARN][0m Host mount: /sys/fs/bpf (bpf, rw,nosuid,nodev,noexec,relatime,mode=700)
[0;33m[WARN][0m Host mount: /sys/kernel/config (configfs, rw,nosuid,nodev,noexec,relatime)
[0;33m[WARN][0m Host mount: /sys/fs/selinux (selinuxfs, rw,nosuid,noexec,relatime)
[0;33m[WARN][0m Host mount: /sys/fs/fuse/connections (fusectl, rw,nosuid,nodev,noexec,relatime)
[0;33m[WARN][0m Host mount: /sys/kernel/debug (debugfs, rw,seclabel,nosuid,nodev,noexec,relatime)
[0;33m[WARN][0m Host mount: /sys/kernel/debug/tracing (tracefs, rw,seclabel,nosuid,nodev,noexec,relatime)
[0;33m[WARN][0m Host mount: /sys/kernel/tracing (tracefs, rw,seclabel,nosuid,nodev,noexec,relatime)
[0;33m[WARN][0m Host mount: /root/.emacs.d (btrfs, rw,seclabel,relatime,compress=zstd:1,ssd,discard=async,space_cache=v2,subvolid=256,subvol=/root)
[0;33m[WARN][0m Host mount: /root/i.ar (btrfs, rw,seclabel,relatime,compress=zstd:1,ssd,discard=async,space_cache=v2,subvolid=256,subvol=/root)
[0;33m[WARN][0m Host mount: /root/personalization (btrfs, rw,seclabel,relatime,compress=zstd:1,ssd,discard=async,space_cache=v2,subvolid=256,subvol=/root)
[0;33m[WARN][0m Host mount: /root/.emacs.d/gptel-fork (btrfs, rw,seclabel,relatime,compress=zstd:1,ssd,discard=async,space_cache=v2,subvolid=256,subvol=/root)
[0;33m[WARN][0m Host mount: /root/i.ar/prompts (btrfs, rw,seclabel,relatime,compress=zstd:1,ssd,discard=async,space_cache=v2,subvolid=256,subvol=/root)
[0;33m[WARN][0m Host mount: /root/.emacs.d/metaconfig (btrfs, rw,seclabel,relatime,compress=zstd:1,ssd,discard=async,space_cache=v2,subvolid=256,subvol=/root)

============================================
[0;32m  PREFLIGHT PASSED[0m
============================================
Loading /root/.emacs.d/configs/paths.el (source)...
Loading /root/.emacs.d/configs/predicates.el (source)...
Loading /root/.emacs.d/configs/keybindings.el (source)...
Loading /root/.emacs.d/configs/delimiters.el (source)...
Loading /root/.emacs.d/configs/git.el (source)...
Loading /root/.emacs.d/configs/fork.el (source)...
Loading /root/.emacs.d/configs/delegate.el (source)...
Loading /root/.emacs.d/configs/cycle.el (source)...
Loading /root/.emacs.d/configs/loop-guard.el (source)...
Loading /root/.emacs.d/configs/memory.el (source)...
Loading /root/.emacs.d/configs/file-guard.el (source)...
Loading /root/.emacs.d/configs/tool-limits.el (source)...
Loading /root/.emacs.d/configs/tasks.el (source)...
Loading /root/.emacs.d/configs/mcp.el (source)...
Loading /root/.emacs.d/init.d/shared/iar-utils.el (source)...
Loading /root/.emacs.d/init.d/shared/iar-agent-utils.el (source)...
Loading /root/.emacs.d/init.d/core/iar-locale.el (source)...
Loading /root/.emacs.d/init.d/core/iar-package-setup.el (source)...
Loading /root/.emacs.d/init.d/core/iar-ui-cleanup.el (source)...
Loading /root/.emacs.d/init.d/core/iar-evil-mode.el (source)...
Loading /root/.emacs.d/init.d/core/iar-gptel-setup.el (source)...
[gptel] Using fork from /root/.emacs.d/gptel-fork (overriding ELPA package)
Loading /root/.emacs.d/configs/gptel.el (source)...
Loading /root/.emacs.d/init.d/core/iar-mcp-setup.el (source)...
Loading /root/.emacs.d/init.d/tool-call/iar-malformed-args.el (source)...
Loading /root/.emacs.d/init.d/tool-call/iar-tool-call.el (source)...
[tool-call] Layer installed
Loading /root/.emacs.d/init.d/tool-call/iar-tool-result-timestamp.el (source)...
Loading /root/.emacs.d/init.d/tool-call/iar-tool-result-budget.el (source)...
Loading /root/.emacs.d/init.d/tool-call/iar-request-log.el (source)...
[request-log] Witness installed
Loading /root/.emacs.d/init.d/tool-call/iar-context-fence.el (source)...
Loading /root/.emacs.d/init.d/tool-call/iar-msgs-fence.el (source)...
Loading /root/.emacs.d/init.d/tool-call/iar-request-watchdog.el (source)...
[watchdog] Request watchdog installed
Loading /root/.emacs.d/init.d/tool-call/iar-thinking-loop-guard.el (source)...
[thinking-loop-guard] installed (enabled=t, max-chars=16000)
Loading /root/.emacs.d/init.d/tool-call/iar-text-mode-detector.el (source)...
Loading /root/.emacs.d/init.d/agent/iar-prompt-loader.el (source)...
Loading /root/.emacs.d/init.d/core/iar-mount-awareness.el (source)...
Loading /root/.emacs.d/init.d/core/iar-rate-limit.el (source)...
Loading /root/.emacs.d/init.d/security/iar-output-sanitizer.el (source)...
Loading /root/.emacs.d/init.d/security/iar-file-guard.el (source)...
Loading /root/.emacs.d/init.d/security/iar-audit-log.el (source)...
Loading /root/.emacs.d/init.d/security/iar-loop-guard.el (source)...
Loading /root/.emacs.d/init.d/security/iar-loop-guard-chain.el (source)...
Loading /root/.emacs.d/init.d/security/iar-tool-guard.el (source)...
Loading /root/.emacs.d/init.d/security/iar-utf8-scrub.el (source)...
Loading /root/.emacs.d/init.d/tools/filesystem/list_directory.el (source)...
Loading /root/.emacs.d/init.d/tools/filesystem/read_file.el (source)...
Loading /root/.emacs.d/init.d/tools/filesystem/write_file.el (source)...
Loading /root/.emacs.d/init.d/tools/filesystem/append_file.el (source)...
Loading /root/.emacs.d/init.d/tools/code/execute_code_local.el (source)...
Loading /root/.emacs.d/init.d/tools/code/execute_code_remote.el (source)...
Loading /root/.emacs.d/init.d/tools/code/check_elisp.el (source)...
Loading /root/.emacs.d/init.d/tools/tasks/read_task.el (source)...
Loading /root/.emacs.d/init.d/tools/tasks/create_task.el (source)...
Loading /root/.emacs.d/init.d/tools/tasks/write_subtask.el (source)...
Loading /root/.emacs.d/init.d/tools/tasks/remove_task.el (source)...
Loading /root/.emacs.d/init.d/tools/tasks/read_history.el (source)...
Loading /root/.emacs.d/init.d/tools/tasks/read_roadmap.el (source)...
Loading /root/.emacs.d/init.d/tools/tasks/write_roadmap.el (source)...
Loading /root/.emacs.d/init.d/tools/notify/telegram.el (source)...
Loading /root/.emacs.d/init.d/tools/git/git_commit.el (source)...
Loading /root/.emacs.d/init.d/tools/knowledge/read_knowledge.el (source)...
Loading /root/.emacs.d/init.d/agent/iar-project-parser.el (source)...
Loading /root/.emacs.d/init.d/agent/iar-prompt-assembly.el (source)...
Loading /root/.emacs.d/init.d/agent/iar-agent-loader.el (source)...
Loading /root/.emacs.d/init.d/agent/iar-knowledge-loader.el (source)...
Loading /root/.emacs.d/init.d/agent/iar-buffer-info.el (source)...
Loading /root/.emacs.d/init.d/tools/agent/delegate.el (source)...
Loading /root/.emacs.d/init.d/tools/agent/reload_os.el (source)...
Loading /root/.emacs.d/init.d/tools/agent/reload_agent.el (source)...
Loading /root/.emacs.d/init.d/tools/agent/read_own_prompt.el (source)...
Loading /root/.emacs.d/init.d/agent/iar-guidelines-checker.el (source)...
Loading /root/.emacs.d/init.d/agent/iar-agent-cycle.el (source)...
Loading /root/.emacs.d/init.d/debug/iar-status-mode.el (source)...
[status-mode] Installed
Loading /root/.emacs.d/init.d/session/iar-quit.el (source)...
[aria] Starting cycle with 3600s timeout (archetype: aria-cycle, project: iar, cycle: aria_daily)
[assembly] DIGEST [iar/aria] 15106 chars (warn at 12000) -- injected full on every request; diet it
[aria] Assembled prompt: 48231 chars (~12057 tokens), 21 tools
[aria] Sending cycle prompt to aria agent...
Querying Ollama...
[thinking-loop-guard] Aborting runaway reasoning stream (16000 chars, no content, model=glm-5.3-flash:cloud)
Querying Ollama...
Stopped gptel request in buffer "*aria-cycle*"
[thinking-loop-guard] Aborting runaway reasoning stream (16000 chars, no content, model=glm-5.3-flash:cloud)
Querying Ollama...
Stopped gptel request in buffer "*aria-cycle*"
[aria] Same-tool warning: 100 calls to execute_code_local this cycle -- one call blocked with notice
[aria] Tool-call budget warning (150/300) -- one call blocked with notice
[aria] Msgs soft cap warning (msgs 401 >= 400) -- one call blocked with notice
Querying Ollama...
[thinking-loop-guard] Aborting runaway reasoning stream (16000 chars, no content, model=glm-5.3-flash:cloud)
[delegate] reviewer produced text-only response (turn 1/15), re-prompting...
Stopped gptel request in buffer "*gptel-delegate-delegate-reviewer-1-1789739841*"
Querying Ollama...
[aria] Cycle complete. Turns: 3, Tool calls: 300, Exit: 0
Tokens: 26558435 in / 91040 out / 26649475 total
Requests: 302
Belt #2c push to origin: To 10.66.0.5:/home/git/repos/iar-personalization.git
   5bff7cef..30ee2b7f  HEAD -> main
[0;32m[INF][2026-09-18 11:02:52][0m Cycle 1 succeeded in 1438s (exit 0)

[0;34m[INF][2026-09-18 11:09:31][0m --- Cycle 1/1 ---
Already up to date.
============================================
  Preflight Mount Audit — Emacboros
  2026-09-18T14:09:32Z
============================================

--- Phase 1: /proc/mounts scan ---

--- Phase 2: Writability tests ---
[0;32m[PASS][0m /root/.emacs.d/.git/hooks — does not exist
[0;32m[PASS][0m /var/run/docker.sock — does not exist
[0;32m[PASS][0m /etc/cron.d — does not exist
[0;32m[PASS][0m /var/spool/cron — does not exist
[0;32m[PASS][0m /etc/systemd/system — directory is read-only
[0;32m[PASS][0m /etc/systemd — directory is read-only

--- Phase 3: Capability audit ---
[0;32m[PASS][0m CAP_DAC_OVERRIDE (bit 1) is not set — can bypass file read/write/execute permissions
[0;32m[PASS][0m CAP_SYS_ADMIN (bit 21) is not set — broad system administration (mount, namespaces, etc.)
[0;32m[PASS][0m CAP_SETUID (bit 7) is not set — can change process UID
[0;32m[PASS][0m CAP_SETGID (bit 6) is not set — can change process GID
[0;32m[PASS][0m CAP_MKNOD (bit 27) is not set — can create special device files
[0;32m[PASS][0m CAP_NET_RAW (bit 13) is SET (expected) — can create raw network sockets (needed for nmap/traceroute)
[0;32m[PASS][0m CAP_NET_BIND_SERVICE (bit 10) is SET (expected) — can bind to ports < 1024
[0;32m[PASS][0m CAP_FOWNER (bit 3) is not set — can bypass file ownership checks
[0;32m[PASS][0m CAP_SETFCAP (bit 31) is not set — can set file capabilities

--- Phase 4: Host mount audit ---
Writable real-filesystem mounts:
[0;33m[WARN][0m Host mount: /sys/kernel/security (securityfs, rw,nosuid,nodev,noexec,relatime)
[0;33m[WARN][0m Host mount: /sys/fs/cgroup (cgroup2, rw,seclabel,nosuid,nodev,noexec,relatime,nsdelegate,memory_recursiveprot,memory_hugetlb_accounting)
[0;33m[WARN][0m Host mount: /sys/fs/pstore (pstore, rw,seclabel,nosuid,nodev,noexec,relatime)
[0;33m[WARN][0m Host mount: /sys/firmware/efi/efivars (efivarfs, rw,nosuid,nodev,noexec,relatime)
[0;33m[WARN][0m Host mount: /sys/fs/bpf (bpf, rw,nosuid,nodev,noexec,relatime,mode=700)
[0;33m[WARN][0m Host mount: /sys/kernel/config (configfs, rw,nosuid,nodev,noexec,relatime)
[0;33m[WARN][0m Host mount: /sys/fs/selinux (selinuxfs, rw,nosuid,noexec,relatime)
[0;33m[WARN][0m Host mount: /sys/fs/fuse/connections (fusectl, rw,nosuid,nodev,noexec,relatime)
[0;33m[WARN][0m Host mount: /sys/kernel/debug (debugfs, rw,seclabel,nosuid,nodev,noexec,relatime)
[0;33m[WARN][0m Host mount: /sys/kernel/debug/tracing (tracefs, rw,seclabel,nosuid,nodev,noexec,relatime)
[0;33m[WARN][0m Host mount: /sys/kernel/tracing (tracefs, rw,seclabel,nosuid,nodev,noexec,relatime)
[0;33m[WARN][0m Host mount: /root/.emacs.d (btrfs, rw,seclabel,relatime,compress=zstd:1,ssd,discard=async,space_cache=v2,subvolid=256,subvol=/root)
[0;33m[WARN][0m Host mount: /root/i.ar (btrfs, rw,seclabel,relatime,compress=zstd:1,ssd,discard=async,space_cache=v2,subvolid=256,subvol=/root)
[0;33m[WARN][0m Host mount: /root/personalization (btrfs, rw,seclabel,relatime,compress=zstd:1,ssd,discard=async,space_cache=v2,subvolid=256,subvol=/root)
[0;33m[WARN][0m Host mount: /root/.emacs.d/gptel-fork (btrfs, rw,seclabel,relatime,compress=zstd:1,ssd,discard=async,space_cache=v2,subvolid=256,subvol=/root)
[0;33m[WARN][0m Host mount: /root/i.ar/prompts (btrfs, rw,seclabel,relatime,compress=zstd:1,ssd,discard=async,space_cache=v2,subvolid=256,subvol=/root)
[0;33m[WARN][0m Host mount: /root/.emacs.d/metaconfig (btrfs, rw,seclabel,relatime,compress=zstd:1,ssd,discard=async,space_cache=v2,subvolid=256,subvol=/root)

============================================
[0;32m  PREFLIGHT PASSED[0m
============================================
Loading /root/.emacs.d/configs/paths.el (source)...
Loading /root/.emacs.d/configs/predicates.el (source)...
Loading /root/.emacs.d/configs/keybindings.el (source)...
Loading /root/.emacs.d/configs/delimiters.el (source)...
Loading /root/.emacs.d/configs/git.el (source)...
Loading /root/.emacs.d/configs/fork.el (source)...
Loading /root/.emacs.d/configs/delegate.el (source)...
Loading /root/.emacs.d/configs/cycle.el (source)...
Loading /root/.emacs.d/configs/loop-guard.el (source)...
Loading /root/.emacs.d/configs/memory.el (source)...
Loading /root/.emacs.d/configs/file-guard.el (source)...
Loading /root/.emacs.d/configs/tool-limits.el (source)...
Loading /root/.emacs.d/configs/tasks.el (source)...
Loading /root/.emacs.d/configs/mcp.el (source)...
Loading /root/.emacs.d/init.d/shared/iar-utils.el (source)...
Loading /root/.emacs.d/init.d/shared/iar-agent-utils.el (source)...
Loading /root/.emacs.d/init.d/core/iar-locale.el (source)...
Loading /root/.emacs.d/init.d/core/iar-package-setup.el (source)...
Loading /root/.emacs.d/init.d/core/iar-ui-cleanup.el (source)...
Loading /root/.emacs.d/init.d/core/iar-evil-mode.el (source)...
Loading /root/.emacs.d/init.d/core/iar-gptel-setup.el (source)...
[gptel] Using fork from /root/.emacs.d/gptel-fork (overriding ELPA package)
Loading /root/.emacs.d/configs/gptel.el (source)...
Loading /root/.emacs.d/init.d/core/iar-mcp-setup.el (source)...
Loading /root/.emacs.d/init.d/tool-call/iar-malformed-args.el (source)...
Loading /root/.emacs.d/init.d/tool-call/iar-tool-call.el (source)...
[tool-call] Layer installed
Loading /root/.emacs.d/init.d/tool-call/iar-tool-result-timestamp.el (source)...
Loading /root/.emacs.d/init.d/tool-call/iar-tool-result-budget.el (source)...
Loading /root/.emacs.d/init.d/tool-call/iar-request-log.el (source)...
[request-log] Witness installed
Loading /root/.emacs.d/init.d/tool-call/iar-context-fence.el (source)...
Loading /root/.emacs.d/init.d/tool-call/iar-msgs-fence.el (source)...
Loading /root/.emacs.d/init.d/tool-call/iar-request-watchdog.el (source)...
[watchdog] Request watchdog installed
Loading /root/.emacs.d/init.d/tool-call/iar-thinking-loop-guard.el (source)...
[thinking-loop-guard] installed (enabled=t, max-chars=16000)
Loading /root/.emacs.d/init.d/tool-call/iar-text-mode-detector.el (source)...
Loading /root/.emacs.d/init.d/agent/iar-prompt-loader.el (source)...
Loading /root/.emacs.d/init.d/core/iar-mount-awareness.el (source)...
Loading /root/.emacs.d/init.d/core/iar-rate-limit.el (source)...
Loading /root/.emacs.d/init.d/security/iar-output-sanitizer.el (source)...
Loading /root/.emacs.d/init.d/security/iar-file-guard.el (source)...
Loading /root/.emacs.d/init.d/security/iar-audit-log.el (source)...
Loading /root/.emacs.d/init.d/security/iar-loop-guard.el (source)...
Loading /root/.emacs.d/init.d/security/iar-loop-guard-chain.el (source)...
Loading /root/.emacs.d/init.d/security/iar-tool-guard.el (source)...
Loading /root/.emacs.d/init.d/security/iar-utf8-scrub.el (source)...
Loading /root/.emacs.d/init.d/tools/filesystem/list_directory.el (source)...
Loading /root/.emacs.d/init.d/tools/filesystem/read_file.el (source)...
Loading /root/.emacs.d/init.d/tools/filesystem/write_file.el (source)...
Loading /root/.emacs.d/init.d/tools/filesystem/append_file.el (source)...
Loading /root/.emacs.d/init.d/tools/code/execute_code_local.el (source)...
Loading /root/.emacs.d/init.d/tools/code/execute_code_remote.el (source)...
Loading /root/.emacs.d/init.d/tools/code/check_elisp.el (source)...
Loading /root/.emacs.d/init.d/tools/tasks/read_task.el (source)...
Loading /root/.emacs.d/init.d/tools/tasks/create_task.el (source)...
Loading /root/.emacs.d/init.d/tools/tasks/write_subtask.el (source)...
Loading /root/.emacs.d/init.d/tools/tasks/remove_task.el (source)...
Loading /root/.emacs.d/init.d/tools/tasks/read_history.el (source)...
Loading /root/.emacs.d/init.d/tools/tasks/read_roadmap.el (source)...
Loading /root/.emacs.d/init.d/tools/tasks/write_roadmap.el (source)...
Loading /root/.emacs.d/init.d/tools/notify/telegram.el (source)...
Loading /root/.emacs.d/init.d/tools/git/git_commit.el (source)...
Loading /root/.emacs.d/init.d/tools/knowledge/read_knowledge.el (source)...
Loading /root/.emacs.d/init.d/agent/iar-project-parser.el (source)...
Loading /root/.emacs.d/init.d/agent/iar-prompt-assembly.el (source)...
Loading /root/.emacs.d/init.d/agent/iar-agent-loader.el (source)...
Loading /root/.emacs.d/init.d/agent/iar-knowledge-loader.el (source)...
Loading /root/.emacs.d/init.d/agent/iar-buffer-info.el (source)...
Loading /root/.emacs.d/init.d/tools/agent/delegate.el (source)...
Loading /root/.emacs.d/init.d/tools/agent/reload_os.el (source)...
Loading /root/.emacs.d/init.d/tools/agent/reload_agent.el (source)...
Loading /root/.emacs.d/init.d/tools/agent/read_own_prompt.el (source)...
Loading /root/.emacs.d/init.d/agent/iar-guidelines-checker.el (source)...
Loading /root/.emacs.d/init.d/agent/iar-agent-cycle.el (source)...
Loading /root/.emacs.d/init.d/debug/iar-status-mode.el (source)...
[status-mode] Installed
Loading /root/.emacs.d/init.d/session/iar-quit.el (source)...
[aria] Starting cycle with 3600s timeout (archetype: aria-cycle, project: iar, cycle: aria_daily)
[assembly] DIGEST [iar/aria] HARD CAP: 16086 > 16000 chars, truncating to tail
[aria] Assembled prompt: 49349 chars (~12337 tokens), 21 tools
[aria] Sending cycle prompt to aria agent...
Querying Ollama...
[thinking-loop-guard] Aborting runaway reasoning stream (16000 chars, no content, model=glm-5.3-flash:cloud)
Querying Ollama...
Stopped gptel request in buffer "*aria-cycle*"
[aria] Cycle complete. Turns: 2, Tool calls: 103, Exit: 0
Tokens: 4677982 in / 50221 out / 4728203 total
Requests: 104
Belt #2c push to origin: To 10.66.0.5:/home/git/repos/iar-personalization.git
   a7e7043a..0a6a1422  HEAD -> main
[0;32m[INF][2026-09-18 11:22:35][0m Cycle 1 succeeded in 784s (exit 0)

[0;34m[INF][2026-09-18 11:31:57][0m --- Cycle 1/1 ---
Already up to date.
============================================
  Preflight Mount Audit — Emacboros
  2026-09-18T14:31:58Z
============================================

--- Phase 1: /proc/mounts scan ---

--- Phase 2: Writability tests ---
[0;32m[PASS][0m /root/.emacs.d/.git/hooks — does not exist
[0;32m[PASS][0m /var/run/docker.sock — does not exist
[0;32m[PASS][0m /etc/cron.d — does not exist
[0;32m[PASS][0m /var/spool/cron — does not exist
[0;32m[PASS][0m /etc/systemd/system — directory is read-only
[0;32m[PASS][0m /etc/systemd — directory is read-only

--- Phase 3: Capability audit ---
[0;32m[PASS][0m CAP_DAC_OVERRIDE (bit 1) is not set — can bypass file read/write/execute permissions
[0;32m[PASS][0m CAP_SYS_ADMIN (bit 21) is not set — broad system administration (mount, namespaces, etc.)
[0;32m[PASS][0m CAP_SETUID (bit 7) is not set — can change process UID
[0;32m[PASS][0m CAP_SETGID (bit 6) is not set — can change process GID
[0;32m[PASS][0m CAP_MKNOD (bit 27) is not set — can create special device files
[0;32m[PASS][0m CAP_NET_RAW (bit 13) is SET (expected) — can create raw network sockets (needed for nmap/traceroute)
[0;32m[PASS][0m CAP_NET_BIND_SERVICE (bit 10) is SET (expected) — can bind to ports < 1024
[0;32m[PASS][0m CAP_FOWNER (bit 3) is not set — can bypass file ownership checks
[0;32m[PASS][0m CAP_SETFCAP (bit 31) is not set — can set file capabilities

--- Phase 4: Host mount audit ---
Writable real-filesystem mounts:
[0;33m[WARN][0m Host mount: /sys/kernel/security (securityfs, rw,nosuid,nodev,noexec,relatime)
[0;33m[WARN][0m Host mount: /sys/fs/cgroup (cgroup2, rw,seclabel,nosuid,nodev,noexec,relatime,nsdelegate,memory_recursiveprot,memory_hugetlb_accounting)
[0;33m[WARN][0m Host mount: /sys/fs/pstore (pstore, rw,seclabel,nosuid,nodev,noexec,relatime)
[0;33m[WARN][0m Host mount: /sys/firmware/efi/efivars (efivarfs, rw,nosuid,nodev,noexec,relatime)
[0;33m[WARN][0m Host mount: /sys/fs/bpf (bpf, rw,nosuid,nodev,noexec,relatime,mode=700)
[0;33m[WARN][0m Host mount: /sys/kernel/config (configfs, rw,nosuid,nodev,noexec,relatime)
[0;33m[WARN][0m Host mount: /sys/fs/selinux (selinuxfs, rw,nosuid,noexec,relatime)
[0;33m[WARN][0m Host mount: /sys/fs/fuse/connections (fusectl, rw,nosuid,nodev,noexec,relatime)
[0;33m[WARN][0m Host mount: /sys/kernel/debug (debugfs, rw,seclabel,nosuid,nodev,noexec,relatime)
[0;33m[WARN][0m Host mount: /sys/kernel/debug/tracing (tracefs, rw,seclabel,nosuid,nodev,noexec,relatime)
[0;33m[WARN][0m Host mount: /sys/kernel/tracing (tracefs, rw,seclabel,nosuid,nodev,noexec,relatime)
[0;33m[WARN][0m Host mount: /root/i.ar (btrfs, rw,seclabel,relatime,compress=zstd:1,ssd,discard=async,space_cache=v2,subvolid=256,subvol=/root)
[0;33m[WARN][0m Host mount: /root/.emacs.d (btrfs, rw,seclabel,relatime,compress=zstd:1,ssd,discard=async,space_cache=v2,subvolid=256,subvol=/root)
[0;33m[WARN][0m Host mount: /root/personalization (btrfs, rw,seclabel,relatime,compress=zstd:1,ssd,discard=async,space_cache=v2,subvolid=256,subvol=/root)
[0;33m[WARN][0m Host mount: /root/.emacs.d/metaconfig (btrfs, rw,seclabel,relatime,compress=zstd:1,ssd,discard=async,space_cache=v2,subvolid=256,subvol=/root)
[0;33m[WARN][0m Host mount: /root/.emacs.d/gptel-fork (btrfs, rw,seclabel,relatime,compress=zstd:1,ssd,discard=async,space_cache=v2,subvolid=256,subvol=/root)
[0;33m[WARN][0m Host mount: /root/i.ar/prompts (btrfs, rw,seclabel,relatime,compress=zstd:1,ssd,discard=async,space_cache=v2,subvolid=256,subvol=/root)

============================================
[0;32m  PREFLIGHT PASSED[0m
============================================
Loading /root/.emacs.d/configs/paths.el (source)...
Loading /root/.emacs.d/configs/predicates.el (source)...
Loading /root/.emacs.d/configs/keybindings.el (source)...
Loading /root/.emacs.d/configs/delimiters.el (source)...
Loading /root/.emacs.d/configs/git.el (source)...
Loading /root/.emacs.d/configs/fork.el (source)...
Loading /root/.emacs.d/configs/delegate.el (source)...
Loading /root/.emacs.d/configs/cycle.el (source)...
Loading /root/.emacs.d/configs/loop-guard.el (source)...
Loading /root/.emacs.d/configs/memory.el (source)...
Loading /root/.emacs.d/configs/file-guard.el (source)...
Loading /root/.emacs.d/configs/tool-limits.el (source)...
Loading /root/.emacs.d/configs/tasks.el (source)...
Loading /root/.emacs.d/configs/mcp.el (source)...
Loading /root/.emacs.d/init.d/shared/iar-utils.el (source)...
Loading /root/.emacs.d/init.d/shared/iar-agent-utils.el (source)...
Loading /root/.emacs.d/init.d/core/iar-locale.el (source)...
Loading /root/.emacs.d/init.d/core/iar-package-setup.el (source)...
Loading /root/.emacs.d/init.d/core/iar-ui-cleanup.el (source)...
Loading /root/.emacs.d/init.d/core/iar-evil-mode.el (source)...
Loading /root/.emacs.d/init.d/core/iar-gptel-setup.el (source)...
[gptel] Using fork from /root/.emacs.d/gptel-fork (overriding ELPA package)
Loading /root/.emacs.d/configs/gptel.el (source)...
Loading /root/.emacs.d/init.d/core/iar-mcp-setup.el (source)...
Loading /root/.emacs.d/init.d/tool-call/iar-malformed-args.el (source)...
Loading /root/.emacs.d/init.d/tool-call/iar-tool-call.el (source)...
[tool-call] Layer installed
Loading /root/.emacs.d/init.d/tool-call/iar-tool-result-timestamp.el (source)...
Loading /root/.emacs.d/init.d/tool-call/iar-tool-result-budget.el (source)...
Loading /root/.emacs.d/init.d/tool-call/iar-request-log.el (source)...
[request-log] Witness installed
Loading /root/.emacs.d/init.d/tool-call/iar-context-fence.el (source)...
Loading /root/.emacs.d/init.d/tool-call/iar-msgs-fence.el (source)...
Loading /root/.emacs.d/init.d/tool-call/iar-request-watchdog.el (source)...
[watchdog] Request watchdog installed
Loading /root/.emacs.d/init.d/tool-call/iar-thinking-loop-guard.el (source)...
[thinking-loop-guard] installed (enabled=t, max-chars=16000)
Loading /root/.emacs.d/init.d/tool-call/iar-text-mode-detector.el (source)...
Loading /root/.emacs.d/init.d/agent/iar-prompt-loader.el (source)...
Loading /root/.emacs.d/init.d/core/iar-mount-awareness.el (source)...
Loading /root/.emacs.d/init.d/core/iar-rate-limit.el (source)...
Loading /root/.emacs.d/init.d/security/iar-output-sanitizer.el (source)...
Loading /root/.emacs.d/init.d/security/iar-file-guard.el (source)...
Loading /root/.emacs.d/init.d/security/iar-audit-log.el (source)...
Loading /root/.emacs.d/init.d/security/iar-loop-guard.el (source)...
Loading /root/.emacs.d/init.d/security/iar-loop-guard-chain.el (source)...
Loading /root/.emacs.d/init.d/security/iar-tool-guard.el (source)...
Loading /root/.emacs.d/init.d/security/iar-utf8-scrub.el (source)...
Loading /root/.emacs.d/init.d/tools/filesystem/list_directory.el (source)...
Loading /root/.emacs.d/init.d/tools/filesystem/read_file.el (source)...
Loading /root/.emacs.d/init.d/tools/filesystem/write_file.el (source)...
Loading /root/.emacs.d/init.d/tools/filesystem/append_file.el (source)...
Loading /root/.emacs.d/init.d/tools/code/execute_code_local.el (source)...
Loading /root/.emacs.d/init.d/tools/code/execute_code_remote.el (source)...
Loading /root/.emacs.d/init.d/tools/code/check_elisp.el (source)...
Loading /root/.emacs.d/init.d/tools/tasks/read_task.el (source)...
Loading /root/.emacs.d/init.d/tools/tasks/create_task.el (source)...
Loading /root/.emacs.d/init.d/tools/tasks/write_subtask.el (source)...
Loading /root/.emacs.d/init.d/tools/tasks/remove_task.el (source)...
Loading /root/.emacs.d/init.d/tools/tasks/read_history.el (source)...
Loading /root/.emacs.d/init.d/tools/tasks/read_roadmap.el (source)...
Loading /root/.emacs.d/init.d/tools/tasks/write_roadmap.el (source)...
Loading /root/.emacs.d/init.d/tools/notify/telegram.el (source)...
Loading /root/.emacs.d/init.d/tools/git/git_commit.el (source)...
Loading /root/.emacs.d/init.d/tools/knowledge/read_knowledge.el (source)...
Loading /root/.emacs.d/init.d/agent/iar-project-parser.el (source)...
Loading /root/.emacs.d/init.d/agent/iar-prompt-assembly.el (source)...
Loading /root/.emacs.d/init.d/agent/iar-agent-loader.el (source)...
Loading /root/.emacs.d/init.d/agent/iar-knowledge-loader.el (source)...
Loading /root/.emacs.d/init.d/agent/iar-buffer-info.el (source)...
Loading /root/.emacs.d/init.d/tools/agent/delegate.el (source)...
Loading /root/.emacs.d/init.d/tools/agent/reload_os.el (source)...
Loading /root/.emacs.d/init.d/tools/agent/reload_agent.el (source)...
Loading /root/.emacs.d/init.d/tools/agent/read_own_prompt.el (source)...
Loading /root/.emacs.d/init.d/agent/iar-guidelines-checker.el (source)...
Loading /root/.emacs.d/init.d/agent/iar-agent-cycle.el (source)...
Loading /root/.emacs.d/init.d/debug/iar-status-mode.el (source)...
[status-mode] Installed
Loading /root/.emacs.d/init.d/session/iar-quit.el (source)...
[aria] Starting cycle with 3600s timeout (archetype: aria-cycle, project: iar, cycle: aria_daily)
[assembly] DIGEST [iar/aria] HARD CAP: 17391 > 16000 chars, truncating to tail
[aria] Assembled prompt: 49259 chars (~12314 tokens), 21 tools
[aria] Sending cycle prompt to aria agent...
Querying Ollama...
[thinking-loop-guard] Aborting runaway reasoning stream (16000 chars, no content, model=glm-5.3-flash:cloud)
Querying Ollama...
Stopped gptel request in buffer "*aria-cycle*"
[thinking-loop-guard] Aborting runaway reasoning stream (16000 chars, no content, model=glm-5.3-flash:cloud)
Querying Ollama...
Stopped gptel request in buffer "*aria-cycle*"
Querying Ollama...
[thinking-loop-guard] Aborting runaway reasoning stream (16000 chars, no content, model=glm-5.3-flash:cloud)
[delegate] reviewer produced text-only response (turn 1/15), re-prompting...
Stopped gptel request in buffer "*gptel-delegate-delegate-reviewer-1-1789742038*"
Querying Ollama...
[thinking-loop-guard] Aborting runaway reasoning stream (16000 chars, no content, model=glm-5.3-flash:cloud)
[delegate] reviewer produced text-only response (turn 2/15), re-prompting...
Stopped gptel request in buffer "*gptel-delegate-delegate-reviewer-1-1789742038*"
Querying Ollama...
[thinking-loop-guard] Aborting runaway reasoning stream (16000 chars, no content, model=glm-5.3-flash:cloud)
[delegate] reviewer produced text-only response (turn 3/15), re-prompting...
Stopped gptel request in buffer "*gptel-delegate-delegate-reviewer-1-1789742038*"
Querying Ollama...
[thinking-loop-guard] Aborting runaway reasoning stream (16000 chars, no content, model=glm-5.3-flash:cloud)
[delegate] reviewer produced text-only response (turn 4/15), re-prompting...
Stopped gptel request in buffer "*gptel-delegate-delegate-reviewer-1-1789742038*"
Querying Ollama...
[thinking-loop-guard] Aborting runaway reasoning stream (16000 chars, no content, model=glm-5.3-flash:cloud)
[delegate] reviewer produced text-only response (turn 5/15), re-prompting...
Stopped gptel request in buffer "*gptel-delegate-delegate-reviewer-1-1789742038*"
Querying Ollama...
[thinking-loop-guard] Aborting runaway reasoning stream (16000 chars, no content, model=glm-5.3-flash:cloud)
[delegate] reviewer produced text-only response (turn 6/15), re-prompting...
Stopped gptel request in buffer "*gptel-delegate-delegate-reviewer-1-1789742038*"
Querying Ollama...
[thinking-loop-guard] Aborting runaway reasoning stream (16000 chars, no content, model=glm-5.3-flash:cloud)
[delegate] reviewer produced text-only response (turn 7/15), re-prompting...
Stopped gptel request in buffer "*gptel-delegate-delegate-reviewer-1-1789742038*"
Querying Ollama...
[thinking-loop-guard] Aborting runaway reasoning stream (16000 chars, no content, model=glm-5.3-flash:cloud)
[delegate] reviewer produced text-only response (turn 8/15), re-prompting...
Stopped gptel request in buffer "*gptel-delegate-delegate-reviewer-1-1789742038*"
Querying Ollama...
[thinking-loop-guard] Aborting runaway reasoning stream (16000 chars, no content, model=glm-5.3-flash:cloud)
[delegate] reviewer produced text-only response (turn 9/15), re-prompting...
Stopped gptel request in buffer "*gptel-delegate-delegate-reviewer-1-1789742038*"
Querying Ollama...
[thinking-loop-guard] Aborting runaway reasoning stream (16000 chars, no content, model=glm-5.3-flash:cloud)
[delegate] reviewer produced text-only response (turn 10/15), re-prompting...
Stopped gptel request in buffer "*gptel-delegate-delegate-reviewer-1-1789742038*"
Querying Ollama...
[thinking-loop-guard] Aborting runaway reasoning stream (16000 chars, no content, model=glm-5.3-flash:cloud)
[delegate] reviewer produced text-only response (turn 11/15), re-prompting...
Stopped gptel request in buffer "*gptel-delegate-delegate-reviewer-1-1789742038*"
Querying Ollama...
[thinking-loop-guard] Aborting runaway reasoning stream (16000 chars, no content, model=glm-5.3-flash:cloud)
[delegate] reviewer produced text-only response (turn 12/15), re-prompting...
Stopped gptel request in buffer "*gptel-delegate-delegate-reviewer-1-1789742038*"
Querying Ollama...
[thinking-loop-guard] Aborting runaway reasoning stream (16000 chars, no content, model=glm-5.3-flash:cloud)
[delegate] reviewer produced text-only response (turn 13/15), re-prompting...
Stopped gptel request in buffer "*gptel-delegate-delegate-reviewer-1-1789742038*"
Querying Ollama...
[thinking-loop-guard] Aborting runaway reasoning stream (16000 chars, no content, model=glm-5.3-flash:cloud)
[delegate] reviewer produced text-only response (turn 14/15), re-prompting...
Stopped gptel request in buffer "*gptel-delegate-delegate-reviewer-1-1789742038*"
Querying Ollama...
[thinking-loop-guard] Aborting runaway reasoning stream (16000 chars, no content, model=glm-5.3-flash:cloud)
[delegate] reviewer produced text-only response (turn 15/15), re-prompting...
Stopped gptel request in buffer "*gptel-delegate-delegate-reviewer-1-1789742038*"
Querying Ollama...
[thinking-loop-guard] Aborting runaway reasoning stream (16000 chars, no content, model=glm-5.3-flash:cloud)
[delegate] reviewer reached max text-only turns (15), returning last response.
Stopped gptel request in buffer "*gptel-delegate-delegate-reviewer-1-1789742038*"
[aria] Cycle complete. Turns: 3, Tool calls: 26, Exit: 0
Tokens: 708823 in / 20308 out / 729131 total
Requests: 27
Belt #2c push to origin: To 10.66.0.5:/home/git/repos/iar-personalization.git
   ec01bd1f..ec8c2d8c  HEAD -> main
[0;32m[INF][2026-09-18 11:40:55][0m Cycle 1 succeeded in 538s (exit 0)

[0;34m[INF][2026-09-18 11:57:05][0m --- Cycle 1/1 ---
Already up to date.
============================================
  Preflight Mount Audit — Emacboros
  2026-09-18T14:57:06Z
============================================

--- Phase 1: /proc/mounts scan ---

--- Phase 2: Writability tests ---
[0;32m[PASS][0m /root/.emacs.d/.git/hooks — does not exist
[0;32m[PASS][0m /var/run/docker.sock — does not exist
[0;32m[PASS][0m /etc/cron.d — does not exist
[0;32m[PASS][0m /var/spool/cron — does not exist
[0;32m[PASS][0m /etc/systemd/system — directory is read-only
[0;32m[PASS][0m /etc/systemd — directory is read-only

--- Phase 3: Capability audit ---
[0;32m[PASS][0m CAP_DAC_OVERRIDE (bit 1) is not set — can bypass file read/write/execute permissions
[0;32m[PASS][0m CAP_SYS_ADMIN (bit 21) is not set — broad system administration (mount, namespaces, etc.)
[0;32m[PASS][0m CAP_SETUID (bit 7) is not set — can change process UID
[0;32m[PASS][0m CAP_SETGID (bit 6) is not set — can change process GID
[0;32m[PASS][0m CAP_MKNOD (bit 27) is not set — can create special device files
[0;32m[PASS][0m CAP_NET_RAW (bit 13) is SET (expected) — can create raw network sockets (needed for nmap/traceroute)
[0;32m[PASS][0m CAP_NET_BIND_SERVICE (bit 10) is SET (expected) — can bind to ports < 1024
[0;32m[PASS][0m CAP_FOWNER (bit 3) is not set — can bypass file ownership checks
[0;32m[PASS][0m CAP_SETFCAP (bit 31) is not set — can set file capabilities

--- Phase 4: Host mount audit ---
Writable real-filesystem mounts:
[0;33m[WARN][0m Host mount: /sys/kernel/security (securityfs, rw,nosuid,nodev,noexec,relatime)
[0;33m[WARN][0m Host mount: /sys/fs/cgroup (cgroup2, rw,seclabel,nosuid,nodev,noexec,relatime,nsdelegate,memory_recursiveprot,memory_hugetlb_accounting)
[0;33m[WARN][0m Host mount: /sys/fs/pstore (pstore, rw,seclabel,nosuid,nodev,noexec,relatime)
[0;33m[WARN][0m Host mount: /sys/firmware/efi/efivars (efivarfs, rw,nosuid,nodev,noexec,relatime)
[0;33m[WARN][0m Host mount: /sys/fs/bpf (bpf, rw,nosuid,nodev,noexec,relatime,mode=700)
[0;33m[WARN][0m Host mount: /sys/kernel/config (configfs, rw,nosuid,nodev,noexec,relatime)
[0;33m[WARN][0m Host mount: /sys/fs/selinux (selinuxfs, rw,nosuid,noexec,relatime)
[0;33m[WARN][0m Host mount: /sys/fs/fuse/connections (fusectl, rw,nosuid,nodev,noexec,relatime)
[0;33m[WARN][0m Host mount: /sys/kernel/debug (debugfs, rw,seclabel,nosuid,nodev,noexec,relatime)
[0;33m[WARN][0m Host mount: /sys/kernel/debug/tracing (tracefs, rw,seclabel,nosuid,nodev,noexec,relatime)
[0;33m[WARN][0m Host mount: /sys/kernel/tracing (tracefs, rw,seclabel,nosuid,nodev,noexec,relatime)
[0;33m[WARN][0m Host mount: /root/i.ar (btrfs, rw,seclabel,relatime,compress=zstd:1,ssd,discard=async,space_cache=v2,subvolid=256,subvol=/root)
[0;33m[WARN][0m Host mount: /root/.emacs.d (btrfs, rw,seclabel,relatime,compress=zstd:1,ssd,discard=async,space_cache=v2,subvolid=256,subvol=/root)
[0;33m[WARN][0m Host mount: /root/personalization (btrfs, rw,seclabel,relatime,compress=zstd:1,ssd,discard=async,space_cache=v2,subvolid=256,subvol=/root)
[0;33m[WARN][0m Host mount: /root/i.ar/prompts (btrfs, rw,seclabel,relatime,compress=zstd:1,ssd,discard=async,space_cache=v2,subvolid=256,subvol=/root)
[0;33m[WARN][0m Host mount: /root/.emacs.d/gptel-fork (btrfs, rw,seclabel,relatime,compress=zstd:1,ssd,discard=async,space_cache=v2,subvolid=256,subvol=/root)
[0;33m[WARN][0m Host mount: /root/.emacs.d/metaconfig (btrfs, rw,seclabel,relatime,compress=zstd:1,ssd,discard=async,space_cache=v2,subvolid=256,subvol=/root)

============================================
[0;32m  PREFLIGHT PASSED[0m
============================================
Loading /root/.emacs.d/configs/paths.el (source)...
Loading /root/.emacs.d/configs/predicates.el (source)...
Loading /root/.emacs.d/configs/keybindings.el (source)...
Loading /root/.emacs.d/configs/delimiters.el (source)...
Loading /root/.emacs.d/configs/git.el (source)...
Loading /root/.emacs.d/configs/fork.el (source)...
Loading /root/.emacs.d/configs/delegate.el (source)...
Loading /root/.emacs.d/configs/cycle.el (source)...
Loading /root/.emacs.d/configs/loop-guard.el (source)...
Loading /root/.emacs.d/configs/memory.el (source)...
Loading /root/.emacs.d/configs/file-guard.el (source)...
Loading /root/.emacs.d/configs/tool-limits.el (source)...
Loading /root/.emacs.d/configs/tasks.el (source)...
Loading /root/.emacs.d/configs/mcp.el (source)...
Loading /root/.emacs.d/init.d/shared/iar-utils.el (source)...
Loading /root/.emacs.d/init.d/shared/iar-agent-utils.el (source)...
Loading /root/.emacs.d/init.d/core/iar-locale.el (source)...
Loading /root/.emacs.d/init.d/core/iar-package-setup.el (source)...
Loading /root/.emacs.d/init.d/core/iar-ui-cleanup.el (source)...
Loading /root/.emacs.d/init.d/core/iar-evil-mode.el (source)...
Loading /root/.emacs.d/init.d/core/iar-gptel-setup.el (source)...
[gptel] Using fork from /root/.emacs.d/gptel-fork (overriding ELPA package)
Loading /root/.emacs.d/configs/gptel.el (source)...
Loading /root/.emacs.d/init.d/core/iar-mcp-setup.el (source)...
Loading /root/.emacs.d/init.d/tool-call/iar-malformed-args.el (source)...
Loading /root/.emacs.d/init.d/tool-call/iar-tool-call.el (source)...
[tool-call] Layer installed
Loading /root/.emacs.d/init.d/tool-call/iar-tool-result-timestamp.el (source)...
Loading /root/.emacs.d/init.d/tool-call/iar-tool-result-budget.el (source)...
Loading /root/.emacs.d/init.d/tool-call/iar-request-log.el (source)...
[request-log] Witness installed
Loading /root/.emacs.d/init.d/tool-call/iar-context-fence.el (source)...
Loading /root/.emacs.d/init.d/tool-call/iar-msgs-fence.el (source)...
Loading /root/.emacs.d/init.d/tool-call/iar-request-watchdog.el (source)...
[watchdog] Request watchdog installed
Loading /root/.emacs.d/init.d/tool-call/iar-thinking-loop-guard.el (source)...
[thinking-loop-guard] installed (enabled=t, max-chars=16000)
Loading /root/.emacs.d/init.d/tool-call/iar-text-mode-detector.el (source)...
Loading /root/.emacs.d/init.d/agent/iar-prompt-loader.el (source)...
Loading /root/.emacs.d/init.d/core/iar-mount-awareness.el (source)...
Loading /root/.emacs.d/init.d/core/iar-rate-limit.el (source)...
Loading /root/.emacs.d/init.d/security/iar-output-sanitizer.el (source)...
Loading /root/.emacs.d/init.d/security/iar-file-guard.el (source)...
Loading /root/.emacs.d/init.d/security/iar-audit-log.el (source)...
Loading /root/.emacs.d/init.d/security/iar-loop-guard.el (source)...
Loading /root/.emacs.d/init.d/security/iar-loop-guard-chain.el (source)...
Loading /root/.emacs.d/init.d/security/iar-tool-guard.el (source)...
Loading /root/.emacs.d/init.d/security/iar-utf8-scrub.el (source)...
Loading /root/.emacs.d/init.d/tools/filesystem/list_directory.el (source)...
Loading /root/.emacs.d/init.d/tools/filesystem/read_file.el (source)...
Loading /root/.emacs.d/init.d/tools/filesystem/write_file.el (source)...
Loading /root/.emacs.d/init.d/tools/filesystem/append_file.el (source)...
Loading /root/.emacs.d/init.d/tools/code/execute_code_local.el (source)...
Loading /root/.emacs.d/init.d/tools/code/execute_code_remote.el (source)...
Loading /root/.emacs.d/init.d/tools/code/check_elisp.el (source)...
Loading /root/.emacs.d/init.d/tools/tasks/read_task.el (source)...
Loading /root/.emacs.d/init.d/tools/tasks/create_task.el (source)...
Loading /root/.emacs.d/init.d/tools/tasks/write_subtask.el (source)...
Loading /root/.emacs.d/init.d/tools/tasks/remove_task.el (source)...
Loading /root/.emacs.d/init.d/tools/tasks/read_history.el (source)...
Loading /root/.emacs.d/init.d/tools/tasks/read_roadmap.el (source)...
Loading /root/.emacs.d/init.d/tools/tasks/write_roadmap.el (source)...
Loading /root/.emacs.d/init.d/tools/notify/telegram.el (source)...
Loading /root/.emacs.d/init.d/tools/git/git_commit.el (source)...
Loading /root/.emacs.d/init.d/tools/knowledge/read_knowledge.el (source)...
Loading /root/.emacs.d/init.d/agent/iar-project-parser.el (source)...
Loading /root/.emacs.d/init.d/agent/iar-prompt-assembly.el (source)...
Loading /root/.emacs.d/init.d/agent/iar-agent-loader.el (source)...
Loading /root/.emacs.d/init.d/agent/iar-knowledge-loader.el (source)...
Loading /root/.emacs.d/init.d/agent/iar-buffer-info.el (source)...
Loading /root/.emacs.d/init.d/tools/agent/delegate.el (source)...
Loading /root/.emacs.d/init.d/tools/agent/reload_os.el (source)...
Loading /root/.emacs.d/init.d/tools/agent/reload_agent.el (source)...
Loading /root/.emacs.d/init.d/tools/agent/read_own_prompt.el (source)...
Loading /root/.emacs.d/init.d/agent/iar-guidelines-checker.el (source)...
Loading /root/.emacs.d/init.d/agent/iar-agent-cycle.el (source)...
Loading /root/.emacs.d/init.d/debug/iar-status-mode.el (source)...
[status-mode] Installed
Loading /root/.emacs.d/init.d/session/iar-quit.el (source)...
[aria] Starting cycle with 3600s timeout (archetype: aria-cycle, project: iar, cycle: aria_daily)
[assembly] DIGEST [iar/aria] HARD CAP: 17447 > 16000 chars, truncating to tail
[aria] Assembled prompt: 49204 chars (~12301 tokens), 21 tools
[aria] Sending cycle prompt to aria agent...
Querying Ollama...
[aria] Same-tool warning: 100 calls to execute_code_local this cycle -- one call blocked with notice
[aria] Tool-call budget warning (150/300) -- one call blocked with notice
[loop-guard-chain] SOFT BLOCK: execute_code_local chained 10 times
[thinking-loop-guard] Aborting runaway reasoning stream (16000 chars, no content, model=glm-5.3-flash:cloud)
Querying Ollama...
Stopped gptel request in buffer "*aria-cycle*"
[thinking-loop-guard] Aborting runaway reasoning stream (16000 chars, no content, model=glm-5.3-flash:cloud)
Querying Ollama...
Stopped gptel request in buffer "*aria-cycle*"
[thinking-loop-guard] Aborting runaway reasoning stream (16000 chars, no content, model=glm-5.3-flash:cloud)
Querying Ollama...
Stopped gptel request in buffer "*aria-cycle*"
[thinking-loop-guard] Aborting runaway reasoning stream (16000 chars, no content, model=glm-5.3-flash:cloud)
Querying Ollama...
Stopped gptel request in buffer "*aria-cycle*"
[thinking-loop-guard] Aborting runaway reasoning stream (16000 chars, no content, model=glm-5.3-flash:cloud)
Querying Ollama...
Stopped gptel request in buffer "*aria-cycle*"
[aria] Msgs soft cap warning (msgs 400 >= 400) -- one call blocked with notice
[loop-guard-chain] SOFT BLOCK: execute_code_local chained 10 times
[thinking-loop-guard] Aborting runaway reasoning stream (16000 chars, no content, model=glm-5.3-flash:cloud)
Querying Ollama...
Stopped gptel request in buffer "*aria-cycle*"
Querying Ollama...
[thinking-loop-guard] Aborting runaway reasoning stream (16000 chars, no content, model=glm-5.3-flash:cloud)
Stopped gptel request in buffer "*gptel-delegate-delegate-reviewer-1-1789744554*"
[aria] Cycle complete. Turns: 7, Tool calls: 234, Exit: 0
Tokens: 14608703 in / 40296 out / 14648999 total
Requests: 235
Belt #2c push to origin: To 10.66.0.5:/home/git/repos/iar-personalization.git
   9cd1a4a1..f9e45c93  HEAD -> main
[0;32m[INF][2026-09-18 12:19:23][0m Cycle 1 succeeded in 1338s (exit 0)

[0;34m[INF][2026-09-18 12:31:16][0m --- Cycle 1/1 ---
Already up to date.
============================================
  Preflight Mount Audit — Emacboros
  2026-09-18T15:31:17Z
============================================

--- Phase 1: /proc/mounts scan ---

--- Phase 2: Writability tests ---
[0;32m[PASS][0m /root/.emacs.d/.git/hooks — does not exist
[0;32m[PASS][0m /var/run/docker.sock — does not exist
[0;32m[PASS][0m /etc/cron.d — does not exist
[0;32m[PASS][0m /var/spool/cron — does not exist
[0;32m[PASS][0m /etc/systemd/system — directory is read-only
[0;32m[PASS][0m /etc/systemd — directory is read-only

--- Phase 3: Capability audit ---
[0;32m[PASS][0m CAP_DAC_OVERRIDE (bit 1) is not set — can bypass file read/write/execute permissions
[0;32m[PASS][0m CAP_SYS_ADMIN (bit 21) is not set — broad system administration (mount, namespaces, etc.)
[0;32m[PASS][0m CAP_SETUID (bit 7) is not set — can change process UID
[0;32m[PASS][0m CAP_SETGID (bit 6) is not set — can change process GID
[0;32m[PASS][0m CAP_MKNOD (bit 27) is not set — can create special device files
[0;32m[PASS][0m CAP_NET_RAW (bit 13) is SET (expected) — can create raw network sockets (needed for nmap/traceroute)
[0;32m[PASS][0m CAP_NET_BIND_SERVICE (bit 10) is SET (expected) — can bind to ports < 1024
[0;32m[PASS][0m CAP_FOWNER (bit 3) is not set — can bypass file ownership checks
[0;32m[PASS][0m CAP_SETFCAP (bit 31) is not set — can set file capabilities

--- Phase 4: Host mount audit ---
Writable real-filesystem mounts:
[0;33m[WARN][0m Host mount: /sys/kernel/security (securityfs, rw,nosuid,nodev,noexec,relatime)
[0;33m[WARN][0m Host mount: /sys/fs/cgroup (cgroup2, rw,seclabel,nosuid,nodev,noexec,relatime,nsdelegate,memory_recursiveprot,memory_hugetlb_accounting)
[0;33m[WARN][0m Host mount: /sys/fs/pstore (pstore, rw,seclabel,nosuid,nodev,noexec,relatime)
[0;33m[WARN][0m Host mount: /sys/firmware/efi/efivars (efivarfs, rw,nosuid,nodev,noexec,relatime)
[0;33m[WARN][0m Host mount: /sys/fs/bpf (bpf, rw,nosuid,nodev,noexec,relatime,mode=700)
[0;33m[WARN][0m Host mount: /sys/kernel/config (configfs, rw,nosuid,nodev,noexec,relatime)
[0;33m[WARN][0m Host mount: /sys/fs/selinux (selinuxfs, rw,nosuid,noexec,relatime)
[0;33m[WARN][0m Host mount: /sys/fs/fuse/connections (fusectl, rw,nosuid,nodev,noexec,relatime)
[0;33m[WARN][0m Host mount: /sys/kernel/debug (debugfs, rw,seclabel,nosuid,nodev,noexec,relatime)
[0;33m[WARN][0m Host mount: /sys/kernel/debug/tracing (tracefs, rw,seclabel,nosuid,nodev,noexec,relatime)
[0;33m[WARN][0m Host mount: /sys/kernel/tracing (tracefs, rw,seclabel,nosuid,nodev,noexec,relatime)
[0;33m[WARN][0m Host mount: /root/i.ar (btrfs, rw,seclabel,relatime,compress=zstd:1,ssd,discard=async,space_cache=v2,subvolid=256,subvol=/root)
[0;33m[WARN][0m Host mount: /root/personalization (btrfs, rw,seclabel,relatime,compress=zstd:1,ssd,discard=async,space_cache=v2,subvolid=256,subvol=/root)
[0;33m[WARN][0m Host mount: /root/.emacs.d (btrfs, rw,seclabel,relatime,compress=zstd:1,ssd,discard=async,space_cache=v2,subvolid=256,subvol=/root)
[0;33m[WARN][0m Host mount: /root/.emacs.d/gptel-fork (btrfs, rw,seclabel,relatime,compress=zstd:1,ssd,discard=async,space_cache=v2,subvolid=256,subvol=/root)
[0;33m[WARN][0m Host mount: /root/.emacs.d/metaconfig (btrfs, rw,seclabel,relatime,compress=zstd:1,ssd,discard=async,space_cache=v2,subvolid=256,subvol=/root)
[0;33m[WARN][0m Host mount: /root/i.ar/prompts (btrfs, rw,seclabel,relatime,compress=zstd:1,ssd,discard=async,space_cache=v2,subvolid=256,subvol=/root)

============================================
[0;32m  PREFLIGHT PASSED[0m
============================================
Loading /root/.emacs.d/configs/paths.el (source)...
Loading /root/.emacs.d/configs/predicates.el (source)...
Loading /root/.emacs.d/configs/keybindings.el (source)...
Loading /root/.emacs.d/configs/delimiters.el (source)...
Loading /root/.emacs.d/configs/git.el (source)...
Loading /root/.emacs.d/configs/fork.el (source)...
Loading /root/.emacs.d/configs/delegate.el (source)...
Loading /root/.emacs.d/configs/cycle.el (source)...
Loading /root/.emacs.d/configs/loop-guard.el (source)...
Loading /root/.emacs.d/configs/memory.el (source)...
Loading /root/.emacs.d/configs/file-guard.el (source)...
Loading /root/.emacs.d/configs/tool-limits.el (source)...
Loading /root/.emacs.d/configs/tasks.el (source)...
Loading /root/.emacs.d/configs/mcp.el (source)...
Loading /root/.emacs.d/init.d/shared/iar-utils.el (source)...
Loading /root/.emacs.d/init.d/shared/iar-agent-utils.el (source)...
Loading /root/.emacs.d/init.d/core/iar-locale.el (source)...
Loading /root/.emacs.d/init.d/core/iar-package-setup.el (source)...
Loading /root/.emacs.d/init.d/core/iar-ui-cleanup.el (source)...
Loading /root/.emacs.d/init.d/core/iar-evil-mode.el (source)...
Loading /root/.emacs.d/init.d/core/iar-gptel-setup.el (source)...
[gptel] Using fork from /root/.emacs.d/gptel-fork (overriding ELPA package)
Loading /root/.emacs.d/configs/gptel.el (source)...
Loading /root/.emacs.d/init.d/core/iar-mcp-setup.el (source)...
Loading /root/.emacs.d/init.d/tool-call/iar-malformed-args.el (source)...
Loading /root/.emacs.d/init.d/tool-call/iar-tool-call.el (source)...
[tool-call] Layer installed
Loading /root/.emacs.d/init.d/tool-call/iar-tool-result-timestamp.el (source)...
Loading /root/.emacs.d/init.d/tool-call/iar-tool-result-budget.el (source)...
Loading /root/.emacs.d/init.d/tool-call/iar-request-log.el (source)...
[request-log] Witness installed
Loading /root/.emacs.d/init.d/tool-call/iar-context-fence.el (source)...
Loading /root/.emacs.d/init.d/tool-call/iar-msgs-fence.el (source)...
Loading /root/.emacs.d/init.d/tool-call/iar-request-watchdog.el (source)...
[watchdog] Request watchdog installed
Loading /root/.emacs.d/init.d/tool-call/iar-thinking-loop-guard.el (source)...
[thinking-loop-guard] installed (enabled=t, max-chars=16000)
Loading /root/.emacs.d/init.d/tool-call/iar-text-mode-detector.el (source)...
Loading /root/.emacs.d/init.d/agent/iar-prompt-loader.el (source)...
Loading /root/.emacs.d/init.d/core/iar-mount-awareness.el (source)...
Loading /root/.emacs.d/init.d/core/iar-rate-limit.el (source)...
Loading /root/.emacs.d/init.d/security/iar-output-sanitizer.el (source)...
Loading /root/.emacs.d/init.d/security/iar-file-guard.el (source)...
Loading /root/.emacs.d/init.d/security/iar-audit-log.el (source)...
Loading /root/.emacs.d/init.d/security/iar-loop-guard.el (source)...
Loading /root/.emacs.d/init.d/security/iar-loop-guard-chain.el (source)...
Loading /root/.emacs.d/init.d/security/iar-tool-guard.el (source)...
Loading /root/.emacs.d/init.d/security/iar-utf8-scrub.el (source)...
Loading /root/.emacs.d/init.d/tools/filesystem/list_directory.el (source)...
Loading /root/.emacs.d/init.d/tools/filesystem/read_file.el (source)...
Loading /root/.emacs.d/init.d/tools/filesystem/write_file.el (source)...
Loading /root/.emacs.d/init.d/tools/filesystem/append_file.el (source)...
Loading /root/.emacs.d/init.d/tools/code/execute_code_local.el (source)...
Loading /root/.emacs.d/init.d/tools/code/execute_code_remote.el (source)...
Loading /root/.emacs.d/init.d/tools/code/check_elisp.el (source)...
Loading /root/.emacs.d/init.d/tools/tasks/read_task.el (source)...
Loading /root/.emacs.d/init.d/tools/tasks/create_task.el (source)...
Loading /root/.emacs.d/init.d/tools/tasks/write_subtask.el (source)...
Loading /root/.emacs.d/init.d/tools/tasks/remove_task.el (source)...
Loading /root/.emacs.d/init.d/tools/tasks/read_history.el (source)...
Loading /root/.emacs.d/init.d/tools/tasks/read_roadmap.el (source)...
Loading /root/.emacs.d/init.d/tools/tasks/write_roadmap.el (source)...
Loading /root/.emacs.d/init.d/tools/notify/telegram.el (source)...
Loading /root/.emacs.d/init.d/tools/git/git_commit.el (source)...
Loading /root/.emacs.d/init.d/tools/knowledge/read_knowledge.el (source)...
Loading /root/.emacs.d/init.d/agent/iar-project-parser.el (source)...
Loading /root/.emacs.d/init.d/agent/iar-prompt-assembly.el (source)...
Loading /root/.emacs.d/init.d/agent/iar-agent-loader.el (source)...
Loading /root/.emacs.d/init.d/agent/iar-knowledge-loader.el (source)...
Loading /root/.emacs.d/init.d/agent/iar-buffer-info.el (source)...
Loading /root/.emacs.d/init.d/tools/agent/delegate.el (source)...
Loading /root/.emacs.d/init.d/tools/agent/reload_os.el (source)...
Loading /root/.emacs.d/init.d/tools/agent/reload_agent.el (source)...
Loading /root/.emacs.d/init.d/tools/agent/read_own_prompt.el (source)...
Loading /root/.emacs.d/init.d/agent/iar-guidelines-checker.el (source)...
Loading /root/.emacs.d/init.d/agent/iar-agent-cycle.el (source)...
Loading /root/.emacs.d/init.d/debug/iar-status-mode.el (source)...
[status-mode] Installed
Loading /root/.emacs.d/init.d/session/iar-quit.el (source)...
[aria] Starting cycle with 3600s timeout (archetype: aria-cycle, project: iar, cycle: aria_daily)
[assembly] DIGEST [iar/aria] HARD CAP: 18231 > 16000 chars, truncating to tail
[aria] Assembled prompt: 49088 chars (~12272 tokens), 21 tools
[aria] Sending cycle prompt to aria agent...
Querying Ollama...
[aria] Same-tool warning: 100 calls to execute_code_local this cycle -- one call blocked with notice
[thinking-loop-guard] Aborting runaway reasoning stream (16000 chars, no content, model=glm-5.3-flash:cloud)
Querying Ollama...
Stopped gptel request in buffer "*aria-cycle*"
Querying Ollama...
[thinking-loop-guard] Aborting runaway reasoning stream (16000 chars, no content, model=glm-5.3-flash:cloud)
Stopped gptel request in buffer "*gptel-delegate-delegate-reviewer-1-1789746153*"
[aria] Cycle complete. Turns: 2, Tool calls: 135, Exit: 0
Tokens: 7926724 in / 41324 out / 7968048 total
Requests: 136
Belt #2c push to origin: To 10.66.0.5:/home/git/repos/iar-personalization.git
   d66b2bdb..ec53767e  HEAD -> main
[0;32m[INF][2026-09-18 12:45:49][0m Cycle 1 succeeded in 873s (exit 0)

[0;34m[INF][2026-09-18 12:54:44][0m --- Cycle 1/1 ---
Already up to date.
============================================
  Preflight Mount Audit — Emacboros
  2026-09-18T15:54:45Z
============================================

--- Phase 1: /proc/mounts scan ---

--- Phase 2: Writability tests ---
[0;32m[PASS][0m /root/.emacs.d/.git/hooks — does not exist
[0;32m[PASS][0m /var/run/docker.sock — does not exist
[0;32m[PASS][0m /etc/cron.d — does not exist
[0;32m[PASS][0m /var/spool/cron — does not exist
[0;32m[PASS][0m /etc/systemd/system — directory is read-only
[0;32m[PASS][0m /etc/systemd — directory is read-only

--- Phase 3: Capability audit ---
[0;32m[PASS][0m CAP_DAC_OVERRIDE (bit 1) is not set — can bypass file read/write/execute permissions
[0;32m[PASS][0m CAP_SYS_ADMIN (bit 21) is not set — broad system administration (mount, namespaces, etc.)
[0;32m[PASS][0m CAP_SETUID (bit 7) is not set — can change process UID
[0;32m[PASS][0m CAP_SETGID (bit 6) is not set — can change process GID
[0;32m[PASS][0m CAP_MKNOD (bit 27) is not set — can create special device files
[0;32m[PASS][0m CAP_NET_RAW (bit 13) is SET (expected) — can create raw network sockets (needed for nmap/traceroute)
[0;32m[PASS][0m CAP_NET_BIND_SERVICE (bit 10) is SET (expected) — can bind to ports < 1024
[0;32m[PASS][0m CAP_FOWNER (bit 3) is not set — can bypass file ownership checks
[0;32m[PASS][0m CAP_SETFCAP (bit 31) is not set — can set file capabilities

--- Phase 4: Host mount audit ---
Writable real-filesystem mounts:
[0;33m[WARN][0m Host mount: /sys/kernel/security (securityfs, rw,nosuid,nodev,noexec,relatime)
[0;33m[WARN][0m Host mount: /sys/fs/cgroup (cgroup2, rw,seclabel,nosuid,nodev,noexec,relatime,nsdelegate,memory_recursiveprot,memory_hugetlb_accounting)
[0;33m[WARN][0m Host mount: /sys/fs/pstore (pstore, rw,seclabel,nosuid,nodev,noexec,relatime)
[0;33m[WARN][0m Host mount: /sys/firmware/efi/efivars (efivarfs, rw,nosuid,nodev,noexec,relatime)
[0;33m[WARN][0m Host mount: /sys/fs/bpf (bpf, rw,nosuid,nodev,noexec,relatime,mode=700)
[0;33m[WARN][0m Host mount: /sys/kernel/config (configfs, rw,nosuid,nodev,noexec,relatime)
[0;33m[WARN][0m Host mount: /sys/fs/selinux (selinuxfs, rw,nosuid,noexec,relatime)
[0;33m[WARN][0m Host mount: /sys/fs/fuse/connections (fusectl, rw,nosuid,nodev,noexec,relatime)
[0;33m[WARN][0m Host mount: /sys/kernel/debug (debugfs, rw,seclabel,nosuid,nodev,noexec,relatime)
[0;33m[WARN][0m Host mount: /sys/kernel/debug/tracing (tracefs, rw,seclabel,nosuid,nodev,noexec,relatime)
[0;33m[WARN][0m Host mount: /sys/kernel/tracing (tracefs, rw,seclabel,nosuid,nodev,noexec,relatime)
[0;33m[WARN][0m Host mount: /root/personalization (btrfs, rw,seclabel,relatime,compress=zstd:1,ssd,discard=async,space_cache=v2,subvolid=256,subvol=/root)
[0;33m[WARN][0m Host mount: /root/i.ar (btrfs, rw,seclabel,relatime,compress=zstd:1,ssd,discard=async,space_cache=v2,subvolid=256,subvol=/root)
[0;33m[WARN][0m Host mount: /root/.emacs.d (btrfs, rw,seclabel,relatime,compress=zstd:1,ssd,discard=async,space_cache=v2,subvolid=256,subvol=/root)
[0;33m[WARN][0m Host mount: /root/.emacs.d/gptel-fork (btrfs, rw,seclabel,relatime,compress=zstd:1,ssd,discard=async,space_cache=v2,subvolid=256,subvol=/root)
[0;33m[WARN][0m Host mount: /root/.emacs.d/metaconfig (btrfs, rw,seclabel,relatime,compress=zstd:1,ssd,discard=async,space_cache=v2,subvolid=256,subvol=/root)
[0;33m[WARN][0m Host mount: /root/i.ar/prompts (btrfs, rw,seclabel,relatime,compress=zstd:1,ssd,discard=async,space_cache=v2,subvolid=256,subvol=/root)

============================================
[0;32m  PREFLIGHT PASSED[0m
============================================
Loading /root/.emacs.d/configs/paths.el (source)...
Loading /root/.emacs.d/configs/predicates.el (source)...
Loading /root/.emacs.d/configs/keybindings.el (source)...
Loading /root/.emacs.d/configs/delimiters.el (source)...
Loading /root/.emacs.d/configs/git.el (source)...
Loading /root/.emacs.d/configs/fork.el (source)...
Loading /root/.emacs.d/configs/delegate.el (source)...
Loading /root/.emacs.d/configs/cycle.el (source)...
Loading /root/.emacs.d/configs/loop-guard.el (source)...
Loading /root/.emacs.d/configs/memory.el (source)...
Loading /root/.emacs.d/configs/file-guard.el (source)...
Loading /root/.emacs.d/configs/tool-limits.el (source)...
Loading /root/.emacs.d/configs/tasks.el (source)...
Loading /root/.emacs.d/configs/mcp.el (source)...
Loading /root/.emacs.d/init.d/shared/iar-utils.el (source)...
Loading /root/.emacs.d/init.d/shared/iar-agent-utils.el (source)...
Loading /root/.emacs.d/init.d/core/iar-locale.el (source)...
Loading /root/.emacs.d/init.d/core/iar-package-setup.el (source)...
Loading /root/.emacs.d/init.d/core/iar-ui-cleanup.el (source)...
Loading /root/.emacs.d/init.d/core/iar-evil-mode.el (source)...
Loading /root/.emacs.d/init.d/core/iar-gptel-setup.el (source)...
[gptel] Using fork from /root/.emacs.d/gptel-fork (overriding ELPA package)
Loading /root/.emacs.d/configs/gptel.el (source)...
Loading /root/.emacs.d/init.d/core/iar-mcp-setup.el (source)...
Loading /root/.emacs.d/init.d/tool-call/iar-malformed-args.el (source)...
Loading /root/.emacs.d/init.d/tool-call/iar-tool-call.el (source)...
[tool-call] Layer installed
Loading /root/.emacs.d/init.d/tool-call/iar-tool-result-timestamp.el (source)...
Loading /root/.emacs.d/init.d/tool-call/iar-tool-result-budget.el (source)...
Loading /root/.emacs.d/init.d/tool-call/iar-request-log.el (source)...
[request-log] Witness installed
Loading /root/.emacs.d/init.d/tool-call/iar-context-fence.el (source)...
Loading /root/.emacs.d/init.d/tool-call/iar-msgs-fence.el (source)...
Loading /root/.emacs.d/init.d/tool-call/iar-request-watchdog.el (source)...
[watchdog] Request watchdog installed
Loading /root/.emacs.d/init.d/tool-call/iar-thinking-loop-guard.el (source)...
[thinking-loop-guard] installed (enabled=t, max-chars=16000)
Loading /root/.emacs.d/init.d/tool-call/iar-text-mode-detector.el (source)...
Loading /root/.emacs.d/init.d/agent/iar-prompt-loader.el (source)...
Loading /root/.emacs.d/init.d/core/iar-mount-awareness.el (source)...
Loading /root/.emacs.d/init.d/core/iar-rate-limit.el (source)...
Loading /root/.emacs.d/init.d/security/iar-output-sanitizer.el (source)...
Loading /root/.emacs.d/init.d/security/iar-file-guard.el (source)...
Loading /root/.emacs.d/init.d/security/iar-audit-log.el (source)...
Loading /root/.emacs.d/init.d/security/iar-loop-guard.el (source)...
Loading /root/.emacs.d/init.d/security/iar-loop-guard-chain.el (source)...
Loading /root/.emacs.d/init.d/security/iar-tool-guard.el (source)...
Loading /root/.emacs.d/init.d/security/iar-utf8-scrub.el (source)...
Loading /root/.emacs.d/init.d/tools/filesystem/list_directory.el (source)...
Loading /root/.emacs.d/init.d/tools/filesystem/read_file.el (source)...
Loading /root/.emacs.d/init.d/tools/filesystem/write_file.el (source)...
Loading /root/.emacs.d/init.d/tools/filesystem/append_file.el (source)...
Loading /root/.emacs.d/init.d/tools/code/execute_code_local.el (source)...
Loading /root/.emacs.d/init.d/tools/code/execute_code_remote.el (source)...
Loading /root/.emacs.d/init.d/tools/code/check_elisp.el (source)...
Loading /root/.emacs.d/init.d/tools/tasks/read_task.el (source)...
Loading /root/.emacs.d/init.d/tools/tasks/create_task.el (source)...
Loading /root/.emacs.d/init.d/tools/tasks/write_subtask.el (source)...
Loading /root/.emacs.d/init.d/tools/tasks/remove_task.el (source)...
Loading /root/.emacs.d/init.d/tools/tasks/read_history.el (source)...
Loading /root/.emacs.d/init.d/tools/tasks/read_roadmap.el (source)...
Loading /root/.emacs.d/init.d/tools/tasks/write_roadmap.el (source)...
Loading /root/.emacs.d/init.d/tools/notify/telegram.el (source)...
Loading /root/.emacs.d/init.d/tools/git/git_commit.el (source)...
Loading /root/.emacs.d/init.d/tools/knowledge/read_knowledge.el (source)...
Loading /root/.emacs.d/init.d/agent/iar-project-parser.el (source)...
Loading /root/.emacs.d/init.d/agent/iar-prompt-assembly.el (source)...
Loading /root/.emacs.d/init.d/agent/iar-agent-loader.el (source)...
Loading /root/.emacs.d/init.d/agent/iar-knowledge-loader.el (source)...
Loading /root/.emacs.d/init.d/agent/iar-buffer-info.el (source)...
Loading /root/.emacs.d/init.d/tools/agent/delegate.el (source)...
Loading /root/.emacs.d/init.d/tools/agent/reload_os.el (source)...
Loading /root/.emacs.d/init.d/tools/agent/reload_agent.el (source)...
Loading /root/.emacs.d/init.d/tools/agent/read_own_prompt.el (source)...
Loading /root/.emacs.d/init.d/agent/iar-guidelines-checker.el (source)...
Loading /root/.emacs.d/init.d/agent/iar-agent-cycle.el (source)...
Loading /root/.emacs.d/init.d/debug/iar-status-mode.el (source)...
[status-mode] Installed
Loading /root/.emacs.d/init.d/session/iar-quit.el (source)...
[aria] Starting cycle with 3600s timeout (archetype: aria-cycle, project: iar, cycle: aria_daily)
[assembly] DIGEST [iar/aria] HARD CAP: 19409 > 16000 chars, truncating to tail
[aria] Assembled prompt: 48842 chars (~12210 tokens), 21 tools
[aria] Sending cycle prompt to aria agent...
Querying Ollama...
[aria] Same-tool warning: 100 calls to execute_code_local this cycle -- one call blocked with notice
Mark set

In iar--delegate-content-only:
delegate.el:270:2: Warning: docstring has wrong usage of unescaped single quotes (use \=' or different quoting such as `...')
delegate.el: Error: End of file during parsing
Mark set

In toplevel form:
delegate.el: Error: End of file during parsing

In toplevel form:
../../../test/test-delegate.el:978:10: Warning: Unused lexical variable ‘delegate-tool’
../../../test/test-delegate.el:982:37: Warning: reference to free variable ‘delegate-tool-stub’

In end of data:
../../../test/test-delegate.el:1115:27: Warning: the function ‘iar--delegate-content-only’ is not known to be defined.
[aria] Tool-call budget warning (150/300) -- one call blocked with notice
[aria] Msgs soft cap warning (msgs 401 >= 400) -- one call blocked with notice
[aria] Cycle complete. Turns: 1, Tool calls: 214, Exit: 0
Tokens: 14862919 in / 44041 out / 14906960 total
Requests: 215
